사고번호,사고일시,요일,시군구,사고내용,사망자수,중상자수,경상자수,부상신고자수,사고유형,법규위반,노면상태,기상상태,도로형태,가해운전자 차종,가해운전자 성별,가해운전자 연령,가해운전자 상해정도,피해운전자 차종,피해운전자 성별,피해운전자 연령,피해운전자 상해정도
2021013000100164,2021년 1월 30일 12시,토요일,대전광역시 중구 안영동,경상사고,0,0,1,0,차대차 - 측면충돌,안전거리미확보,건조,맑음,교차로 - 교차로부근,승용,남,23세,상해없음,승용,남,65세,경상
2021013000100165,2021년 1월 30일 12시,토요일,대전광역시 서구 갈마동,경상사고,0,0,1,0,차대사람 - 기타,안전운전불이행,건조,맑음,기타 - 기타,이륜,남,34세,상해없음,보행자,남,29세,경상
2021013000100166,2021년 1월 30일 12시,토요일,대전광역시 서구 탄방동,경상사고,0,0,6,0,차대차 - 기타,안전거리미확보,건조,맑음,기타 - 기타,승용,여,77세,경상,승용,여,49세,경상
2021013000100201,2021년 1월 30일 13시,토요일,대전광역시 대덕구 와동,중상사고,0,1,2,0,차대차 - 추돌,안전운전불이행,건조,맑음,단일로 - 기타,승용,남,59세,중상,승용,여,51세,경상
2021013000100278,2021년 1월 30일 15시,토요일,대전광역시 중구 오류동,경상사고,0,0,1,0,차대사람 - 기타,안전운전불이행,건조,맑음,단일로 - 기타,승용,남,46세,상해없음,보행자,여,59세,경상
2021013000100279,2021년 1월 30일 15시,토요일,대전광역시 서구 괴정동,경상사고,0,0,1,0,차대차 - 추돌,안전운전불이행,건조,맑음,단일로 - 기타,승용,남,50세,기타불명,이륜,남,33세,경상
2021013000100280,2021년 1월 30일 15시,토요일,대전광역시 서구 월평동,경상사고,0,0,1,0,차량단독 - 기타,기타,건조,맑음,단일로 - 기타,승용,남,74세,기타불명,,,,
2021013000100324,2021년 1월 30일 16시,토요일,대전광역시 서구 복수동,경상사고,0,0,1,0,차대차 - 기타,신호위반,건조,맑음,교차로 - 교차로부근,기타불명,기타불명,미분류,기타불명,승용,남,40세,경상
2021013000100349,2021년 1월 30일 17시,토요일,대전광역시 동구 홍도동,경상사고,0,0,1,0,차대차 - 후진중충돌,안전운전불이행,건조,맑음,교차로 - 교차로부근,승용,여,45세,상해없음,이륜,남,21세,경상
2021013000100350,2021년 1월 30일 17시,토요일,대전광역시 서구 월평동,경상사고,0,0,1,0,차대차 - 측면충돌,교차로운행방법위반,건조,맑음,교차로 - 교차로안,승용,남,25세,상해없음,승용,남,41세,경상
2021013000100397,2021년 1월 30일 18시,토요일,대전광역시 유성구 관평동,경상사고,0,0,3,0,차대차 - 기타,안전거리미확보,건조,맑음,단일로 - 기타,승용,여,41세,상해없음,승용,남,45세,경상
2021013000100435,2021년 1월 30일 19시,토요일,대전광역시 서구 괴정동,경상사고,0,0,1,0,차대차 - 추돌,안전운전불이행,건조,맑음,단일로 - 기타,승용,남,29세,상해없음,승용,남,29세,경상
2021013000100474,2021년 1월 30일 20시,토요일,대전광역시 중구 대흥동,경상사고,0,0,3,0,차대차 - 기타,안전운전불이행,건조,맑음,교차로 - 교차로안,승용,남,64세,상해없음,승용,남,23세,경상
2021013000100475,2021년 1월 30일 20시,토요일,대전광역시 서구 둔산동,경상사고,0,0,1,0,차대사람 - 기타,안전운전불이행,건조,맑음,교차로 - 교차로안,승용,남,31세,상해없음,보행자,남,28세,경상
2021013000100560,2021년 1월 30일 23시,토요일,대전광역시 중구 유천동,경상사고,0,0,1,0,차대차 - 추돌,안전운전불이행,건조,맑음,단일로 - 기타,승용,남,55세,기타불명,승용,여,51세,경상
2021013100100024,2021년 1월 31일 02시,일요일,대전광역시 중구 오류동,경상사고,0,0,4,0,차대차 - 측면충돌,안전운전불이행,건조,맑음,교차로 - 교차로안,승용,남,25세,상해없음,승용,여,30세,경상
2021013100100029,2021년 1월 31일 03시,일요일,대전광역시 유성구 장대동,경상사고,0,0,1,0,차대차 - 추돌,교차로운행방법위반,건조,맑음,교차로 - 교차로부근,승용,여,40세,상해없음,이륜,남,34세,경상
2021013100100060,2021년 1월 31일 09시,일요일,대전광역시 중구 오류동,경상사고,0,0,2,0,차대차 - 측면충돌,안전거리미확보,건조,맑음,단일로 - 기타,이륜,남,24세,경상,승용,여,42세,경상
2021013100100115,2021년 1월 31일 12시,일요일,대전광역시 동구 가양동,중상사고,0,1,0,0,차대차 - 측면충돌,안전거리미확보,건조,맑음,단일로 - 기타,승용,여,22세,상해없음,이륜,남,59세,중상
2021013100100195,2021년 1월 31일 15시,일요일,대전광역시 서구 만년동,경상사고,0,0,1,0,차대차 - 추돌,안전운전불이행,건조,맑음,교차로 - 교차로부근,승용,남,56세,상해없음,승용,남,43세,경상
2021013100100225,2021년 1월 31일 16시,일요일,대전광역시 동구 성남동,경상사고,0,0,5,0,차대차 - 측면충돌,안전거리미확보,건조,맑음,단일로 - 기타,승용,여,58세,경상,승용,남,19세,경상
2021013100100248,2021년 1월 31일 17시,일요일,대전광역시 서구 둔산동,경상사고,0,0,1,0,차대차 - 기타,중앙선침범,젖음/습기,흐림,단일로 - 기타,승용,남,29세,상해없음,이륜,남,32세,경상
2021013100100290,2021년 1월 31일 18시,일요일,대전광역시 동구 원동,경상사고,0,0,2,0,차대차 - 추돌,안전운전불이행,건조,맑음,단일로 - 교량,승용,남,41세,상해없음,승용,남,57세,경상
2021013100100329,2021년 1월 31일 20시,일요일,대전광역시 유성구 탑립동,경상사고,0,0,1,0,차대차 - 측면충돌,안전운전불이행,건조,맑음,단일로 - 기타,특수,남,53세,상해없음,승용,남,37세,경상
2021013100100335,2021년 1월 31일 20시,일요일,대전광역시 서구 둔산동,경상사고,0,0,3,0,차대차 - 기타,중앙선침범,건조,맑음,교차로 - 교차로부근,화물,남,39세,상해없음,승용,남,27세,경상
2021013100100362,2021년 1월 31일 21시,일요일,대전광역시 중구 문화동,경상사고,0,0,1,0,차대사람 - 횡단중,보행자보호의무위반,건조,맑음,교차로 - 교차로횡단보도내,승용,여,51세,상해없음,보행자,남,37세,경상
2021013100100383,2021년 1월 31일 23시,일요일,대전광역시 유성구 궁동,경상사고,0,0,1,0,차대차 - 추돌,안전운전불이행,건조,맑음,단일로 - 기타,승합,남,30세,상해없음,승합,남,51세,경상
2021020100100021,2021년 2월 1일 05시,월요일,대전광역시 유성구 학하동,경상사고,0,0,3,0,차대차 - 기타,기타,젖음/습기,흐림,교차로 - 교차로안,승용,남,38세,경상,화물,여,60세,경상
2021020100100036,2021년 2월 1일 06시,월요일,대전광역시 동구 구도동,중상사고,0,1,0,0,차대차 - 기타,신호위반,건조,맑음,교차로 - 교차로안,승용,여,54세,상해없음,승합,남,52세,중상
2021020100100061,2021년 2월 1일 07시,월요일,대전광역시 서구 만년동,경상사고,0,0,2,0,차대차 - 기타,신호위반,젖음/습기,흐림,단일로 - 지하차도(도로)내,승용,남,54세,상해없음,화물,남,41세,경상
2021020100100093,2021년 2월 1일 08시,월요일,대전광역시 서구 둔산동,경상사고,0,0,1,0,차대차 - 기타,교차로운행방법위반,건조,맑음,단일로 - 기타,승용,남,49세,상해없음,승용,남,30세,경상
2021020100100094,2021년 2월 1일 08시,월요일,대전광역시 유성구 원내동,경상사고,0,0,1,0,차대차 - 기타,안전운전불이행,건조,맑음,교차로 - 교차로부근,승용,여,60세,상해없음,승용,남,53세,경상
2021020100100130,2021년 2월 1일 10시,월요일,대전광역시 서구 둔산동,경상사고,0,0,2,0,차대차 - 측면충돌,교차로운행방법위반,건조,맑음,교차로 - 교차로안,화물,남,74세,상해없음,승용,여,51세,경상
2021020100100159,2021년 2월 1일 11시,월요일,대전광역시 중구 문화동,중상사고,0,1,0,0,차대차 - 기타,안전거리미확보,건조,맑음,교차로 - 교차로부근,화물,남,66세,상해없음,승용,남,36세,중상
2021020100100184,2021년 2월 1일 12시,월요일,대전광역시 동구 중동,경상사고,0,0,1,0,차대사람 - 횡단중,보행자보호의무위반,건조,맑음,단일로 - 기타,화물,남,64세,상해없음,보행자,남,70세,경상
2021020100100185,2021년 2월 1일 12시,월요일,대전광역시 서구 월평동,경상사고,0,0,1,0,차대차 - 측면충돌,안전운전불이행,건조,맑음,교차로 - 교차로안,자전거,여,28세,경상,승용,남,50세,상해없음
2021020100100261,2021년 2월 1일 15시,월요일,대전광역시 중구 대흥동,경상사고,0,0,4,0,차대차 - 기타,안전거리미확보,건조,맑음,단일로 - 기타,승용,여,41세,상해없음,승용,남,21세,경상
2021020100100282,2021년 2월 1일 16시,월요일,대전광역시 동구 가양동,중상사고,0,1,0,0,차대차 - 측면충돌,신호위반,건조,맑음,교차로 - 교차로안,승용,남,57세,상해없음,승용,남,55세,중상
2021020100100370,2021년 2월 1일 18시,월요일,대전광역시 중구 문화동,중상사고,0,1,0,0,차대차 - 기타,안전거리미확보,건조,맑음,단일로 - 기타,화물,남,61세,상해없음,이륜,남,49세,중상
2021020100100416,2021년 2월 1일 19시,월요일,대전광역시 동구 대동,중상사고,0,1,0,0,차대차 - 기타,안전거리미확보,건조,맑음,교차로 - 교차로부근,승용,남,57세,상해없음,이륜,남,37세,중상
2021020100100417,2021년 2월 1일 19시,월요일,대전광역시 서구 관저동,경상사고,0,0,1,0,차대차 - 추돌,안전운전불이행,건조,맑음,기타 - 기타,승용,남,51세,상해없음,이륜,남,50세,경상
2021020100100418,2021년 2월 1일 19시,월요일,대전광역시 서구 괴정동,경상사고,0,0,1,0,차대사람 - 기타,안전운전불이행,건조,맑음,교차로 - 교차로부근,승용,여,32세,상해없음,보행자,남,65세,경상
2021020100100450,2021년 2월 1일 20시,월요일,대전광역시 동구 자양동,경상사고,0,0,4,0,차대차 - 추돌,안전운전불이행,건조,맑음,단일로 - 기타,승용,남,50세,상해없음,승용,남,61세,경상
2021020100100451,2021년 2월 1일 20시,월요일,대전광역시 대덕구 오정동,중상사고,0,1,2,0,차대차 - 기타,안전운전불이행,건조,맑음,교차로 - 교차로안,화물,남,59세,상해없음,승용,남,29세,중상
2021020100100483,2021년 2월 1일 21시,월요일,대전광역시 중구 오류동,중상사고,0,3,0,0,차대차 - 정면충돌,신호위반,건조,맑음,교차로 - 교차로안,승용,남,58세,상해없음,승용,남,24세,중상
2021020100100484,2021년 2월 1일 21시,월요일,대전광역시 중구 태평동,경상사고,0,0,1,0,차대차 - 추돌,안전운전불이행,건조,맑음,단일로 - 기타,승용,남,27세,상해없음,승용,남,22세,경상
2021020100100485,2021년 2월 1일 21시,월요일,대전광역시 서구 둔산동,경상사고,0,0,1,0,차대사람 - 기타,안전운전불이행,건조,맑음,단일로 - 기타,승용,남,22세,상해없음,보행자,남,23세,경상
2021020100100504,2021년 2월 1일 22시,월요일,대전광역시 유성구 원촌동,경상사고,0,0,1,0,차대차 - 추돌,안전운전불이행,건조,맑음,단일로 - 기타,승용,남,46세,상해없음,승용,여,38세,경상
2021020200100005,2021년 2월 2일 00시,화요일,대전광역시 중구 문화동,부상신고사고,0,0,0,1,차대차 - 기타,중앙선침범,건조,맑음,단일로 - 기타,이륜,남,20세,부상신고,승용,남,54세,기타불명
2021020200100008,2021년 2월 2일 01시,화요일,대전광역시 서구 용문동,경상사고,0,0,1,0,차대차 - 측면충돌,교차로운행방법위반,건조,맑음,교차로 - 교차로안,승용,남,49세,상해없음,승용,남,25세,경상
2021020200100047,2021년 2월 2일 07시,화요일,대전광역시 동구 대동,경상사고,0,0,1,0,차대사람 - 길가장자리구역통행중,안전운전불이행,건조,맑음,교차로 - 교차로안,승용,남,65세,상해없음,보행자,여,61세,경상
2021020200100073,2021년 2월 2일 08시,화요일,대전광역시 유성구 관평동,경상사고,0,0,1,0,차대차 - 측면충돌,안전운전불이행,건조,맑음,교차로 - 교차로부근,승합,남,48세,상해없음,승용,남,47세,경상
2021020200100097,2021년 2월 2일 09시,화요일,대전광역시 서구 용문동,경상사고,0,0,3,0,차대차 - 추돌,안전운전불이행,건조,맑음,교차로 - 교차로부근,승용,남,60세,경상,승용,남,68세,경상
2021020200100122,2021년 2월 2일 10시,화요일,대전광역시 대덕구 와동,중상사고,0,1,0,0,차량단독 - 기타,안전운전불이행,건조,맑음,단일로 - 기타,승합,남,53세,기타불명,,,,
2021020200100123,2021년 2월 2일 10시,화요일,대전광역시 서구 둔산동,경상사고,0,0,2,0,차대차 - 기타,안전거리미확보,건조,맑음,단일로 - 기타,승용,남,37세,경상,승용,남,42세,경상
2021020200100124,2021년 2월 2일 10시,화요일,대전광역시 서구 둔산동,경상사고,0,0,2,0,차대차 - 기타,교차로운행방법위반,건조,맑음,교차로 - 교차로부근,승용,여,37세,기타불명,승합,남,49세,경상
2021020200100155,2021년 2월 2일 11시,화요일,대전광역시 서구 가장동,경상사고,0,0,1,0,차대차 - 측면충돌,안전운전불이행,건조,맑음,단일로 - 기타,화물,남,63세,상해없음,승용,남,32세,경상
2021020200100206,2021년 2월 2일 13시,화요일,대전광역시 서구 월평동,경상사고,0,0,1,0,차대차 - 측면충돌,안전운전불이행,건조,맑음,교차로 - 교차로부근,승용,남,70세,상해없음,승용,여,23세,경상
2021020200100207,2021년 2월 2일 13시,화요일,대전광역시 서구 둔산동,경상사고,0,0,1,0,차대차 - 기타,신호위반,건조,맑음,교차로 - 교차로안,승용,남,44세,상해없음,승용,남,36세,경상
2021020200100243,2021년 2월 2일 14시,화요일,대전광역시 중구 은행동,중상사고,0,1,1,0,차대차 - 측면충돌,신호위반,건조,맑음,교차로 - 교차로안,승용,남,67세,상해없음,승용,남,69세,중상
2021020200100343,2021년 2월 2일 17시,화요일,대전광역시 대덕구 중리동,경상사고,0,0,1,0,차대차 - 기타,안전운전불이행,건조,맑음,단일로 - 기타,승용,여,38세,상해없음,승합,남,55세,상해없음
2021020200100373,2021년 2월 2일 18시,화요일,대전광역시 유성구 용산동,경상사고,0,0,1,0,차대사람 - 횡단중,신호위반,건조,맑음,교차로 - 교차로부근,승용,남,57세,상해없음,보행자,남,27세,경상
2021020200100411,2021년 2월 2일 19시,화요일,대전광역시 서구 만년동,경상사고,0,0,1,0,차대차 - 기타,안전운전불이행,건조,맑음,교차로 - 교차로안,승용,남,55세,상해없음,승용,남,31세,경상
2021020200100412,2021년 2월 2일 19시,화요일,대전광역시 유성구 지족동,중상사고,0,1,2,0,차대차 - 측면충돌,안전운전불이행,건조,맑음,교차로 - 교차로안,이륜,남,38세,중상,승용,여,39세,경상
2021020200100413,2021년 2월 2일 19시,화요일,대전광역시 유성구 봉명동,경상사고,0,0,1,0,차대차 - 기타,안전거리미확보,건조,맑음,단일로 - 기타,승용,여,41세,상해없음,이륜,남,32세,경상
2021020200100502,2021년 2월 2일 22시,화요일,대전광역시 동구 천동,경상사고,0,0,1,0,차대차 - 기타,교차로운행방법위반,건조,맑음,교차로 - 교차로횡단보도내,화물,남,43세,상해없음,이륜,남,22세,경상
2021020300100007,2021년 2월 3일 02시,수요일,대전광역시 서구 갈마동,경상사고,0,0,1,0,차대차 - 기타,신호위반,적설,눈,단일로 - 지하차도(도로)내,기타불명,기타불명,미분류,기타불명,승용,남,59세,상해없음
2021020300100073,2021년 2월 3일 08시,수요일,대전광역시 대덕구 신대동,경상사고,0,0,1,0,차대차 - 추돌,안전운전불이행,건조,맑음,단일로 - 기타,승용,여,47세,상해없음,승용,여,30세,경상
2021020300100074,2021년 2월 3일 08시,수요일,대전광역시 대덕구 법동,경상사고,0,0,1,0,차대차 - 측면충돌,신호위반,건조,맑음,교차로 - 교차로안,승합,남,60세,상해없음,승용,남,68세,경상
2021020300100106,2021년 2월 3일 09시,수요일,대전광역시 동구 비룡동,중상사고,0,1,0,0,차대사람 - 보도통행중,기타,건조,맑음,단일로 - 기타,이륜,남,67세,상해없음,보행자,여,63세,중상
2021020300100156,2021년 2월 3일 11시,수요일,대전광역시 대덕구 오정동,부상신고사고,0,0,0,3,차대차 - 추돌,교차로운행방법위반,건조,맑음,교차로 - 교차로안,승용,남,50세,상해없음,승용,남,58세,부상신고
2021020300100157,2021년 2월 3일 11시,수요일,대전광역시 유성구 장대동,경상사고,0,0,1,0,차대차 - 측면충돌,안전운전불이행,건조,맑음,교차로 - 교차로안,승용,남,66세,상해없음,이륜,남,21세,경상
2021020300100185,2021년 2월 3일 12시,수요일,대전광역시 서구 둔산동,경상사고,0,0,1,0,차대차 - 추돌,기타,건조,맑음,교차로 - 교차로부근,승용,남,54세,기타불명,기타불명,기타불명,미분류,기타불명
2021020300100186,2021년 2월 3일 12시,수요일,대전광역시 유성구 방동,경상사고,0,0,4,0,차대차 - 추돌,안전거리미확보,건조,맑음,단일로 - 교량,승용,남,51세,상해없음,승용,남,31세,경상
2021020300100187,2021년 2월 3일 12시,수요일,대전광역시 유성구 덕진동,경상사고,0,0,1,0,차대차 - 측면충돌,차로위반,건조,맑음,교차로 - 교차로부근,승용,여,43세,기타불명,화물,남,59세,경상
2021020300100215,2021년 2월 3일 13시,수요일,대전광역시 서구 월평동,경상사고,0,0,1,0,차대차 - 측면충돌,안전거리미확보,건조,맑음,교차로 - 교차로안,승합,남,58세,상해없음,승용,남,60세,경상
2021020300100245,2021년 2월 3일 14시,수요일,대전광역시 서구 월평동,경상사고,0,0,1,0,차대차 - 후진중충돌,안전운전불이행,건조,맑음,교차로 - 교차로안,화물,남,25세,상해없음,승용,남,56세,경상
2021020300100293,2021년 2월 3일 15시,수요일,대전광역시 중구 문창동,경상사고,0,0,1,0,차대차 - 측면충돌,안전거리미확보,건조,맑음,단일로 - 기타,승용,여,56세,상해없음,승용,남,48세,경상
2021020300100367,2021년 2월 3일 17시,수요일,대전광역시 동구 대동,경상사고,0,0,1,0,차대사람 - 차도통행중,중앙선침범,건조,맑음,단일로 - 기타,승용,남,63세,상해없음,보행자,여,45세,경상
2021020300100427,2021년 2월 3일 18시,수요일,대전광역시 중구 은행동,경상사고,0,0,1,0,차대사람 - 기타,안전운전불이행,건조,맑음,단일로 - 기타,기타불명,기타불명,미분류,기타불명,보행자,여,36세,경상
2021020300100494,2021년 2월 3일 20시,수요일,대전광역시 중구 문창동,사망사고,1,0,0,0,차대사람 - 기타,안전운전불이행,건조,맑음,단일로 - 기타,화물,남,60세,상해없음,보행자,남,55세,사망
2021020300100495,2021년 2월 3일 20시,수요일,대전광역시 서구 변동,경상사고,0,0,1,0,차대사람 - 기타,안전운전불이행,건조,맑음,단일로 - 기타,승용,여,33세,상해없음,보행자,남,37세,경상
2021020300100535,2021년 2월 3일 21시,수요일,대전광역시 동구 홍도동,경상사고,0,0,2,0,차대차 - 측면충돌,안전운전불이행,건조,맑음,교차로 - 교차로부근,승용,남,70세,상해없음,승용,여,63세,상해없음
2021020300100536,2021년 2월 3일 21시,수요일,대전광역시 유성구 관평동,경상사고,0,0,1,0,차대차 - 후진중충돌,안전운전불이행,건조,흐림,교차로 - 교차로부근,승용,남,44세,상해없음,승용,남,36세,경상
2021020300100576,2021년 2월 3일 23시,수요일,대전광역시 서구 가장동,경상사고,0,0,1,0,차대차 - 추돌,안전운전불이행,건조,맑음,교차로 - 교차로부근,승용,남,35세,상해없음,승용,남,41세,경상
2021020400100060,2021년 2월 4일 07시,목요일,대전광역시 유성구 노은동,경상사고,0,0,1,0,차대차 - 측면충돌,중앙선침범,젖음/습기,흐림,단일로 - 기타,승용,남,69세,상해없음,승용,남,25세,경상
2021020400100252,2021년 2월 4일 12시,목요일,대전광역시 대덕구 중리동,경상사고,0,0,1,0,차대차 - 기타,안전운전불이행,건조,맑음,교차로 - 교차로부근,승용,여,62세,상해없음,이륜,남,41세,경상
2021020400100326,2021년 2월 4일 14시,목요일,대전광역시 서구 갈마동,경상사고,0,0,1,0,차대차 - 기타,안전거리미확보,건조,맑음,단일로 - 기타,승용,남,24세,상해없음,승용,여,59세,경상
2021020400100327,2021년 2월 4일 14시,목요일,대전광역시 유성구 노은동,경상사고,0,0,1,0,차대차 - 기타,안전운전불이행,건조,맑음,교차로 - 교차로부근,이륜,남,65세,경상,승용,남,62세,상해없음
2021020400100328,2021년 2월 4일 14시,목요일,대전광역시 유성구 구암동,경상사고,0,0,2,0,차대차 - 기타,안전운전불이행,건조,맑음,단일로 - 기타,화물,남,78세,상해없음,화물,남,54세,경상
2021020400100361,2021년 2월 4일 15시,목요일,대전광역시 유성구 지족동,경상사고,0,0,3,0,차대차 - 정면충돌,안전운전불이행,건조,맑음,교차로 - 교차로안,승용,여,39세,경상,승용,여,26세,경상
2021020400100406,2021년 2월 4일 16시,목요일,대전광역시 서구 괴정동,경상사고,0,0,1,0,차대차 - 기타,안전운전불이행,건조,맑음,단일로 - 기타,특수,남,60세,상해없음,특수,남,51세,기타불명
2021020400100444,2021년 2월 4일 17시,목요일,대전광역시 유성구 원신흥동,경상사고,0,0,1,0,차대사람 - 횡단중,보행자보호의무위반,건조,맑음,교차로 - 교차로횡단보도내,승용,남,43세,상해없음,보행자,남,25세,경상
2021020400100515,2021년 2월 4일 19시,목요일,대전광역시 대덕구 신탄진동,중상사고,0,1,0,0,차대차 - 기타,기타,건조,맑음,단일로 - 기타,승용,남,51세,기타불명,이륜,남,51세,중상
2021020400100516,2021년 2월 4일 19시,목요일,대전광역시 대덕구 송촌동,경상사고,0,0,1,0,차대차 - 측면충돌,교차로운행방법위반,건조,맑음,교차로 - 교차로안,승용,남,19세,기타불명,승용,남,43세,경상
2021020400100541,2021년 2월 4일 20시,목요일,대전광역시 중구 선화동,경상사고,0,0,1,0,차대차 - 기타,안전운전불이행,건조,맑음,단일로 - 기타,승용,남,25세,상해없음,승용,남,27세,경상
2021020400100542,2021년 2월 4일 20시,목요일,대전광역시 동구 대성동,중상사고,0,1,0,0,차대차 - 측면충돌,신호위반,건조,맑음,교차로 - 교차로안,화물,남,55세,상해없음,이륜,남,23세,중상
2021020400100543,2021년 2월 4일 20시,목요일,대전광역시 서구 갈마동,경상사고,0,0,2,0,차대차 - 측면충돌,교차로운행방법위반,건조,맑음,교차로 - 교차로안,승용,남,68세,상해없음,승용,여,34세,경상
2021020400100544,2021년 2월 4일 20시,목요일,대전광역시 유성구 궁동,경상사고,0,0,1,0,차대차 - 측면충돌,중앙선침범,건조,맑음,단일로 - 기타,승용,남,53세,상해없음,이륜,남,53세,경상
2021020400100590,2021년 2월 4일 21시,목요일,대전광역시 대덕구 오정동,부상신고사고,0,0,0,1,차량단독 - 공작물충돌,안전운전불이행,건조,맑음,교차로 - 교차로부근,승용,여,47세,부상신고,,,,
2021020400100591,2021년 2월 4일 21시,목요일,대전광역시 서구 둔산동,경상사고,0,0,1,0,차대사람 - 차도통행중,안전운전불이행,건조,맑음,단일로 - 기타,승용,남,22세,기타불명,보행자,남,21세,경상
2021020400100592,2021년 2월 4일 21시,목요일,대전광역시 유성구 원내동,경상사고,0,0,4,0,차대차 - 추돌,안전운전불이행,건조,맑음,교차로 - 교차로부근,화물,남,69세,기타불명,승용,남,26세,경상
2021020400100628,2021년 2월 4일 23시,목요일,대전광역시 서구 관저동,중상사고,0,1,0,0,차대사람 - 기타,안전운전불이행,건조,맑음,단일로 - 기타,승용,남,63세,상해없음,보행자,남,74세,중상
2021020500100048,2021년 2월 5일 07시,금요일,대전광역시 서구 도마동,경상사고,0,0,1,0,차대차 - 측면충돌,안전운전불이행,건조,맑음,교차로 - 교차로부근,화물,남,56세,상해없음,승용,여,38세,경상
2021020500100064,2021년 2월 5일 08시,금요일,대전광역시 대덕구 연축동,경상사고,0,0,1,0,차대차 - 측면충돌,차로위반,건조,맑음,단일로 - 기타,화물,남,42세,상해없음,승용,남,53세,경상
2021020500100075,2021년 2월 5일 08시,금요일,대전광역시 동구 용전동,중상사고,0,1,0,0,차대사람 - 기타,안전운전불이행,건조,맑음,교차로 - 교차로안,승용,남,46세,상해없음,보행자,여,56세,중상
2021020500100076,2021년 2월 5일 08시,금요일,대전광역시 유성구 용산동,경상사고,0,0,2,0,차대차 - 기타,안전운전불이행,건조,맑음,단일로 - 교량,승용,여,54세,상해없음,승용,여,38세,경상
2021020500100155,2021년 2월 5일 11시,금요일,대전광역시 서구 둔산동,중상사고,0,1,0,0,차대차 - 기타,안전운전불이행,건조,맑음,교차로 - 교차로횡단보도내,승용,여,46세,상해없음,자전거,여,49세,중상
2021020500100190,2021년 2월 5일 12시,금요일,대전광역시 동구 구도동,경상사고,0,0,1,0,차대차 - 기타,신호위반,건조,맑음,교차로 - 교차로안,화물,남,28세,상해없음,승합,남,31세,경상
2021020500100239,2021년 2월 5일 13시,금요일,대전광역시 대덕구 신대동,경상사고,0,0,4,0,차대차 - 추돌,안전운전불이행,건조,맑음,단일로 - 기타,승용,여,56세,상해없음,승용,남,43세,경상
2021020500100240,2021년 2월 5일 13시,금요일,대전광역시 서구 둔산동,경상사고,0,0,1,0,차대사람 - 기타,안전운전불이행,건조,맑음,교차로 - 교차로부근,승용,남,45세,상해없음,보행자,남,24세,경상
2021020500100281,2021년 2월 5일 14시,금요일,대전광역시 중구 유천동,경상사고,0,0,1,0,차대차 - 측면충돌,안전운전불이행,건조,맑음,교차로 - 교차로부근,자전거,남,71세,경상,승용,여,31세,상해없음
2021020500100282,2021년 2월 5일 14시,금요일,대전광역시 동구 성남동,경상사고,0,0,1,0,차대차 - 추돌,안전운전불이행,건조,맑음,단일로 - 기타,승용,남,55세,상해없음,승용,남,52세,경상
2021020500100317,2021년 2월 5일 15시,금요일,대전광역시 중구 산성동,경상사고,0,0,1,0,차대사람 - 기타,기타,건조,맑음,기타 - 기타,화물,남,71세,기타불명,보행자,여,63세,경상
2021020500100411,2021년 2월 5일 17시,금요일,대전광역시 대덕구 신탄진동,중상사고,0,1,0,0,차대차 - 기타,중앙선침범,건조,맑음,교차로 - 교차로부근,승용,남,60세,상해없음,이륜,남,30세,중상
2021020500100412,2021년 2월 5일 17시,금요일,대전광역시 서구 둔산동,중상사고,0,1,0,0,차대사람 - 횡단중,신호위반,건조,맑음,교차로 - 교차로부근,승용,남,53세,상해없음,보행자,남,16세,중상
2021020500100413,2021년 2월 5일 17시,금요일,대전광역시 유성구 장대동,경상사고,0,0,1,0,차대차 - 기타,안전운전불이행,건조,맑음,단일로 - 기타,승용,남,65세,상해없음,승용,남,59세,경상
2021020500100465,2021년 2월 5일 18시,금요일,대전광역시 동구 홍도동,경상사고,0,0,1,0,차대차 - 측면충돌,교차로운행방법위반,건조,맑음,교차로 - 교차로안,승용,여,43세,상해없음,이륜,남,52세,경상
2021020500100466,2021년 2월 5일 18시,금요일,대전광역시 대덕구 목상동,경상사고,0,0,1,0,차대차 - 측면충돌,안전거리미확보,건조,맑음,단일로 - 기타,화물,남,57세,상해없음,승용,남,38세,경상
2021020500100467,2021년 2월 5일 18시,금요일,대전광역시 유성구 봉명동,경상사고,0,0,3,2,차대차 - 기타,안전운전불이행,건조,맑음,교차로 - 교차로안,승용,여,38세,경상,승용,남,36세,경상
2021020500100525,2021년 2월 5일 19시,금요일,대전광역시 대덕구 중리동,경상사고,0,0,1,0,차대차 - 기타,안전거리미확보,젖음/습기,흐림,단일로 - 기타,승용,남,22세,상해없음,이륜,남,33세,경상
2021020500100526,2021년 2월 5일 19시,금요일,대전광역시 서구 둔산동,중상사고,0,1,0,0,차대차 - 측면충돌,중앙선침범,건조,맑음,단일로 - 기타,승용,남,41세,상해없음,이륜,남,18세,중상
2021020500100572,2021년 2월 5일 20시,금요일,대전광역시 대덕구 덕암동,경상사고,0,0,1,0,차대사람 - 횡단중,신호위반,건조,맑음,교차로 - 교차로안,승용,여,36세,상해없음,보행자,여,52세,경상
2021020500100619,2021년 2월 5일 21시,금요일,대전광역시 동구 자양동,경상사고,0,0,1,0,차대사람 - 횡단중,안전운전불이행,건조,맑음,단일로 - 기타,승용,남,20세,상해없음,보행자,남,16세,경상