사고번호,사고일시,요일,시군구,사고내용,사망자수,중상자수,경상자수,부상신고자수,사고유형,법규위반,노면상태,기상상태,도로형태,가해운전자 차종,가해운전자 성별,가해운전자 연령,가해운전자 상해정도,피해운전자 차종,피해운전자 성별,피해운전자 연령,피해운전자 상해정도
2021020500100662,2021년 2월 5일 23시,금요일,대전광역시 대덕구 오정동,경상사고,0,0,2,0,차대차 - 추돌,안전운전불이행,건조,맑음,단일로 - 기타,승용,남,47세,상해없음,승용,여,35세,경상
2021020600100039,2021년 2월 6일 06시,토요일,대전광역시 동구 정동,경상사고,0,0,1,0,차대사람 - 횡단중,안전운전불이행,서리/결빙,맑음,단일로 - 기타,승용,남,49세,상해없음,보행자,남,52세,경상
2021020600100057,2021년 2월 6일 08시,토요일,대전광역시 유성구 봉명동,부상신고사고,0,0,0,1,차대차 - 기타,안전거리미확보,건조,맑음,기타 - 기타,승용,남,58세,상해없음,승용,남,45세,부상신고
2021020600100072,2021년 2월 6일 09시,토요일,대전광역시 대덕구 오정동,중상사고,0,1,0,0,차대사람 - 기타,안전운전불이행,건조,맑음,기타 - 기타,농기계,남,50세,상해없음,보행자,여,77세,중상
2021020600100123,2021년 2월 6일 11시,토요일,대전광역시 동구 용운동,경상사고,0,0,1,0,차대차 - 측면충돌,안전운전불이행,건조,맑음,단일로 - 기타,승합,남,52세,상해없음,승용,여,58세,경상
2021020600100150,2021년 2월 6일 12시,토요일,대전광역시 동구 가양동,경상사고,0,0,1,0,차대사람 - 기타,기타,건조,맑음,단일로 - 기타,승용,남,32세,상해없음,보행자,남,8세,경상
2021020600100152,2021년 2월 6일 12시,토요일,대전광역시 서구 탄방동,경상사고,0,0,1,0,차대차 - 기타,안전운전불이행,건조,맑음,단일로 - 기타,기타불명,기타불명,미분류,기타불명,화물,남,32세,경상
2021020600100235,2021년 2월 6일 14시,토요일,대전광역시 서구 둔산동,경상사고,0,0,1,0,차대사람 - 차도통행중,안전운전불이행,건조,맑음,교차로 - 교차로안,화물,남,43세,상해없음,보행자,남,58세,경상
2021020600100263,2021년 2월 6일 15시,토요일,대전광역시 중구 오류동,경상사고,0,0,1,0,차대차 - 기타,교차로운행방법위반,건조,맑음,교차로 - 교차로안,승용,여,54세,상해없음,자전거,남,79세,경상
2021020600100294,2021년 2월 6일 16시,토요일,대전광역시 서구 괴정동,경상사고,0,0,1,0,차대차 - 기타,불법유턴,건조,맑음,단일로 - 기타,승용,남,62세,상해없음,이륜,남,30세,경상
2021020600100295,2021년 2월 6일 16시,토요일,대전광역시 대덕구 오정동,경상사고,0,0,2,0,차대차 - 측면충돌,교차로운행방법위반,건조,흐림,교차로 - 교차로안,승용,남,34세,경상,승용,남,53세,경상
2021020600100296,2021년 2월 6일 16시,토요일,대전광역시 유성구 원내동,경상사고,0,0,1,0,차대차 - 측면충돌,중앙선침범,건조,맑음,단일로 - 기타,승용,남,71세,상해없음,이륜,남,58세,경상
2021020600100329,2021년 2월 6일 17시,토요일,대전광역시 동구 홍도동,경상사고,0,0,1,0,차대차 - 후진중충돌,안전운전불이행,건조,맑음,단일로 - 기타,승용,남,61세,상해없음,이륜,남,34세,경상
2021020600100370,2021년 2월 6일 18시,토요일,대전광역시 유성구 송강동,경상사고,0,0,2,0,차대차 - 기타,안전운전불이행,건조,맑음,기타 - 기타,승용,남,63세,상해없음,승용,남,55세,경상
2021020600100371,2021년 2월 6일 18시,토요일,대전광역시 유성구 신성동,경상사고,0,0,1,0,차대사람 - 횡단중,보행자보호의무위반,건조,맑음,교차로 - 교차로부근,승용,남,58세,상해없음,보행자,여,26세,경상
2021020600100409,2021년 2월 6일 19시,토요일,대전광역시 대덕구 송촌동,사망사고,1,0,0,0,차대사람 - 차도통행중,기타,건조,맑음,단일로 - 기타,승용,남,66세,상해없음,보행자,남,58세,사망
2021020600100410,2021년 2월 6일 19시,토요일,대전광역시 유성구 장대동,경상사고,0,0,1,0,차대차 - 기타,신호위반,건조,맑음,교차로 - 교차로부근,승용,남,46세,상해없음,이륜,남,33세,경상
2021020600100479,2021년 2월 6일 21시,토요일,대전광역시 중구 오류동,경상사고,0,0,1,0,차대차 - 측면충돌,중앙선침범,건조,맑음,교차로 - 교차로부근,승용,남,28세,상해없음,이륜,여,35세,경상
2021020600100505,2021년 2월 6일 22시,토요일,대전광역시 서구 가수원동,경상사고,0,0,1,0,차대사람 - 기타,안전운전불이행,건조,맑음,단일로 - 기타,승용,여,29세,상해없음,보행자,남,45세,경상
2021020600100506,2021년 2월 6일 22시,토요일,대전광역시 서구 내동,경상사고,0,0,2,0,차대차 - 측면충돌,안전운전불이행,건조,맑음,단일로 - 기타,승용,남,23세,상해없음,승용,남,22세,경상
2021020600100517,2021년 2월 6일 23시,토요일,대전광역시 유성구 관평동,중상사고,0,2,2,0,차대차 - 기타,안전운전불이행,젖음/습기,맑음,단일로 - 기타,승용,남,23세,상해없음,승용,여,56세,경상
2021020700100015,2021년 2월 7일 00시,일요일,대전광역시 동구 가양동,경상사고,0,0,2,0,차대차 - 추돌,안전운전불이행,건조,맑음,교차로 - 교차로안,승용,남,54세,상해없음,승용,여,51세,경상
2021020700100098,2021년 2월 7일 11시,일요일,대전광역시 동구 정동,경상사고,0,0,1,0,차대차 - 기타,안전거리미확보,건조,맑음,단일로 - 기타,이륜,남,56세,상해없음,승합,남,61세,상해없음
2021020700100117,2021년 2월 7일 12시,일요일,대전광역시 동구 상소동,중상사고,0,1,2,0,차대차 - 기타,안전운전불이행,건조,맑음,교차로 - 교차로안,승용,남,53세,경상,화물,남,48세,중상
2021020700100144,2021년 2월 7일 13시,일요일,대전광역시 유성구 탑립동,경상사고,0,0,2,0,차대차 - 기타,신호위반,건조,맑음,교차로 - 교차로안,이륜,남,19세,상해없음,승용,남,59세,경상
2021020700100206,2021년 2월 7일 15시,일요일,대전광역시 서구 둔산동,경상사고,0,0,1,0,차대차 - 측면충돌,안전거리미확보,건조,맑음,단일로 - 기타,승용,여,43세,상해없음,이륜,남,41세,경상
2021020700100207,2021년 2월 7일 15시,일요일,대전광역시 서구 만년동,경상사고,0,0,1,0,차대차 - 측면충돌,안전운전불이행,건조,맑음,기타 - 기타,자전거,남,18세,상해없음,자전거,여,42세,경상
2021020700100240,2021년 2월 7일 16시,일요일,대전광역시 대덕구 신탄진동,경상사고,0,0,4,0,차대차 - 측면충돌,중앙선침범,건조,맑음,단일로 - 기타,승용,남,74세,상해없음,승용,남,55세,경상
2021020700100264,2021년 2월 7일 17시,일요일,대전광역시 동구 삼성동,경상사고,0,0,2,0,차대차 - 기타,안전거리미확보,건조,맑음,교차로 - 교차로안,승용,남,50세,상해없음,승용,남,51세,경상
2021020700100265,2021년 2월 7일 17시,일요일,대전광역시 유성구 봉명동,경상사고,0,0,1,0,차대차 - 추돌,안전운전불이행,건조,맑음,교차로 - 교차로안,승용,남,64세,상해없음,승용,남,39세,경상
2021020700100292,2021년 2월 7일 18시,일요일,대전광역시 서구 갈마동,경상사고,0,0,1,0,차대차 - 기타,안전운전불이행,건조,맑음,교차로 - 교차로안,승용,남,23세,상해없음,이륜,남,22세,경상
2021020700100332,2021년 2월 7일 19시,일요일,대전광역시 서구 탄방동,경상사고,0,0,1,0,차대차 - 기타,안전운전불이행,건조,맑음,교차로 - 교차로안,승용,남,49세,상해없음,이륜,남,51세,경상
2021020700100358,2021년 2월 7일 20시,일요일,대전광역시 서구 갈마동,부상신고사고,0,0,0,1,차량단독 - 기타,안전운전불이행,건조,맑음,단일로 - 지하차도(도로)내,이륜,남,43세,부상신고,,,,
2021020700100359,2021년 2월 7일 20시,일요일,대전광역시 유성구 봉명동,경상사고,0,0,1,0,차대차 - 추돌,안전거리미확보,건조,맑음,단일로 - 기타,이륜,남,22세,기타불명,이륜,남,26세,경상
2021020700100393,2021년 2월 7일 22시,일요일,대전광역시 유성구 하기동,경상사고,0,0,1,0,차대차 - 추돌,안전운전불이행,건조,맑음,단일로 - 기타,특수,남,43세,상해없음,화물,남,41세,상해없음
2021020700100398,2021년 2월 7일 22시,일요일,대전광역시 서구 도안동,경상사고,0,0,5,0,차대차 - 측면충돌,교차로운행방법위반,건조,맑음,교차로 - 교차로안,승용,남,22세,상해없음,승용,여,46세,경상
2021020700100399,2021년 2월 7일 22시,일요일,대전광역시 서구 둔산동,경상사고,0,0,1,0,차대차 - 기타,안전운전불이행,건조,맑음,교차로 - 교차로부근,승용,남,53세,상해없음,승용,남,39세,경상
2021020800100004,2021년 2월 8일 00시,월요일,대전광역시 서구 둔산동,중상사고,0,1,0,0,차대사람 - 횡단중,보행자보호의무위반,건조,맑음,교차로 - 교차로횡단보도내,승용,남,73세,상해없음,보행자,여,62세,중상
2021020800100053,2021년 2월 8일 07시,월요일,대전광역시 중구 오류동,경상사고,0,0,1,0,차대차 - 측면충돌,신호위반,건조,맑음,교차로 - 교차로안,승용,남,73세,기타불명,승용,남,37세,경상
2021020800100096,2021년 2월 8일 08시,월요일,대전광역시 중구 산성동,경상사고,0,0,1,0,차대차 - 기타,안전운전불이행,건조,맑음,교차로 - 교차로안,승용,남,49세,상해없음,화물,남,46세,경상
2021020800100097,2021년 2월 8일 08시,월요일,대전광역시 서구 도안동,경상사고,0,0,4,0,차대차 - 추돌,안전거리미확보,건조,맑음,단일로 - 기타,승용,남,23세,경상,승용,남,64세,경상
2021020800100098,2021년 2월 8일 08시,월요일,대전광역시 유성구 덕명동,경상사고,0,0,1,0,차량단독 - 기타,안전거리미확보,건조,맑음,교차로 - 교차로부근,승합,남,53세,상해없음,,,,
2021020800100197,2021년 2월 8일 11시,월요일,대전광역시 중구 대흥동,경상사고,0,0,1,0,차대차 - 기타,교차로운행방법위반,건조,맑음,교차로 - 교차로부근,승용,남,24세,상해없음,승합,남,50세,상해없음
2021020800100244,2021년 2월 8일 12시,월요일,대전광역시 중구 대사동,경상사고,0,0,1,0,차대차 - 기타,안전운전불이행,건조,맑음,교차로 - 교차로안,승용,여,57세,기타불명,승용,남,60세,경상
2021020800100245,2021년 2월 8일 12시,월요일,대전광역시 서구 괴정동,경상사고,0,0,2,0,차대차 - 후진중충돌,안전운전불이행,건조,맑음,교차로 - 교차로안,승용,남,41세,경상,승용,여,33세,경상
2021020800100246,2021년 2월 8일 12시,월요일,대전광역시 서구 도안동,중상사고,0,1,1,0,차대차 - 기타,신호위반,건조,맑음,교차로 - 교차로안,승용,남,28세,상해없음,화물,남,66세,중상
2021020800100247,2021년 2월 8일 12시,월요일,대전광역시 대덕구 오정동,경상사고,0,0,2,0,차대차 - 측면충돌,안전운전불이행,건조,맑음,단일로 - 기타,화물,남,58세,상해없음,승용,여,44세,경상
2021020800100248,2021년 2월 8일 12시,월요일,대전광역시 서구 갈마동,경상사고,0,0,1,0,차대사람 - 길가장자리구역통행중,안전운전불이행,건조,맑음,단일로 - 기타,승용,남,53세,상해없음,보행자,여,22세,경상
2021020800100293,2021년 2월 8일 13시,월요일,대전광역시 서구 도마동,경상사고,0,0,1,0,차대차 - 기타,안전거리미확보,건조,맑음,단일로 - 기타,승용,남,54세,상해없음,승용,여,35세,경상
2021020800100368,2021년 2월 8일 15시,월요일,대전광역시 유성구 봉명동,부상신고사고,0,0,0,1,차대차 - 측면충돌,교차로운행방법위반,건조,맑음,교차로 - 교차로부근,승용,남,61세,상해없음,화물,남,40세,부상신고
2021020800100407,2021년 2월 8일 16시,월요일,대전광역시 서구 탄방동,경상사고,0,0,2,0,차대차 - 기타,신호위반,건조,맑음,교차로 - 교차로안,승용,남,67세,기타불명,승용,남,33세,경상
2021020800100454,2021년 2월 8일 17시,월요일,대전광역시 서구 도안동,경상사고,0,0,1,0,차대차 - 기타,안전운전불이행,건조,맑음,교차로 - 교차로부근,승용,남,28세,상해없음,승용,남,33세,경상
2021020800100455,2021년 2월 8일 17시,월요일,대전광역시 대덕구 덕암동,경상사고,0,0,1,0,차대차 - 측면충돌,교차로운행방법위반,건조,맑음,교차로 - 교차로안,승용,남,61세,상해없음,승합,남,56세,경상
2021020800100456,2021년 2월 8일 17시,월요일,대전광역시 유성구 구암동,중상사고,0,1,0,0,차대사람 - 횡단중,안전운전불이행,건조,맑음,단일로 - 교량,이륜,남,42세,상해없음,보행자,남,61세,중상
2021020800100503,2021년 2월 8일 18시,월요일,대전광역시 서구 월평동,경상사고,0,0,1,0,차대차 - 측면충돌,안전운전불이행,건조,맑음,교차로 - 교차로안,승용,남,25세,상해없음,승용,남,63세,경상
2021020800100504,2021년 2월 8일 18시,월요일,대전광역시 유성구 봉명동,중상사고,0,1,0,0,차대차 - 기타,직진우회전진행방해,건조,맑음,교차로 - 교차로안,화물,남,57세,상해없음,이륜,남,31세,중상
2021020800100582,2021년 2월 8일 20시,월요일,대전광역시 동구 홍도동,경상사고,0,0,5,0,차대차 - 측면충돌,교차로운행방법위반,건조,맑음,교차로 - 교차로부근,승용,여,35세,경상,승용,여,23세,경상
2021020800100658,2021년 2월 8일 23시,월요일,대전광역시 대덕구 신일동,경상사고,0,0,1,0,차대차 - 기타,안전거리미확보,젖음/습기,흐림,단일로 - 교량,승용,남,67세,상해없음,승용,남,61세,상해없음
2021020900100009,2021년 2월 9일 01시,화요일,대전광역시 서구 용문동,경상사고,0,0,1,0,차대차 - 측면충돌,신호위반,건조,맑음,교차로 - 교차로안,이륜,남,63세,상해없음,승용,남,27세,경상
2021020900100062,2021년 2월 9일 07시,화요일,대전광역시 서구 정림동,경상사고,0,0,2,0,차대차 - 측면충돌,기타,건조,맑음,교차로 - 교차로안,승용,남,24세,상해없음,승용,여,49세,경상
2021020900100093,2021년 2월 9일 08시,화요일,대전광역시 대덕구 오정동,중상사고,0,1,0,0,차대차 - 기타,교차로운행방법위반,건조,맑음,교차로 - 교차로안,화물,남,69세,상해없음,승용,여,25세,중상
2021020900100123,2021년 2월 9일 09시,화요일,대전광역시 서구 도마동,경상사고,0,0,2,0,차대차 - 측면충돌,안전운전불이행,건조,맑음,교차로 - 교차로안,승용,남,72세,상해없음,승용,남,54세,경상
2021020900100173,2021년 2월 9일 10시,화요일,대전광역시 중구 오류동,경상사고,0,0,2,0,차대차 - 측면충돌,신호위반,건조,맑음,교차로 - 교차로안,화물,남,66세,상해없음,승용,남,75세,경상
2021020900100174,2021년 2월 9일 10시,화요일,대전광역시 유성구 노은동,경상사고,0,0,2,0,차대차 - 추돌,안전운전불이행,건조,맑음,단일로 - 기타,화물,남,42세,상해없음,화물,남,42세,경상
2021020900100207,2021년 2월 9일 11시,화요일,대전광역시 대덕구 오정동,경상사고,0,0,1,0,차대차 - 기타,직진우회전진행방해,건조,맑음,교차로 - 교차로안,화물,남,59세,상해없음,승용,남,52세,경상
2021020900100208,2021년 2월 9일 11시,화요일,대전광역시 서구 월평동,경상사고,0,0,1,0,차대차 - 측면충돌,기타,건조,맑음,단일로 - 기타,승용,남,46세,상해없음,승용,여,60세,경상
2021020900100209,2021년 2월 9일 11시,화요일,대전광역시 유성구 구성동,경상사고,0,0,1,0,차대차 - 기타,중앙선침범,건조,맑음,교차로 - 교차로부근,승용,여,58세,상해없음,승용,남,56세,경상
2021020900100241,2021년 2월 9일 12시,화요일,대전광역시 중구 산성동,경상사고,0,0,1,0,차대사람 - 보도통행중,기타,건조,맑음,단일로 - 기타,승용,남,72세,상해없음,보행자,여,84세,경상
2021020900100242,2021년 2월 9일 12시,화요일,대전광역시 서구 관저동,경상사고,0,0,1,0,차대차 - 측면충돌,교차로운행방법위반,건조,맑음,교차로 - 교차로안,승용,남,35세,상해없음,승용,여,34세,경상
2021020900100243,2021년 2월 9일 12시,화요일,대전광역시 서구 둔산동,경상사고,0,0,1,0,차대차 - 기타,안전운전불이행,건조,맑음,교차로 - 교차로부근,승용,남,55세,상해없음,승용,여,46세,경상
2021020900100270,2021년 2월 9일 13시,화요일,대전광역시 대덕구 석봉동,경상사고,0,0,1,0,차대차 - 측면충돌,안전운전불이행,건조,맑음,단일로 - 지하차도(도로)내,승용,남,19세,상해없음,화물,남,60세,경상
2021020900100337,2021년 2월 9일 14시,화요일,대전광역시 서구 가장동,경상사고,0,0,1,0,차대차 - 측면충돌,안전운전불이행,건조,맑음,단일로 - 기타,기타불명,기타불명,미분류,기타불명,승용,남,55세,상해없음
2021020900100338,2021년 2월 9일 14시,화요일,대전광역시 서구 둔산동,경상사고,0,0,1,0,차량단독 - 기타,안전운전불이행,건조,맑음,교차로 - 교차로부근,승합,남,55세,상해없음,,,,
2021020900100385,2021년 2월 9일 15시,화요일,대전광역시 유성구 장대동,경상사고,0,0,1,0,차대차 - 후진중충돌,안전운전불이행,건조,맑음,단일로 - 기타,승용,여,39세,상해없음,승용,여,34세,경상
2021020900100426,2021년 2월 9일 16시,화요일,대전광역시 동구 용전동,경상사고,0,0,2,0,차대차 - 정면충돌,신호위반,건조,맑음,교차로 - 교차로안,승용,남,48세,상해없음,승용,여,26세,경상
2021020900100427,2021년 2월 9일 16시,화요일,대전광역시 서구 변동,중상사고,0,1,0,0,차량단독 - 기타,안전운전불이행,건조,맑음,단일로 - 기타,승합,남,53세,상해없음,,,,
2021020900100428,2021년 2월 9일 16시,화요일,대전광역시 대덕구 법동,경상사고,0,0,1,0,차대차 - 기타,안전운전불이행,건조,맑음,교차로 - 교차로부근,승용,남,55세,상해없음,승용,남,25세,경상
2021020900100528,2021년 2월 9일 18시,화요일,대전광역시 대덕구 중리동,경상사고,0,0,1,0,차대차 - 기타,안전거리미확보,건조,맑음,단일로 - 기타,기타불명,기타불명,미분류,기타불명,승용,여,32세,경상
2021020900100529,2021년 2월 9일 18시,화요일,대전광역시 유성구 화암동,경상사고,0,0,1,0,차대차 - 측면충돌,안전운전불이행,건조,맑음,교차로 - 교차로안,화물,남,47세,상해없음,승용,여,32세,경상
2021020900100530,2021년 2월 9일 18시,화요일,대전광역시 유성구 궁동,경상사고,0,0,1,0,차대사람 - 기타,안전운전불이행,건조,맑음,단일로 - 기타,승용,여,24세,상해없음,보행자,남,32세,경상
2021020900100581,2021년 2월 9일 19시,화요일,대전광역시 중구 대흥동,경상사고,0,0,4,0,차대차 - 기타,직진우회전진행방해,건조,맑음,교차로 - 교차로안,이륜,남,24세,경상,승용,남,50세,경상
2021020900100582,2021년 2월 9일 19시,화요일,대전광역시 대덕구 송촌동,경상사고,0,0,1,0,차대차 - 기타,안전운전불이행,건조,맑음,교차로 - 교차로안,승용,여,24세,상해없음,원동기,남,32세,경상
2021020900100583,2021년 2월 9일 19시,화요일,대전광역시 유성구 송강동,중상사고,0,1,0,0,차대차 - 측면충돌,안전운전불이행,건조,맑음,교차로 - 교차로안,이륜,남,29세,상해없음,이륜,남,32세,중상
2021020900100636,2021년 2월 9일 20시,화요일,대전광역시 중구 대흥동,경상사고,0,0,1,0,차대차 - 기타,안전운전불이행,건조,맑음,단일로 - 기타,승용,여,60세,상해없음,이륜,남,29세,경상
2021020900100637,2021년 2월 9일 20시,화요일,대전광역시 중구 대사동,경상사고,0,0,2,0,차대차 - 기타,안전운전불이행,건조,맑음,단일로 - 기타,승용,여,37세,상해없음,승용,여,59세,경상
2021020900100723,2021년 2월 9일 22시,화요일,대전광역시 대덕구 오정동,중상사고,0,1,2,0,차대차 - 기타,신호위반,건조,맑음,교차로 - 교차로안,승용,남,32세,상해없음,승용,남,65세,경상
2021020900100724,2021년 2월 9일 22시,화요일,대전광역시 서구 갈마동,경상사고,0,0,1,0,차대차 - 측면충돌,안전운전불이행,건조,맑음,단일로 - 기타,승용,남,41세,상해없음,개인형이동수단(PM),여,16세,경상
2021020900100725,2021년 2월 9일 22시,화요일,대전광역시 유성구 송강동,경상사고,0,0,1,0,차대차 - 추돌,안전운전불이행,건조,맑음,기타 - 기타,승용,남,35세,기타불명,승용,남,35세,경상
2021020900100738,2021년 2월 9일 23시,화요일,대전광역시 대덕구 송촌동,경상사고,0,0,1,0,차대차 - 기타,안전운전불이행,젖음/습기,맑음,단일로 - 기타,승용,남,31세,상해없음,원동기,남,35세,경상
2021020900100739,2021년 2월 9일 23시,화요일,대전광역시 유성구 봉명동,경상사고,0,0,1,0,차대차 - 측면충돌,중앙선침범,건조,맑음,교차로 - 교차로부근,승용,남,39세,상해없음,승용,남,48세,경상
2021021000100053,2021년 2월 10일 06시,수요일,대전광역시 중구 부사동,부상신고사고,0,0,0,1,차대차 - 기타,중앙선침범,건조,맑음,단일로 - 기타,자전거,남,24세,부상신고,승용,남,35세,상해없음
2021021000100071,2021년 2월 10일 07시,수요일,대전광역시 중구 오류동,경상사고,0,0,1,0,차대차 - 기타,안전운전불이행,건조,흐림,단일로 - 기타,승용,여,44세,상해없음,승용,남,54세,경상
2021021000100107,2021년 2월 10일 08시,수요일,대전광역시 서구 관저동,경상사고,0,0,1,0,차대사람 - 횡단중,보행자보호의무위반,건조,맑음,교차로 - 교차로횡단보도내,승용,남,60세,상해없음,보행자,여,79세,경상
2021021000100108,2021년 2월 10일 08시,수요일,대전광역시 유성구 도룡동,경상사고,0,0,1,0,차대차 - 측면충돌,안전운전불이행,건조,맑음,교차로 - 교차로안,화물,남,78세,상해없음,승용,남,26세,경상
2021021000100132,2021년 2월 10일 09시,수요일,대전광역시 동구 용전동,경상사고,0,0,2,0,차대차 - 정면충돌,신호위반,건조,맑음,교차로 - 교차로안,승용,남,51세,상해없음,승용,남,70세,경상
2021021000100167,2021년 2월 10일 10시,수요일,대전광역시 대덕구 신탄진동,경상사고,0,0,1,0,차대사람 - 기타,보행자보호의무위반,건조,맑음,교차로 - 교차로부근,승용,남,53세,기타불명,보행자,남,61세,경상
2021021000100168,2021년 2월 10일 10시,수요일,대전광역시 유성구 신성동,경상사고,0,0,1,0,차대차 - 추돌,안전운전불이행,건조,맑음,단일로 - 기타,승용,남,34세,상해없음,승용,남,25세,경상
2021021000100244,2021년 2월 10일 12시,수요일,대전광역시 서구 괴정동,경상사고,0,0,1,0,차대차 - 추돌,안전운전불이행,건조,맑음,단일로 - 교량,승용,여,56세,상해없음,승용,여,27세,경상
2021021000100330,2021년 2월 10일 14시,수요일,대전광역시 대덕구 상서동,부상신고사고,0,0,0,1,차대차 - 기타,안전운전불이행,건조,맑음,기타 - 기타,자전거,남,36세,부상신고,승용,남,65세,상해없음
2021021000100331,2021년 2월 10일 14시,수요일,대전광역시 서구 둔산동,경상사고,0,0,1,0,차대차 - 기타,신호위반,건조,맑음,교차로 - 교차로안,승용,여,60세,상해없음,승용,남,41세,경상
2021021000100332,2021년 2월 10일 14시,수요일,대전광역시 유성구 원내동,중상사고,0,1,0,0,차대사람 - 횡단중,보행자보호의무위반,건조,맑음,교차로 - 교차로횡단보도내,화물,남,73세,상해없음,보행자,여,66세,중상
2021021000100370,2021년 2월 10일 15시,수요일,대전광역시 중구 문화동,경상사고,0,0,2,0,차대차 - 기타,안전운전불이행,건조,맑음,기타 - 기타,화물,남,54세,상해없음,화물,남,74세,경상
2021021000100371,2021년 2월 10일 15시,수요일,대전광역시 대덕구 평촌동,경상사고,0,0,1,0,차대차 - 기타,안전운전불이행,건조,맑음,단일로 - 기타,화물,남,48세,상해없음,승용,남,35세,경상
2021021000100372,2021년 2월 10일 15시,수요일,대전광역시 대덕구 상서동,경상사고,0,0,3,0,차대차 - 측면충돌,안전운전불이행,건조,맑음,단일로 - 기타,화물,남,60세,경상,승용,남,52세,경상
2021021000100373,2021년 2월 10일 15시,수요일,대전광역시 유성구 방현동,부상신고사고,0,0,0,1,차대차 - 측면충돌,교차로운행방법위반,건조,맑음,교차로 - 교차로부근,승용,여,38세,상해없음,승용,남,41세,부상신고
2021021000100416,2021년 2월 10일 16시,수요일,대전광역시 중구 정생동,경상사고,0,0,2,0,차대차 - 기타,신호위반,건조,맑음,교차로 - 교차로안,승용,여,53세,상해없음,승용,남,40세,경상
2021021000100417,2021년 2월 10일 16시,수요일,대전광역시 서구 둔산동,경상사고,0,0,2,0,차대차 - 측면충돌,안전운전불이행,건조,맑음,단일로 - 기타,승용,남,66세,상해없음,승용,남,26세,경상
2021021000100654,2021년 2월 10일 20시,수요일,대전광역시 동구 대동,경상사고,0,0,1,0,차대차 - 측면충돌,안전거리미확보,건조,맑음,교차로 - 교차로안,승용,남,46세,상해없음,승용,남,48세,경상
2021021000100655,2021년 2월 10일 20시,수요일,대전광역시 서구 둔산동,경상사고,0,0,1,0,차대차 - 추돌,안전운전불이행,건조,맑음,단일로 - 기타,승용,남,46세,상해없음,개인형이동수단(PM),여,20세,경상
2021021000100656,2021년 2월 10일 20시,수요일,대전광역시 유성구 봉명동,경상사고,0,0,2,0,차대차 - 기타,신호위반,건조,맑음,교차로 - 교차로안,승용,남,52세,상해없음,승합,남,48세,경상
2021021000100705,2021년 2월 10일 21시,수요일,대전광역시 서구 도마동,경상사고,0,0,1,0,차대사람 - 길가장자리구역통행중,안전운전불이행,건조,맑음,교차로 - 교차로안,승용,남,36세,상해없음,보행자,남,53세,경상
2021021100100023,2021년 2월 11일 01시,목요일,대전광역시 동구 정동,경상사고,0,0,2,0,차대차 - 측면충돌,교차로운행방법위반,건조,맑음,교차로 - 교차로부근,승용,남,51세,상해없음,승용,남,66세,상해없음
2021021100100024,2021년 2월 11일 01시,목요일,대전광역시 서구 월평동,중상사고,0,1,0,0,차대사람 - 횡단중,안전운전불이행,건조,맑음,단일로 - 기타,승용,남,31세,상해없음,보행자,남,35세,중상
2021021100100025,2021년 2월 11일 01시,목요일,대전광역시 유성구 복용동,경상사고,0,0,1,0,차대차 - 기타,신호위반,건조,맑음,교차로 - 교차로안,승용,여,22세,상해없음,승용,남,27세,경상
2021021100100039,2021년 2월 11일 05시,목요일,대전광역시 서구 둔산동,경상사고,0,0,1,0,차대차 - 측면충돌,신호위반,건조,맑음,교차로 - 교차로안,승용,남,41세,상해없음,승용,남,64세,경상
2021021100100122,2021년 2월 11일 12시,목요일,대전광역시 서구 가수원동,경상사고,0,0,1,0,차량단독 - 기타,안전운전불이행,건조,맑음,단일로 - 기타,승합,남,62세,상해없음,,,,
2021021100100123,2021년 2월 11일 12시,목요일,대전광역시 대덕구 오정동,경상사고,0,0,1,0,차대차 - 측면충돌,안전운전불이행,건조,흐림,교차로 - 교차로부근,승용,남,68세,상해없음,승용,남,41세,경상
2021021100100148,2021년 2월 11일 13시,목요일,대전광역시 서구 괴정동,경상사고,0,0,1,0,차대차 - 정면충돌,안전운전불이행,건조,맑음,교차로 - 교차로안,화물,남,60세,상해없음,이륜,남,44세,경상
2021021100100149,2021년 2월 11일 13시,목요일,대전광역시 서구 용문동,경상사고,0,0,1,0,차대차 - 측면충돌,안전운전불이행,건조,맑음,교차로 - 교차로부근,승용,남,66세,상해없음,이륜,남,27세,경상
2021021100100150,2021년 2월 11일 13시,목요일,대전광역시 서구 월평동,경상사고,0,0,1,0,차대차 - 측면충돌,중앙선침범,건조,맑음,교차로 - 교차로부근,승용,남,50세,상해없음,이륜,남,32세,경상
2021021100100283,2021년 2월 11일 19시,목요일,대전광역시 유성구 죽동,경상사고,0,0,1,0,차대차 - 추돌,안전거리미확보,건조,맑음,단일로 - 지하차도(도로)내,승용,남,29세,상해없음,승용,여,26세,경상
2021021100100284,2021년 2월 11일 19시,목요일,대전광역시 유성구 죽동,중상사고,0,1,2,0,차대차 - 측면충돌,신호위반,건조,맑음,단일로 - 지하차도(도로)내,승용,남,24세,상해없음,승용,남,30세,중상
2021021100100369,2021년 2월 11일 23시,목요일,대전광역시 서구 변동,경상사고,0,0,4,0,차대차 - 추돌,안전운전불이행,건조,맑음,단일로 - 기타,승용,남,32세,상해없음,승용,남,55세,경상
2021021200100054,2021년 2월 12일 10시,금요일,대전광역시 중구 문창동,경상사고,0,0,5,0,차대차 - 기타,직진우회전진행방해,건조,맑음,단일로 - 기타,승용,남,55세,기타불명,승용,남,61세,경상