사고번호,사고일시,요일,시군구,사고내용,사망자수,중상자수,경상자수,부상신고자수,사고유형,법규위반,노면상태,기상상태,도로형태,가해운전자 차종,가해운전자 성별,가해운전자 연령,가해운전자 상해정도,피해운전자 차종,피해운전자 성별,피해운전자 연령,피해운전자 상해정도
2021022500100536,2021년 2월 25일 23시,목요일,대전광역시 서구 만년동,경상사고,0,0,1,0,차대차 - 측면충돌,신호위반,건조,맑음,교차로 - 교차로안,승용,남,34세,상해없음,승용,남,41세,경상
2021022600100028,2021년 2월 26일 03시,금요일,대전광역시 유성구 죽동,사망사고,1,0,0,0,차대차 - 추돌,안전운전불이행,젖음/습기,맑음,단일로 - 기타,승용,남,42세,사망,화물,남,40세,기타불명
2021022600100069,2021년 2월 26일 07시,금요일,대전광역시 대덕구 오정동,경상사고,0,0,1,0,차대차 - 기타,안전운전불이행,건조,맑음,단일로 - 기타,승용,남,27세,상해없음,승용,여,46세,경상
2021022600100094,2021년 2월 26일 08시,금요일,대전광역시 유성구 탑립동,경상사고,0,0,1,0,차대차 - 기타,안전운전불이행,건조,흐림,교차로 - 교차로안,승용,남,30세,기타불명,승용,남,27세,경상
2021022600100150,2021년 2월 26일 10시,금요일,대전광역시 동구 대동,경상사고,0,0,1,0,차대차 - 기타,안전운전불이행,건조,맑음,단일로 - 기타,화물,남,60세,상해없음,승합,남,51세,경상
2021022600100151,2021년 2월 26일 10시,금요일,대전광역시 서구 괴정동,경상사고,0,0,1,0,차대차 - 기타,안전운전불이행,건조,맑음,교차로 - 교차로부근,승용,남,69세,상해없음,승용,남,23세,경상
2021022600100152,2021년 2월 26일 10시,금요일,대전광역시 유성구 구암동,경상사고,0,0,2,0,차대차 - 기타,안전운전불이행,건조,맑음,기타 - 기타,화물,남,47세,상해없음,승용,남,57세,경상
2021022600100188,2021년 2월 26일 11시,금요일,대전광역시 서구 정림동,경상사고,0,0,2,0,차대차 - 측면충돌,안전운전불이행,건조,맑음,단일로 - 기타,승용,남,73세,상해없음,승용,남,57세,경상
2021022600100214,2021년 2월 26일 12시,금요일,대전광역시 중구 대흥동,경상사고,0,0,1,0,차대차 - 기타,기타,건조,맑음,기타 - 기타,승용,남,84세,기타불명,승합,남,52세,상해없음
2021022600100215,2021년 2월 26일 12시,금요일,대전광역시 서구 둔산동,경상사고,0,0,1,0,차대차 - 기타,안전운전불이행,건조,맑음,교차로 - 교차로안,승용,여,34세,상해없음,이륜,남,32세,경상
2021022600100216,2021년 2월 26일 12시,금요일,대전광역시 서구 탄방동,경상사고,0,0,1,0,차대차 - 기타,안전운전불이행,건조,맑음,교차로 - 교차로부근,승용,여,57세,상해없음,이륜,남,43세,경상
2021022600100217,2021년 2월 26일 12시,금요일,대전광역시 유성구 도룡동,중상사고,0,1,0,0,차대차 - 정면충돌,중앙선침범,건조,맑음,단일로 - 기타,승용,남,71세,기타불명,건설기계,남,40세,중상
2021022600100254,2021년 2월 26일 13시,금요일,대전광역시 유성구 구암동,중상사고,0,1,0,0,차대차 - 측면충돌,안전운전불이행,건조,맑음,단일로 - 기타,승용,남,70세,상해없음,이륜,남,43세,중상
2021022600100365,2021년 2월 26일 16시,금요일,대전광역시 동구 대동,경상사고,0,0,2,0,차대차 - 기타,불법유턴,건조,맑음,교차로 - 교차로안,승용,남,59세,상해없음,승용,남,32세,경상
2021022600100366,2021년 2월 26일 16시,금요일,대전광역시 유성구 장대동,경상사고,0,0,1,0,차대차 - 기타,신호위반,건조,맑음,교차로 - 교차로안,승용,남,58세,상해없음,승용,남,51세,상해없음
2021022600100400,2021년 2월 26일 17시,금요일,대전광역시 대덕구 오정동,경상사고,0,0,1,0,차대사람 - 횡단중,안전운전불이행,건조,맑음,단일로 - 기타,승합,남,63세,기타불명,보행자,남,72세,경상
2021022600100401,2021년 2월 26일 17시,금요일,대전광역시 유성구 학하동,경상사고,0,0,3,1,차대차 - 추돌,신호위반,건조,맑음,교차로 - 교차로안,승용,여,55세,상해없음,승합,남,49세,상해없음
2021022600100454,2021년 2월 26일 18시,금요일,대전광역시 유성구 장대동,경상사고,0,0,1,0,차대차 - 기타,교차로운행방법위반,건조,맑음,교차로 - 교차로안,승용,남,75세,기타불명,승용,남,60세,경상
2021022600100505,2021년 2월 26일 19시,금요일,대전광역시 동구 용전동,경상사고,0,0,1,0,차대차 - 측면충돌,안전거리미확보,건조,맑음,단일로 - 기타,승용,남,56세,상해없음,이륜,남,22세,경상
2021022600100506,2021년 2월 26일 19시,금요일,대전광역시 서구 관저동,중상사고,0,1,0,0,차대사람 - 횡단중,신호위반,건조,맑음,교차로 - 교차로부근,이륜,남,46세,상해없음,보행자,남,59세,중상
2021022600100507,2021년 2월 26일 19시,금요일,대전광역시 유성구 원신흥동,경상사고,0,0,1,0,차대차 - 기타,안전운전불이행,건조,맑음,교차로 - 교차로안,승용,여,31세,상해없음,승합,남,42세,경상
2021022600100508,2021년 2월 26일 19시,금요일,대전광역시 유성구 구암동,중상사고,0,1,0,0,차대차 - 기타,안전운전불이행,건조,맑음,교차로 - 교차로안,승용,여,44세,상해없음,승용,여,39세,중상
2021022600100543,2021년 2월 26일 20시,금요일,대전광역시 중구 문화동,중상사고,0,1,0,0,차대사람 - 횡단중,안전운전불이행,건조,맑음,단일로 - 기타,승용,남,42세,상해없음,보행자,여,45세,중상
2021022600100544,2021년 2월 26일 20시,금요일,대전광역시 대덕구 비래동,경상사고,0,0,1,0,차대차 - 추돌,안전운전불이행,건조,맑음,단일로 - 기타,승용,남,44세,상해없음,승용,남,59세,경상
2021022600100574,2021년 2월 26일 21시,금요일,대전광역시 유성구 문지동,중상사고,0,1,0,0,차대사람 - 기타,기타,건조,맑음,단일로 - 기타,이륜,남,40세,상해없음,보행자,남,15세,중상
2021022700100016,2021년 2월 27일 02시,토요일,대전광역시 유성구 구성동,중상사고,0,1,1,1,차대차 - 기타,안전운전불이행,건조,맑음,교차로 - 교차로안,승용,남,70세,경상,승용,남,31세,중상
2021022700100027,2021년 2월 27일 04시,토요일,대전광역시 서구 둔산동,경상사고,0,0,1,0,차대차 - 기타,안전운전불이행,건조,맑음,단일로 - 기타,승용,남,28세,상해없음,승용,남,31세,경상
2021022700100046,2021년 2월 27일 06시,토요일,대전광역시 중구 산성동,중상사고,0,1,0,0,차대차 - 측면충돌,신호위반,건조,맑음,교차로 - 교차로안,자전거,남,79세,중상,승용,남,69세,상해없음
2021022700100073,2021년 2월 27일 08시,토요일,대전광역시 유성구 신성동,경상사고,0,0,1,0,차대차 - 추돌,안전운전불이행,건조,맑음,교차로 - 교차로부근,승용,여,46세,기타불명,화물,남,36세,경상
2021022700100226,2021년 2월 27일 13시,토요일,대전광역시 서구 둔산동,중상사고,0,1,0,0,차대차 - 측면충돌,교차로운행방법위반,건조,맑음,교차로 - 교차로부근,화물,남,50세,상해없음,승용,남,62세,중상
2021022700100273,2021년 2월 27일 14시,토요일,대전광역시 서구 복수동,중상사고,0,1,0,0,차대차 - 기타,안전운전불이행,건조,맑음,교차로 - 교차로안,승용,남,65세,기타불명,이륜,남,28세,중상
2021022700100274,2021년 2월 27일 14시,토요일,대전광역시 유성구 송강동,경상사고,0,0,3,0,차대차 - 기타,중앙선침범,건조,맑음,교차로 - 교차로부근,승용,남,73세,상해없음,승용,남,40세,경상
2021022700100308,2021년 2월 27일 15시,토요일,대전광역시 유성구 도룡동,경상사고,0,0,1,0,차대차 - 기타,신호위반,건조,맑음,교차로 - 교차로부근,승용,남,66세,상해없음,이륜,남,42세,경상
2021022700100372,2021년 2월 27일 17시,토요일,대전광역시 유성구 신성동,경상사고,0,0,1,0,차대차 - 기타,안전운전불이행,건조,맑음,단일로 - 기타,승용,남,25세,상해없음,승용,남,42세,경상
2021022700100477,2021년 2월 27일 20시,토요일,대전광역시 동구 삼성동,경상사고,0,0,1,0,차대차 - 측면충돌,안전운전불이행,건조,맑음,교차로 - 교차로안,승합,남,54세,상해없음,승용,남,64세,상해없음
2021022700100511,2021년 2월 27일 21시,토요일,대전광역시 유성구 궁동,경상사고,0,0,3,0,차대차 - 추돌,안전운전불이행,건조,맑음,교차로 - 교차로부근,승용,여,59세,상해없음,승용,남,23세,경상
2021022700100531,2021년 2월 27일 22시,토요일,대전광역시 서구 둔산동,경상사고,0,0,2,0,차대차 - 기타,신호위반,건조,맑음,교차로 - 교차로안,승용,남,20세,기타불명,승용,여,53세,경상
2021022800100011,2021년 2월 28일 00시,일요일,대전광역시 서구 괴정동,경상사고,0,0,1,0,차대차 - 측면충돌,안전운전불이행,건조,맑음,단일로 - 기타,승용,남,61세,상해없음,이륜,남,28세,경상
2021022800100012,2021년 2월 28일 00시,일요일,대전광역시 유성구 봉명동,경상사고,0,0,1,0,차대차 - 기타,안전운전불이행,건조,맑음,교차로 - 교차로부근,승용,남,31세,상해없음,이륜,남,28세,경상
2021022800100023,2021년 2월 28일 02시,일요일,대전광역시 서구 둔산동,경상사고,0,0,1,0,차대사람 - 기타,안전운전불이행,건조,맑음,단일로 - 기타,승용,남,59세,상해없음,보행자,남,22세,경상
2021022800100053,2021년 2월 28일 07시,일요일,대전광역시 서구 용문동,경상사고,0,0,1,0,차대차 - 측면충돌,신호위반,건조,맑음,교차로 - 교차로안,승용,여,56세,상해없음,승용,남,63세,경상
2021022800100162,2021년 2월 28일 13시,일요일,대전광역시 중구 문화동,경상사고,0,0,3,0,차대차 - 추돌,안전운전불이행,건조,흐림,단일로 - 기타,승용,남,49세,상해없음,승용,남,31세,경상
2021022800100163,2021년 2월 28일 13시,일요일,대전광역시 서구 월평동,중상사고,0,1,0,0,차대차 - 기타,교차로운행방법위반,젖음/습기,흐림,교차로 - 교차로안,이륜,남,47세,상해없음,이륜,남,25세,중상
2021022800100191,2021년 2월 28일 14시,일요일,대전광역시 동구 판암동,중상사고,0,1,0,0,차대차 - 기타,직진우회전진행방해,건조,흐림,교차로 - 교차로안,승용,남,24세,상해없음,이륜,남,56세,중상
2021022800100239,2021년 2월 28일 16시,일요일,대전광역시 중구 오류동,경상사고,0,0,1,0,차대차 - 기타,안전운전불이행,건조,맑음,단일로 - 기타,승용,여,53세,상해없음,자전거,남,67세,경상
2021022800100240,2021년 2월 28일 16시,일요일,대전광역시 중구 대사동,경상사고,0,0,1,0,차대차 - 측면충돌,신호위반,건조,맑음,교차로 - 교차로안,승용,남,37세,상해없음,승용,남,37세,경상
2021022800100241,2021년 2월 28일 16시,일요일,대전광역시 동구 중동,경상사고,0,0,1,0,차대차 - 기타,신호위반,건조,맑음,교차로 - 교차로안,승용,남,59세,상해없음,승용,여,51세,경상
2021022800100287,2021년 2월 28일 18시,일요일,대전광역시 대덕구 신탄진동,경상사고,0,0,1,0,차대차 - 추돌,안전운전불이행,건조,맑음,단일로 - 기타,승용,여,33세,상해없음,승용,여,42세,경상
2021022800100315,2021년 2월 28일 19시,일요일,대전광역시 대덕구 송촌동,경상사고,0,0,2,0,차대차 - 측면충돌,중앙선침범,건조,맑음,교차로 - 교차로부근,이륜,남,19세,경상,승용,남,34세,경상
2021022800100337,2021년 2월 28일 20시,일요일,대전광역시 동구 가오동,경상사고,0,0,1,0,차대차 - 기타,교차로운행방법위반,젖음/습기,흐림,교차로 - 교차로안,승용,남,48세,상해없음,이륜,남,32세,경상
2021022800100338,2021년 2월 28일 20시,일요일,대전광역시 동구 판암동,중상사고,0,1,3,0,차대차 - 추돌,안전운전불이행,젖음/습기,흐림,교차로 - 교차로부근,승용,남,74세,중상,승용,남,21세,경상
2021022800100358,2021년 2월 28일 21시,일요일,대전광역시 서구 관저동,경상사고,0,0,1,0,차대차 - 추돌,안전운전불이행,건조,맑음,교차로 - 교차로부근,이륜,남,25세,상해없음,승용,남,31세,경상
2021022800100378,2021년 2월 28일 22시,일요일,대전광역시 중구 은행동,중상사고,0,1,0,0,차대차 - 정면충돌,중앙선침범,건조,맑음,단일로 - 기타,승용,남,62세,상해없음,승용,남,63세,중상
2021030100100042,2021년 3월 1일 06시,월요일,대전광역시 유성구 도룡동,경상사고,0,0,2,0,차대차 - 기타,안전운전불이행,젖음/습기,비,단일로 - 기타,승용,남,25세,경상,승용,남,56세,경상
2021030100100069,2021년 3월 1일 10시,월요일,대전광역시 유성구 구암동,경상사고,0,0,1,0,차대차 - 기타,교차로운행방법위반,젖음/습기,비,교차로 - 교차로부근,승용,남,58세,기타불명,이륜,남,40세,경상
2021030100100081,2021년 3월 1일 11시,월요일,대전광역시 유성구 봉명동,경상사고,0,0,5,0,차대차 - 측면충돌,안전거리미확보,젖음/습기,비,교차로 - 교차로안,승용,남,29세,상해없음,승용,남,24세,경상
2021030100100125,2021년 3월 1일 13시,월요일,대전광역시 중구 오류동,경상사고,0,0,2,0,차대차 - 추돌,안전운전불이행,젖음/습기,비,단일로 - 기타,승용,남,67세,상해없음,승용,남,21세,경상
2021030100100126,2021년 3월 1일 13시,월요일,대전광역시 서구 둔산동,경상사고,0,0,1,0,차대사람 - 기타,보행자보호의무위반,젖음/습기,비,교차로 - 교차로안,화물,남,67세,상해없음,보행자,여,68세,경상
2021030100100218,2021년 3월 1일 16시,월요일,대전광역시 동구 낭월동,경상사고,0,0,1,0,차대차 - 추돌,안전거리미확보,젖음/습기,흐림,교차로 - 교차로부근,승용,남,38세,상해없음,화물,남,41세,경상
2021030100100219,2021년 3월 1일 16시,월요일,대전광역시 동구 천동,경상사고,0,0,1,0,차대차 - 추돌,안전운전불이행,젖음/습기,비,교차로 - 교차로부근,원동기,남,53세,상해없음,승용,남,27세,경상
2021030100100220,2021년 3월 1일 16시,월요일,대전광역시 유성구 지족동,경상사고,0,0,4,0,차대차 - 기타,신호위반,젖음/습기,비,단일로 - 지하차도(도로)내,승용,남,50세,상해없음,승용,남,44세,경상
2021030100100252,2021년 3월 1일 17시,월요일,대전광역시 동구 용전동,중상사고,0,1,0,0,차대차 - 측면충돌,신호위반,젖음/습기,비,단일로 - 기타,승용,여,57세,상해없음,이륜,남,42세,중상
2021030100100302,2021년 3월 1일 18시,월요일,대전광역시 서구 만년동,경상사고,0,0,2,0,차대차 - 측면충돌,신호위반,젖음/습기,비,교차로 - 교차로안,승용,여,55세,상해없음,승용,남,40세,경상
2021030100100350,2021년 3월 1일 19시,월요일,대전광역시 대덕구 비래동,경상사고,0,0,1,0,차대사람 - 횡단중,안전운전불이행,젖음/습기,비,교차로 - 교차로안,승용,여,48세,상해없음,보행자,남,53세,경상
2021030100100382,2021년 3월 1일 20시,월요일,대전광역시 동구 용운동,중상사고,0,1,1,0,차대차 - 기타,안전운전불이행,젖음/습기,비,교차로 - 교차로안,승용,여,22세,상해없음,승용,여,68세,경상
2021030100100383,2021년 3월 1일 20시,월요일,대전광역시 유성구 봉명동,중상사고,0,1,0,0,차대사람 - 기타,안전운전불이행,젖음/습기,비,교차로 - 교차로부근,승용,남,28세,상해없음,보행자,남,44세,중상
2021030100100400,2021년 3월 1일 21시,월요일,대전광역시 대덕구 와동,부상신고사고,0,0,0,1,차대차 - 기타,안전거리미확보,젖음/습기,비,단일로 - 기타,기타불명,기타불명,미분류,기타불명,승용,여,52세,상해없음
2021030100100416,2021년 3월 1일 21시,월요일,대전광역시 서구 관저동,경상사고,0,0,1,0,차대사람 - 횡단중,신호위반,젖음/습기,비,교차로 - 교차로횡단보도내,이륜,남,39세,상해없음,보행자,여,69세,경상
2021030200100042,2021년 3월 2일 06시,화요일,대전광역시 유성구 도룡동,경상사고,0,0,1,0,차대차 - 측면충돌,신호위반,건조,맑음,단일로 - 기타,승용,남,42세,상해없음,승용,남,47세,경상
2021030200100087,2021년 3월 2일 08시,화요일,대전광역시 서구 용문동,경상사고,0,0,2,0,차대차 - 기타,안전운전불이행,건조,맑음,단일로 - 기타,승합,남,45세,상해없음,이륜,남,48세,경상
2021030200100088,2021년 3월 2일 08시,화요일,대전광역시 서구 탄방동,경상사고,0,0,1,0,차대차 - 추돌,안전운전불이행,건조,맑음,교차로 - 교차로부근,승용,여,27세,상해없음,승용,남,35세,경상
2021030200100115,2021년 3월 2일 09시,화요일,대전광역시 서구 갈마동,경상사고,0,0,1,0,차대차 - 기타,교차로운행방법위반,건조,맑음,교차로 - 교차로안,승용,여,58세,상해없음,승용,여,43세,경상
2021030200100145,2021년 3월 2일 10시,화요일,대전광역시 유성구 지족동,경상사고,0,0,1,0,차대사람 - 기타,안전운전불이행,건조,맑음,단일로 - 기타,승용,남,45세,상해없음,보행자,여,47세,경상
2021030200100177,2021년 3월 2일 11시,화요일,대전광역시 중구 태평동,경상사고,0,0,1,0,차대사람 - 기타,안전운전불이행,건조,맑음,기타 - 기타,승용,여,69세,상해없음,보행자,여,86세,경상
2021030200100178,2021년 3월 2일 11시,화요일,대전광역시 서구 도마동,경상사고,0,0,1,0,차대차 - 추돌,안전운전불이행,건조,맑음,단일로 - 기타,화물,남,21세,상해없음,승용,남,48세,경상
2021030200100203,2021년 3월 2일 12시,화요일,대전광역시 대덕구 오정동,경상사고,0,0,1,0,차대차 - 측면충돌,교차로운행방법위반,건조,맑음,교차로 - 교차로안,승용,남,65세,상해없음,승용,여,28세,경상
2021030200100204,2021년 3월 2일 12시,화요일,대전광역시 유성구 장동,중상사고,0,1,0,0,차대차 - 측면충돌,신호위반,건조,맑음,교차로 - 교차로안,승용,여,47세,상해없음,기타불명,남,30세,중상
2021030200100225,2021년 3월 2일 13시,화요일,대전광역시 동구 판암동,중상사고,0,2,0,0,차대차 - 측면충돌,중앙선침범,건조,맑음,교차로 - 교차로부근,화물,남,45세,중상,이륜,남,45세,중상
2021030200100266,2021년 3월 2일 14시,화요일,대전광역시 유성구 문지동,경상사고,0,0,1,0,차대차 - 추돌,안전운전불이행,건조,맑음,교차로 - 교차로부근,승용,남,64세,기타불명,승용,남,32세,경상
2021030200100294,2021년 3월 2일 15시,화요일,대전광역시 서구 둔산동,중상사고,0,1,0,0,차대차 - 추돌,신호위반,건조,맑음,단일로 - 기타,승용,여,61세,상해없음,승합,남,43세,상해없음
2021030200100322,2021년 3월 2일 16시,화요일,대전광역시 동구 홍도동,경상사고,0,0,1,0,차대차 - 기타,중앙선침범,건조,맑음,단일로 - 기타,개인형이동수단(PM),여,19세,상해없음,이륜,남,26세,경상
2021030200100323,2021년 3월 2일 16시,화요일,대전광역시 유성구 원내동,중상사고,0,1,0,0,차대사람 - 차도통행중,안전운전불이행,건조,맑음,교차로 - 교차로안,화물,남,59세,상해없음,보행자,여,50세,중상
2021030200100365,2021년 3월 2일 17시,화요일,대전광역시 중구 오류동,중상사고,0,1,0,0,차대차 - 기타,안전거리미확보,건조,맑음,단일로 - 기타,승용,남,42세,상해없음,승합,남,54세,상해없음
2021030200100366,2021년 3월 2일 17시,화요일,대전광역시 서구 탄방동,경상사고,0,0,1,1,차대차 - 기타,교차로운행방법위반,건조,맑음,교차로 - 교차로안,승용,남,63세,부상신고,승용,여,33세,경상
2021030200100493,2021년 3월 2일 21시,화요일,대전광역시 유성구 봉명동,중상사고,0,1,0,0,차대차 - 기타,안전운전불이행,건조,맑음,교차로 - 교차로안,승용,남,41세,상해없음,개인형이동수단(PM),남,47세,중상
2021030300100014,2021년 3월 3일 01시,수요일,대전광역시 동구 용전동,중상사고,0,1,0,0,차대차 - 측면충돌,교차로운행방법위반,건조,맑음,교차로 - 교차로안,승용,여,37세,상해없음,승용,남,62세,상해없음
2021030300100032,2021년 3월 3일 05시,수요일,대전광역시 동구 중동,중상사고,0,1,0,0,차대사람 - 차도통행중,안전운전불이행,건조,맑음,단일로 - 기타,승용,남,67세,기타불명,보행자,남,79세,중상
2021030300100049,2021년 3월 3일 06시,수요일,대전광역시 유성구 원내동,경상사고,0,0,1,0,차대차 - 추돌,안전운전불이행,건조,맑음,단일로 - 기타,화물,남,68세,상해없음,승용,남,66세,경상
2021030300100111,2021년 3월 3일 08시,수요일,대전광역시 서구 도마동,경상사고,0,0,1,0,차대차 - 기타,안전운전불이행,건조,맑음,단일로 - 기타,승용,여,17세,상해없음,승용,남,32세,경상
2021030300100112,2021년 3월 3일 08시,수요일,대전광역시 대덕구 덕암동,중상사고,0,1,1,0,차대차 - 기타,안전운전불이행,건조,맑음,교차로 - 교차로안,화물,남,38세,상해없음,승용,여,57세,경상
2021030300100138,2021년 3월 3일 09시,수요일,대전광역시 중구 부사동,경상사고,0,0,1,0,차대차 - 기타,직진우회전진행방해,건조,맑음,교차로 - 교차로안,승용,여,29세,상해없음,승용,남,33세,경상
2021030300100163,2021년 3월 3일 10시,수요일,대전광역시 서구 정림동,중상사고,0,1,0,0,차대사람 - 횡단중,보행자보호의무위반,건조,맑음,교차로 - 교차로횡단보도내,승용,여,49세,상해없음,보행자,여,72세,중상
2021030300100233,2021년 3월 3일 12시,수요일,대전광역시 중구 목동,경상사고,0,0,1,0,차대차 - 기타,기타,건조,맑음,단일로 - 기타,화물,남,29세,상해없음,승용,남,39세,경상
2021030300100234,2021년 3월 3일 12시,수요일,대전광역시 유성구 전민동,경상사고,0,0,2,0,차대차 - 기타,안전운전불이행,건조,맑음,교차로 - 교차로부근,이륜,남,33세,경상,화물,남,27세,경상
2021030300100261,2021년 3월 3일 13시,수요일,대전광역시 중구 산성동,경상사고,0,0,2,0,차대차 - 후진중충돌,안전운전불이행,건조,맑음,단일로 - 기타,승용,남,52세,상해없음,승용,남,38세,경상
2021030300100295,2021년 3월 3일 14시,수요일,대전광역시 동구 중동,중상사고,0,1,2,0,차대차 - 측면충돌,안전운전불이행,건조,맑음,교차로 - 교차로안,승용,여,28세,경상,승용,남,34세,경상
2021030300100296,2021년 3월 3일 14시,수요일,대전광역시 서구 탄방동,경상사고,0,0,1,0,차대사람 - 길가장자리구역통행중,안전운전불이행,건조,맑음,단일로 - 기타,승용,남,29세,상해없음,보행자,여,27세,경상
2021030300100328,2021년 3월 3일 15시,수요일,대전광역시 서구 복수동,경상사고,0,0,1,0,차대사람 - 차도통행중,안전운전불이행,건조,맑음,단일로 - 기타,승용,여,65세,상해없음,보행자,남,22세,경상
2021030300100377,2021년 3월 3일 17시,수요일,대전광역시 중구 부사동,경상사고,0,0,1,0,차대차 - 기타,안전운전불이행,건조,맑음,단일로 - 기타,승용,남,26세,상해없음,승용,남,74세,경상
2021030300100408,2021년 3월 3일 18시,수요일,대전광역시 유성구 용산동,경상사고,0,0,1,0,차대차 - 기타,교차로운행방법위반,건조,맑음,교차로 - 교차로부근,승용,남,30세,상해없음,승용,남,38세,경상
2021030300100472,2021년 3월 3일 20시,수요일,대전광역시 유성구 반석동,중상사고,0,1,0,0,차대차 - 추돌,안전운전불이행,건조,맑음,교차로 - 교차로안,승용,남,30세,상해없음,승용,남,26세,상해없음
2021030400100029,2021년 3월 4일 05시,목요일,대전광역시 서구 괴정동,경상사고,0,0,1,0,차대차 - 측면충돌,안전운전불이행,건조,맑음,단일로 - 기타,승용,남,35세,기타불명,이륜,남,24세,경상
2021030400100101,2021년 3월 4일 08시,목요일,대전광역시 중구 선화동,경상사고,0,0,1,0,차대차 - 기타,안전운전불이행,건조,맑음,기타 - 기타,승용,여,59세,상해없음,승용,남,58세,경상
2021030400100102,2021년 3월 4일 08시,목요일,대전광역시 동구 중동,경상사고,0,0,1,0,차대차 - 추돌,안전운전불이행,건조,맑음,기타 - 기타,승용,남,37세,상해없음,승용,남,65세,상해없음
2021030400100103,2021년 3월 4일 08시,목요일,대전광역시 유성구 원내동,경상사고,0,0,1,0,차대차 - 측면충돌,신호위반,건조,맑음,교차로 - 교차로안,승용,남,70세,상해없음,화물,남,62세,경상
2021030400100151,2021년 3월 4일 10시,목요일,대전광역시 유성구 장대동,부상신고사고,0,0,0,1,차대사람 - 기타,안전운전불이행,건조,맑음,기타 - 기타,승용,남,20세,상해없음,보행자,남,64세,부상신고
2021030400100173,2021년 3월 4일 11시,목요일,대전광역시 유성구 어은동,사망사고,1,1,1,0,차대차 - 정면충돌,안전운전불이행,건조,흐림,단일로 - 기타,승용,남,73세,중상,자전거,남,29세,경상
2021030400100201,2021년 3월 4일 12시,목요일,대전광역시 중구 용두동,경상사고,0,0,1,0,차대차 - 측면충돌,안전운전불이행,건조,맑음,주차장 - 주차장,화물,남,59세,상해없음,승용,남,48세,경상
2021030400100228,2021년 3월 4일 13시,목요일,대전광역시 서구 도마동,경상사고,0,0,1,0,차대차 - 기타,신호위반,건조,맑음,교차로 - 교차로안,승용,여,52세,상해없음,승용,남,36세,경상
2021030400100251,2021년 3월 4일 14시,목요일,대전광역시 중구 태평동,중상사고,0,1,0,0,차대사람 - 횡단중,보행자보호의무위반,건조,맑음,단일로 - 기타,이륜,남,59세,상해없음,보행자,여,68세,중상
2021030400100252,2021년 3월 4일 14시,목요일,대전광역시 서구 탄방동,중상사고,0,1,0,0,차량단독 - 기타,기타,건조,맑음,교차로 - 교차로부근,승합,남,45세,상해없음,,,,
2021030400100253,2021년 3월 4일 14시,목요일,대전광역시 서구 탄방동,경상사고,0,0,1,0,차대차 - 측면충돌,안전거리미확보,건조,맑음,단일로 - 기타,승용,남,61세,상해없음,승용,남,38세,경상
2021030400100254,2021년 3월 4일 14시,목요일,대전광역시 유성구 화암동,경상사고,0,0,1,0,차대차 - 추돌,안전운전불이행,젖음/습기,흐림,기타 - 기타,승용,남,35세,상해없음,승용,여,60세,경상
2021030400100275,2021년 3월 4일 15시,목요일,대전광역시 동구 삼정동,경상사고,0,0,2,0,차대차 - 측면충돌,불법유턴,건조,맑음,단일로 - 기타,승용,남,54세,상해없음,승용,남,21세,경상
2021030400100300,2021년 3월 4일 16시,목요일,대전광역시 서구 복수동,경상사고,0,0,1,0,차대차 - 기타,교차로운행방법위반,젖음/습기,비,교차로 - 교차로횡단보도내,화물,남,55세,상해없음,승용,여,38세,경상
2021030400100301,2021년 3월 4일 16시,목요일,대전광역시 대덕구 오정동,경상사고,0,0,1,0,차대차 - 측면충돌,신호위반,젖음/습기,비,교차로 - 교차로부근,화물,남,61세,상해없음,승합,남,58세,경상
2021030400100329,2021년 3월 4일 17시,목요일,대전광역시 서구 탄방동,경상사고,0,0,1,0,차대차 - 기타,안전운전불이행,젖음/습기,비,단일로 - 기타,승용,남,31세,상해없음,승용,여,32세,경상
2021030400100330,2021년 3월 4일 17시,목요일,대전광역시 유성구 하기동,경상사고,0,0,1,0,차대차 - 측면충돌,안전거리미확보,젖음/습기,비,단일로 - 고가도로위,승용,남,45세,상해없음,승용,남,40세,경상
2021030400100394,2021년 3월 4일 19시,목요일,대전광역시 유성구 장대동,경상사고,0,0,1,0,차대차 - 추돌,안전운전불이행,젖음/습기,비,단일로 - 기타,승용,남,50세,기타불명,승용,남,39세,경상
2021030400100416,2021년 3월 4일 19시,목요일,대전광역시 유성구 원내동,경상사고,0,0,1,0,차대차 - 측면충돌,안전운전불이행,젖음/습기,비,교차로 - 교차로안,승용,남,22세,상해없음,이륜,남,23세,경상
2021030400100445,2021년 3월 4일 20시,목요일,대전광역시 동구 가오동,경상사고,0,0,1,0,차대차 - 측면충돌,안전거리미확보,건조,맑음,교차로 - 교차로부근,승용,여,24세,상해없음,승용,남,40세,경상
2021030400100474,2021년 3월 4일 21시,목요일,대전광역시 동구 용전동,중상사고,0,1,0,0,차대사람 - 기타,안전운전불이행,젖음/습기,비,기타 - 기타,승용,남,39세,상해없음,보행자,여,38세,중상
2021030400100475,2021년 3월 4일 21시,목요일,대전광역시 서구 관저동,중상사고,0,1,0,0,차대차 - 추돌,안전운전불이행,건조,맑음,교차로 - 교차로부근,승용,남,30세,상해없음,승용,여,65세,중상