사고번호,사고일시,요일,시군구,사고내용,사망자수,중상자수,경상자수,부상신고자수,사고유형,법규위반,노면상태,기상상태,도로형태,가해운전자 차종,가해운전자 성별,가해운전자 연령,가해운전자 상해정도,피해운전자 차종,피해운전자 성별,피해운전자 연령,피해운전자 상해정도
2021033000100498,2021년 3월 30일 18시,화요일,대전광역시 유성구 원신흥동,경상사고,0,0,1,0,차대차 - 측면충돌,안전운전불이행,건조,맑음,단일로 - 기타,승합,남,61세,상해없음,승용,여,60세,경상
2021033000100544,2021년 3월 30일 19시,화요일,대전광역시 동구 홍도동,중상사고,0,1,0,0,차대사람 - 횡단중,보행자보호의무위반,건조,맑음,교차로 - 교차로횡단보도내,승용,여,49세,상해없음,보행자,여,45세,중상
2021033100100038,2021년 3월 31일 05시,수요일,대전광역시 중구 태평동,경상사고,0,0,3,0,차대차 - 기타,기타,건조,맑음,교차로 - 교차로부근,승용,여,29세,경상,승용,남,44세,경상
2021033100100071,2021년 3월 31일 07시,수요일,대전광역시 서구 도마동,중상사고,0,1,0,0,차대차 - 측면충돌,안전거리미확보,건조,맑음,단일로 - 기타,승용,남,61세,기타불명,승용,남,38세,중상
2021033100100114,2021년 3월 31일 08시,수요일,대전광역시 서구 갈마동,경상사고,0,0,1,0,차대차 - 기타,안전운전불이행,건조,맑음,단일로 - 기타,승용,남,27세,상해없음,승용,남,29세,경상
2021033100100227,2021년 3월 31일 12시,수요일,대전광역시 서구 가장동,경상사고,0,0,1,0,차대차 - 측면충돌,안전운전불이행,건조,맑음,교차로 - 교차로부근,승용,남,59세,상해없음,승용,남,23세,경상
2021033100100228,2021년 3월 31일 12시,수요일,대전광역시 유성구 상대동,경상사고,0,0,1,0,차대차 - 기타,안전운전불이행,건조,맑음,단일로 - 기타,승용,여,62세,상해없음,자전거,여,16세,경상
2021033100100264,2021년 3월 31일 13시,수요일,대전광역시 중구 산성동,중상사고,0,1,0,0,차대사람 - 기타,안전운전불이행,건조,맑음,단일로 - 기타,화물,남,49세,상해없음,보행자,남,6세,중상
2021033100100265,2021년 3월 31일 13시,수요일,대전광역시 대덕구 상서동,경상사고,0,0,1,0,차대차 - 측면충돌,중앙선침범,건조,맑음,교차로 - 교차로부근,승용,여,76세,기타불명,화물,남,39세,경상
2021033100100294,2021년 3월 31일 14시,수요일,대전광역시 대덕구 석봉동,경상사고,0,0,1,0,차대사람 - 기타,신호위반,건조,맑음,교차로 - 교차로횡단보도내,승용,남,58세,상해없음,보행자,여,24세,경상
2021033100100295,2021년 3월 31일 14시,수요일,대전광역시 유성구 봉명동,경상사고,0,0,1,0,차대차 - 추돌,안전거리미확보,건조,맑음,단일로 - 기타,승용,남,33세,상해없음,승용,남,41세,경상
2021033100100340,2021년 3월 31일 15시,수요일,대전광역시 유성구 장대동,경상사고,0,0,1,0,차대사람 - 기타,안전운전불이행,건조,맑음,단일로 - 기타,승용,여,55세,상해없음,보행자,남,49세,경상
2021033100100341,2021년 3월 31일 15시,수요일,대전광역시 유성구 노은동,경상사고,0,0,5,0,차대차 - 추돌,안전거리미확보,건조,맑음,단일로 - 기타,승용,여,38세,상해없음,승용,남,43세,경상
2021033100100384,2021년 3월 31일 16시,수요일,대전광역시 중구 대흥동,경상사고,0,0,2,0,차대차 - 기타,안전운전불이행,건조,맑음,단일로 - 기타,승용,여,57세,상해없음,승합,남,34세,상해없음
2021033100100430,2021년 3월 31일 17시,수요일,대전광역시 중구 산성동,경상사고,0,0,4,0,차대차 - 추돌,안전운전불이행,건조,맑음,교차로 - 교차로안,승용,여,47세,상해없음,승용,남,64세,경상
2021033100100431,2021년 3월 31일 17시,수요일,대전광역시 대덕구 오정동,경상사고,0,0,1,0,차대차 - 측면충돌,차로위반,건조,맑음,기타 - 기타,승용,남,57세,상해없음,승용,남,37세,경상
2021033100100432,2021년 3월 31일 17시,수요일,대전광역시 유성구 하기동,경상사고,0,0,2,0,차대차 - 측면충돌,안전거리미확보,건조,맑음,단일로 - 기타,승용,여,28세,상해없음,승용,여,59세,경상
2021033100100479,2021년 3월 31일 18시,수요일,대전광역시 중구 선화동,경상사고,0,0,2,0,차대차 - 기타,안전운전불이행,건조,맑음,단일로 - 기타,승용,남,55세,상해없음,이륜,남,24세,경상
2021033100100545,2021년 3월 31일 20시,수요일,대전광역시 대덕구 송촌동,경상사고,0,0,1,0,차대사람 - 길가장자리구역통행중,보행자보호의무위반,건조,맑음,교차로 - 교차로안,승용,남,58세,상해없음,보행자,남,38세,경상
2021033100100569,2021년 3월 31일 21시,수요일,대전광역시 서구 정림동,경상사고,0,0,2,0,차대차 - 추돌,안전운전불이행,건조,맑음,단일로 - 기타,이륜,남,58세,상해없음,승용,남,52세,경상
2021033100100592,2021년 3월 31일 22시,수요일,대전광역시 동구 대성동,경상사고,0,0,1,0,차대사람 - 횡단중,안전운전불이행,건조,맑음,교차로 - 교차로안,승용,남,54세,상해없음,보행자,남,56세,경상
2021033100100610,2021년 3월 31일 23시,수요일,대전광역시 서구 갈마동,경상사고,0,0,1,0,차대차 - 기타,기타,건조,맑음,교차로 - 교차로안,승용,남,26세,상해없음,승용,여,22세,경상
2021033100100611,2021년 3월 31일 23시,수요일,대전광역시 유성구 학하동,경상사고,0,0,1,0,차대차 - 측면충돌,안전운전불이행,건조,맑음,교차로 - 교차로안,승용,남,31세,상해없음,승용,남,38세,경상
2021040100100011,2021년 4월 1일 00시,목요일,대전광역시 서구 만년동,중상사고,0,1,1,0,차대차 - 기타,신호위반,건조,맑음,교차로 - 교차로안,승용,남,59세,상해없음,승용,남,33세,경상
2021040100100065,2021년 4월 1일 07시,목요일,대전광역시 중구 오류동,중상사고,0,1,0,0,차대차 - 기타,안전거리미확보,건조,맑음,단일로 - 기타,승용,여,47세,상해없음,승용,남,47세,상해없음
2021040100100108,2021년 4월 1일 08시,목요일,대전광역시 서구 둔산동,경상사고,0,0,1,0,차대차 - 추돌,안전운전불이행,건조,맑음,단일로 - 기타,승용,남,50세,상해없음,승용,여,52세,상해없음
2021040100100142,2021년 4월 1일 09시,목요일,대전광역시 유성구 반석동,경상사고,0,0,2,0,차대차 - 후진중충돌,안전운전불이행,건조,맑음,단일로 - 기타,승용,남,79세,상해없음,승용,여,27세,경상
2021040100100171,2021년 4월 1일 10시,목요일,대전광역시 동구 정동,중상사고,0,1,0,0,차대차 - 기타,안전거리미확보,건조,맑음,단일로 - 기타,승용,남,23세,상해없음,승합,남,41세,상해없음
2021040100100245,2021년 4월 1일 12시,목요일,대전광역시 유성구 구암동,경상사고,0,0,2,0,차대차 - 측면충돌,안전거리미확보,건조,맑음,단일로 - 기타,건설기계,남,56세,상해없음,승용,남,39세,경상
2021040100100285,2021년 4월 1일 13시,목요일,대전광역시 중구 유천동,중상사고,0,1,0,0,차대차 - 측면충돌,직진우회전진행방해,건조,맑음,교차로 - 교차로안,승용,여,32세,상해없음,승용,여,63세,중상
2021040100100316,2021년 4월 1일 14시,목요일,대전광역시 중구 은행동,경상사고,0,0,1,0,차대사람 - 기타,안전운전불이행,건조,맑음,단일로 - 기타,승용,여,69세,상해없음,보행자,여,27세,경상
2021040100100317,2021년 4월 1일 14시,목요일,대전광역시 동구 신상동,경상사고,0,0,2,0,차대차 - 측면충돌,안전운전불이행,건조,맑음,단일로 - 기타,화물,남,42세,상해없음,승용,여,45세,경상
2021040100100318,2021년 4월 1일 14시,목요일,대전광역시 서구 복수동,중상사고,0,1,0,0,차대사람 - 기타,안전운전불이행,건조,맑음,단일로 - 기타,개인형이동수단(PM),여,21세,상해없음,보행자,여,57세,중상
2021040100100402,2021년 4월 1일 16시,목요일,대전광역시 서구 도마동,경상사고,0,0,1,0,차대차 - 측면충돌,안전운전불이행,건조,맑음,단일로 - 기타,승용,여,66세,상해없음,승용,여,30세,경상
2021040100100448,2021년 4월 1일 17시,목요일,대전광역시 유성구 봉산동,경상사고,0,0,1,0,차대차 - 측면충돌,신호위반,건조,맑음,교차로 - 교차로안,승용,남,65세,상해없음,승용,남,35세,경상
2021040100100501,2021년 4월 1일 18시,목요일,대전광역시 동구 정동,경상사고,0,0,2,0,차대차 - 측면충돌,안전운전불이행,건조,맑음,단일로 - 기타,승용,남,70세,경상,승합,남,43세,경상
2021040100100502,2021년 4월 1일 18시,목요일,대전광역시 유성구 장대동,경상사고,0,0,1,0,차대차 - 기타,안전운전불이행,건조,맑음,교차로 - 교차로부근,승합,남,70세,상해없음,승용,남,47세,상해없음
2021040200100008,2021년 4월 2일 00시,금요일,대전광역시 서구 월평동,경상사고,0,0,2,0,차대차 - 기타,불법유턴,건조,맑음,단일로 - 기타,화물,남,59세,상해없음,승용,남,58세,경상
2021040200100021,2021년 4월 2일 02시,금요일,대전광역시 유성구 봉산동,경상사고,0,0,1,0,차대사람 - 기타,안전운전불이행,건조,맑음,교차로 - 교차로안,승용,남,18세,상해없음,보행자,남,24세,경상
2021040200100110,2021년 4월 2일 08시,금요일,대전광역시 중구 석교동,경상사고,0,0,2,0,차대차 - 측면충돌,직진우회전진행방해,건조,맑음,교차로 - 교차로안,승용,남,42세,경상,승용,여,52세,경상
2021040200100111,2021년 4월 2일 08시,금요일,대전광역시 유성구 원신흥동,경상사고,0,0,1,0,차대차 - 기타,안전운전불이행,건조,맑음,교차로 - 교차로부근,화물,남,60세,상해없음,승용,남,33세,경상
2021040200100112,2021년 4월 2일 08시,금요일,대전광역시 유성구 지족동,중상사고,0,1,0,0,차대차 - 측면충돌,교차로운행방법위반,건조,맑음,교차로 - 교차로안,승용,남,65세,상해없음,승용,남,41세,중상
2021040200100113,2021년 4월 2일 08시,금요일,대전광역시 유성구 탑립동,경상사고,0,0,1,0,차대차 - 기타,안전운전불이행,건조,맑음,단일로 - 기타,승용,여,28세,상해없음,승용,남,31세,상해없음
2021040200100139,2021년 4월 2일 09시,금요일,대전광역시 중구 석교동,중상사고,0,1,0,0,차대차 - 측면충돌,안전거리미확보,건조,맑음,단일로 - 기타,승용,남,44세,상해없음,이륜,남,72세,중상
2021040200100171,2021년 4월 2일 10시,금요일,대전광역시 서구 가수원동,경상사고,0,0,1,0,차대차 - 측면충돌,안전거리미확보,건조,맑음,교차로 - 교차로부근,승용,여,43세,상해없음,승합,남,39세,경상
2021040200100243,2021년 4월 2일 12시,금요일,대전광역시 중구 목동,중상사고,0,1,0,0,차대사람 - 횡단중,보행자보호의무위반,건조,맑음,교차로 - 교차로부근,승용,여,44세,상해없음,보행자,여,66세,중상
2021040200100245,2021년 4월 2일 12시,금요일,대전광역시 유성구 구암동,경상사고,0,0,3,0,차대차 - 추돌,안전운전불이행,건조,맑음,교차로 - 교차로부근,화물,여,54세,상해없음,승용,여,42세,상해없음
2021040200100246,2021년 4월 2일 12시,금요일,대전광역시 유성구 어은동,경상사고,0,0,3,0,차대차 - 기타,안전운전불이행,건조,맑음,단일로 - 기타,승용,여,52세,상해없음,승용,여,50세,경상
2021040200100346,2021년 4월 2일 15시,금요일,대전광역시 동구 홍도동,경상사고,0,0,1,0,차대차 - 측면충돌,안전운전불이행,건조,맑음,단일로 - 기타,화물,남,29세,상해없음,화물,남,42세,경상
2021040200100347,2021년 4월 2일 15시,금요일,대전광역시 유성구 봉명동,부상신고사고,0,0,0,1,차대차 - 기타,안전운전불이행,건조,맑음,교차로 - 교차로안,승용,여,32세,상해없음,자전거,여,29세,부상신고
2021040200100348,2021년 4월 2일 15시,금요일,대전광역시 유성구 관평동,경상사고,0,0,2,0,차대차 - 기타,안전운전불이행,건조,맑음,교차로 - 교차로안,승용,남,35세,상해없음,승용,남,57세,경상
2021040200100431,2021년 4월 2일 17시,금요일,대전광역시 유성구 반석동,경상사고,0,0,1,0,차대차 - 기타,안전거리미확보,건조,맑음,단일로 - 기타,화물,남,24세,상해없음,승용,여,32세,상해없음
2021040200100484,2021년 4월 2일 18시,금요일,대전광역시 대덕구 읍내동,경상사고,0,0,1,0,차대차 - 기타,안전운전불이행,건조,맑음,단일로 - 기타,승용,남,51세,상해없음,승용,여,50세,경상
2021040200100485,2021년 4월 2일 18시,금요일,대전광역시 유성구 구암동,중상사고,0,1,0,0,차대차 - 측면충돌,안전운전불이행,건조,맑음,교차로 - 교차로안,승용,남,28세,상해없음,이륜,남,53세,중상
2021040200100528,2021년 4월 2일 19시,금요일,대전광역시 서구 둔산동,경상사고,0,0,1,0,차대차 - 기타,안전운전불이행,건조,맑음,교차로 - 교차로안,승용,여,50세,기타불명,승용,남,50세,경상
2021040200100529,2021년 4월 2일 19시,금요일,대전광역시 유성구 송강동,경상사고,0,0,1,0,차대차 - 측면충돌,신호위반,건조,맑음,교차로 - 교차로안,화물,남,36세,상해없음,이륜,남,20세,경상
2021040200100530,2021년 4월 2일 19시,금요일,대전광역시 유성구 장대동,중상사고,0,1,0,0,차대사람 - 기타,안전운전불이행,건조,맑음,단일로 - 기타,화물,남,52세,상해없음,보행자,여,32세,중상
2021040200100531,2021년 4월 2일 19시,금요일,대전광역시 유성구 장대동,경상사고,0,0,1,0,차대차 - 기타,안전운전불이행,건조,맑음,교차로 - 교차로안,승용,남,30세,기타불명,개인형이동수단(PM),남,31세,경상
2021040200100599,2021년 4월 2일 21시,금요일,대전광역시 중구 태평동,경상사고,0,0,1,0,차대차 - 추돌,안전운전불이행,건조,맑음,교차로 - 교차로부근,승용,남,49세,상해없음,승용,남,46세,경상
2021040300100028,2021년 4월 3일 01시,토요일,대전광역시 서구 갈마동,경상사고,0,0,1,0,차대차 - 측면충돌,중앙선침범,건조,맑음,단일로 - 기타,승용,남,25세,상해없음,이륜,남,26세,경상
2021040300100034,2021년 4월 3일 02시,토요일,대전광역시 동구 판암동,경상사고,0,0,1,0,차대사람 - 기타,보행자보호의무위반,건조,흐림,교차로 - 교차로안,승용,남,54세,상해없음,보행자,여,62세,경상
2021040300100035,2021년 4월 3일 02시,토요일,대전광역시 대덕구 중리동,경상사고,0,0,1,0,차대사람 - 기타,신호위반,건조,맑음,교차로 - 교차로안,승용,남,49세,상해없음,보행자,여,47세,경상
2021040300100057,2021년 4월 3일 06시,토요일,대전광역시 중구 은행동,경상사고,0,0,1,0,차대차 - 측면충돌,신호위반,건조,맑음,교차로 - 교차로안,승용,남,19세,상해없음,승용,남,60세,경상
2021040300100078,2021년 4월 3일 08시,토요일,대전광역시 서구 용문동,사망사고,1,0,0,0,차대차 - 기타,안전운전불이행,건조,맑음,단일로 - 기타,원동기,남,18세,사망,승용,남,39세,상해없음
2021040300100079,2021년 4월 3일 08시,토요일,대전광역시 유성구 대정동,경상사고,0,0,1,0,차대차 - 추돌,차로위반,건조,맑음,기타 - 기타,건설기계,남,60세,상해없음,승용,남,64세,경상
2021040300100080,2021년 4월 3일 08시,토요일,대전광역시 유성구 봉명동,경상사고,0,0,1,0,차대차 - 추돌,안전운전불이행,건조,맑음,교차로 - 교차로부근,승용,남,35세,상해없음,승용,여,56세,경상
2021040300100253,2021년 4월 3일 13시,토요일,대전광역시 동구 홍도동,경상사고,0,0,4,0,차대차 - 추돌,안전운전불이행,젖음/습기,비,단일로 - 지하차도(도로)내,승용,여,65세,상해없음,승용,여,25세,경상
2021040300100254,2021년 4월 3일 13시,토요일,대전광역시 동구 정동,경상사고,0,0,1,0,차대차 - 측면충돌,안전거리미확보,젖음/습기,비,단일로 - 기타,승용,남,28세,상해없음,승용,남,31세,경상
2021040300100255,2021년 4월 3일 13시,토요일,대전광역시 서구 가수원동,경상사고,0,0,4,0,차대차 - 추돌,안전운전불이행,젖음/습기,비,단일로 - 기타,승용,남,78세,상해없음,승용,여,41세,경상
2021040300100256,2021년 4월 3일 13시,토요일,대전광역시 대덕구 중리동,경상사고,0,0,3,0,차대차 - 추돌,안전운전불이행,젖음/습기,비,교차로 - 교차로부근,승용,남,48세,상해없음,승용,남,50세,경상
2021040300100257,2021년 4월 3일 13시,토요일,대전광역시 유성구 궁동,경상사고,0,0,1,0,차대차 - 측면충돌,신호위반,건조,맑음,단일로 - 지하차도(도로)내,승용,남,68세,상해없음,승용,여,62세,경상
2021040300100292,2021년 4월 3일 14시,토요일,대전광역시 중구 대사동,경상사고,0,0,3,0,차대차 - 기타,안전운전불이행,젖음/습기,비,단일로 - 기타,승용,여,50세,상해없음,승용,남,35세,경상
2021040300100318,2021년 4월 3일 15시,토요일,대전광역시 중구 문화동,경상사고,0,0,2,0,차대차 - 추돌,안전운전불이행,젖음/습기,비,교차로 - 교차로부근,승용,남,35세,상해없음,승용,남,66세,경상
2021040300100355,2021년 4월 3일 16시,토요일,대전광역시 동구 중동,경상사고,0,0,1,0,차대차 - 기타,신호위반,젖음/습기,비,교차로 - 교차로안,승용,여,51세,상해없음,승용,남,33세,경상
2021040300100356,2021년 4월 3일 16시,토요일,대전광역시 유성구 반석동,경상사고,0,0,1,0,차대차 - 측면충돌,안전운전불이행,젖음/습기,비,교차로 - 교차로부근,승용,남,41세,상해없음,승용,남,32세,경상
2021040300100357,2021년 4월 3일 16시,토요일,대전광역시 유성구 원내동,경상사고,0,0,2,0,차대차 - 추돌,직진우회전진행방해,젖음/습기,비,교차로 - 교차로안,승용,남,72세,경상,승용,남,49세,경상
2021040300100389,2021년 4월 3일 17시,토요일,대전광역시 중구 대사동,경상사고,0,0,3,0,차대차 - 기타,교차로운행방법위반,젖음/습기,비,교차로 - 교차로안,승용,남,35세,경상,승용,남,46세,경상
2021040300100390,2021년 4월 3일 17시,토요일,대전광역시 동구 신흥동,경상사고,0,0,1,0,차대차 - 추돌,안전운전불이행,젖음/습기,비,단일로 - 기타,화물,남,46세,상해없음,승용,남,29세,경상
2021040300100421,2021년 4월 3일 18시,토요일,대전광역시 동구 낭월동,경상사고,0,0,1,0,차대차 - 추돌,안전운전불이행,젖음/습기,비,교차로 - 교차로부근,화물,남,66세,상해없음,승용,남,43세,경상
2021040300100466,2021년 4월 3일 19시,토요일,대전광역시 중구 유천동,경상사고,0,0,1,0,차대차 - 측면충돌,안전거리미확보,젖음/습기,비,교차로 - 교차로부근,승용,남,30세,상해없음,승용,남,52세,경상
2021040300100467,2021년 4월 3일 19시,토요일,대전광역시 서구 둔산동,경상사고,0,0,1,0,차대차 - 기타,직진우회전진행방해,젖음/습기,비,교차로 - 교차로안,승용,여,60세,상해없음,승용,남,65세,경상
2021040300100509,2021년 4월 3일 20시,토요일,대전광역시 중구 유천동,경상사고,0,0,3,0,차대차 - 측면충돌,직진우회전진행방해,건조,맑음,교차로 - 교차로안,승용,여,45세,상해없음,승용,남,34세,경상
2021040300100510,2021년 4월 3일 20시,토요일,대전광역시 동구 용운동,경상사고,0,0,1,0,차대차 - 기타,안전운전불이행,젖음/습기,비,교차로 - 교차로안,이륜,남,39세,경상,승용,남,28세,상해없음
2021040300100511,2021년 4월 3일 20시,토요일,대전광역시 서구 월평동,경상사고,0,0,1,0,차대차 - 기타,안전거리미확보,젖음/습기,비,단일로 - 기타,승용,남,34세,상해없음,이륜,남,46세,경상
2021040300100550,2021년 4월 3일 21시,토요일,대전광역시 유성구 장대동,경상사고,0,0,1,0,차대사람 - 기타,안전운전불이행,건조,맑음,교차로 - 교차로부근,승용,남,63세,상해없음,보행자,여,66세,경상
2021040300100600,2021년 4월 3일 22시,토요일,대전광역시 동구 가양동,경상사고,0,0,1,0,차대차 - 기타,교차로운행방법위반,젖음/습기,비,교차로 - 교차로안,승용,여,24세,상해없음,이륜,남,53세,경상
2021040300100630,2021년 4월 3일 23시,토요일,대전광역시 유성구 궁동,경상사고,0,0,1,0,차대사람 - 기타,안전운전불이행,젖음/습기,비,기타 - 기타,승용,남,19세,상해없음,보행자,여,24세,경상
2021040400100025,2021년 4월 4일 01시,일요일,대전광역시 동구 소제동,중상사고,0,1,1,0,차대차 - 추돌,중앙선침범,젖음/습기,비,교차로 - 교차로부근,승용,여,36세,상해없음,승용,남,74세,경상
2021040400100044,2021년 4월 4일 04시,일요일,대전광역시 서구 갈마동,경상사고,0,0,2,0,차대차 - 추돌,안전운전불이행,건조,맑음,교차로 - 교차로부근,승용,남,22세,상해없음,승용,남,24세,경상
2021040400100081,2021년 4월 4일 09시,일요일,대전광역시 유성구 봉명동,경상사고,0,0,1,0,차대사람 - 기타,기타,건조,맑음,단일로 - 기타,승용,남,35세,기타불명,보행자,남,19세,경상
2021040400100137,2021년 4월 4일 12시,일요일,대전광역시 서구 용문동,경상사고,0,0,2,0,차대차 - 후진중충돌,안전운전불이행,건조,맑음,교차로 - 교차로부근,승용,남,80세,상해없음,승용,여,42세,경상
2021040400100138,2021년 4월 4일 12시,일요일,대전광역시 대덕구 신대동,부상신고사고,0,0,0,1,차대사람 - 횡단중,보행자보호의무위반,건조,맑음,단일로 - 기타,이륜,남,34세,상해없음,보행자,남,3세,부상신고
2021040400100162,2021년 4월 4일 13시,일요일,대전광역시 동구 정동,경상사고,0,0,1,0,차대사람 - 차도통행중,안전운전불이행,건조,맑음,단일로 - 기타,승합,남,59세,상해없음,보행자,여,68세,경상
2021040400100235,2021년 4월 4일 15시,일요일,대전광역시 유성구 대정동,사망사고,1,0,1,0,차량단독 - 전도전복 - 전도,안전운전불이행,건조,맑음,기타 - 기타,화물,남,67세,상해없음,,,,
2021040400100269,2021년 4월 4일 16시,일요일,대전광역시 동구 가양동,중상사고,0,2,3,0,차대차 - 기타,안전운전불이행,건조,맑음,단일로 - 기타,승용,여,62세,상해없음,승용,남,68세,경상
2021040400100297,2021년 4월 4일 17시,일요일,대전광역시 동구 자양동,경상사고,0,0,1,0,차대차 - 측면충돌,안전거리미확보,건조,맑음,교차로 - 교차로횡단보도내,승용,남,41세,상해없음,이륜,남,29세,경상
2021040400100346,2021년 4월 4일 19시,일요일,대전광역시 유성구 송강동,경상사고,0,0,1,0,차대차 - 측면충돌,신호위반,건조,맑음,교차로 - 교차로안,승용,남,48세,상해없음,승용,남,24세,경상
2021040400100390,2021년 4월 4일 21시,일요일,대전광역시 서구 내동,경상사고,0,0,1,0,차대차 - 측면충돌,신호위반,건조,맑음,단일로 - 기타,이륜,남,22세,상해없음,자전거,남,27세,경상
2021040400100406,2021년 4월 4일 22시,일요일,대전광역시 서구 괴정동,경상사고,0,0,1,0,차대차 - 측면충돌,중앙선침범,건조,맑음,단일로 - 기타,승용,남,25세,상해없음,이륜,남,32세,경상
2021040500100014,2021년 4월 5일 01시,월요일,대전광역시 중구 은행동,경상사고,0,0,3,0,차대차 - 측면충돌,안전운전불이행,건조,맑음,단일로 - 기타,승용,남,22세,경상,승용,남,60세,경상
2021040500100082,2021년 4월 5일 07시,월요일,대전광역시 서구 가수원동,경상사고,0,0,1,0,차대차 - 추돌,안전운전불이행,건조,맑음,교차로 - 교차로부근,승용,남,30세,상해없음,승용,여,58세,경상
2021040500100129,2021년 4월 5일 08시,월요일,대전광역시 동구 삼성동,경상사고,0,0,2,0,차대차 - 기타,직진우회전진행방해,건조,맑음,교차로 - 교차로안,승용,남,32세,상해없음,승용,남,60세,경상
2021040500100130,2021년 4월 5일 08시,월요일,대전광역시 대덕구 오정동,중상사고,0,1,0,0,차대사람 - 차도통행중,안전운전불이행,건조,맑음,단일로 - 기타,화물,남,57세,상해없음,보행자,여,74세,중상
2021040500100162,2021년 4월 5일 09시,월요일,대전광역시 동구 중동,경상사고,0,0,1,0,차대차 - 기타,안전거리미확보,건조,맑음,교차로 - 교차로부근,승합,남,54세,상해없음,승용,여,33세,경상
2021040500100233,2021년 4월 5일 11시,월요일,대전광역시 동구 구도동,경상사고,0,0,2,0,차대차 - 기타,안전운전불이행,건조,맑음,교차로 - 교차로부근,승용,남,59세,상해없음,승용,여,50세,경상
2021040500100234,2021년 4월 5일 11시,월요일,대전광역시 대덕구 법동,경상사고,0,0,1,0,차대사람 - 차도통행중,안전운전불이행,건조,맑음,기타 - 기타,화물,남,55세,기타불명,보행자,남,85세,경상
2021040500100340,2021년 4월 5일 14시,월요일,대전광역시 대덕구 대화동,경상사고,0,0,2,0,차대차 - 기타,신호위반,건조,맑음,교차로 - 교차로안,화물,남,51세,상해없음,승용,남,28세,경상
2021040500100341,2021년 4월 5일 14시,월요일,대전광역시 대덕구 삼정동,경상사고,0,0,1,0,차대차 - 기타,안전운전불이행,건조,맑음,단일로 - 기타,승용,여,64세,상해없음,자전거,여,52세,경상
2021040500100342,2021년 4월 5일 14시,월요일,대전광역시 서구 월평동,경상사고,0,0,1,0,차대차 - 기타,안전운전불이행,건조,맑음,단일로 - 기타,승합,여,60세,상해없음,이륜,남,21세,경상
2021040500100385,2021년 4월 5일 15시,월요일,대전광역시 동구 인동,경상사고,0,0,2,0,차대차 - 기타,안전운전불이행,건조,맑음,교차로 - 교차로안,승용,남,63세,경상,승용,남,49세,경상
2021040500100386,2021년 4월 5일 15시,월요일,대전광역시 유성구 장대동,경상사고,0,0,1,0,차대차 - 측면충돌,안전운전불이행,건조,맑음,단일로 - 기타,건설기계,남,68세,상해없음,승용,여,59세,경상
2021040500100429,2021년 4월 5일 16시,월요일,대전광역시 서구 괴곡동,중상사고,0,1,1,0,차량단독 - 기타,안전운전불이행,건조,맑음,단일로 - 기타,원동기,남,82세,경상,,,,
2021040500100430,2021년 4월 5일 16시,월요일,대전광역시 대덕구 오정동,중상사고,0,1,0,0,차대차 - 기타,안전운전불이행,건조,맑음,단일로 - 기타,승용,남,60세,상해없음,이륜,남,22세,중상
2021040500100431,2021년 4월 5일 16시,월요일,대전광역시 서구 탄방동,경상사고,0,0,2,0,차대차 - 기타,안전운전불이행,건조,맑음,교차로 - 교차로안,승용,여,65세,상해없음,승용,남,33세,경상
2021040500100573,2021년 4월 5일 19시,월요일,대전광역시 대덕구 대화동,중상사고,0,1,0,0,차대차 - 정면충돌,안전운전불이행,건조,맑음,단일로 - 기타,자전거,남,44세,상해없음,자전거,여,48세,중상
2021040500100607,2021년 4월 5일 20시,월요일,대전광역시 서구 둔산동,경상사고,0,0,2,0,차대차 - 측면충돌,안전운전불이행,건조,맑음,교차로 - 교차로안,승용,남,58세,상해없음,승용,남,24세,경상
2021040500100637,2021년 4월 5일 21시,월요일,대전광역시 중구 중촌동,경상사고,0,0,1,0,차대차 - 정면충돌,안전운전불이행,건조,맑음,단일로 - 기타,승용,남,33세,상해없음,승용,남,46세,경상
2021040500100638,2021년 4월 5일 21시,월요일,대전광역시 유성구 구암동,중상사고,0,2,0,0,차대차 - 기타,신호위반,건조,맑음,교차로 - 교차로안,이륜,남,23세,중상,승용,여,51세,중상
2021040500100653,2021년 4월 5일 22시,월요일,대전광역시 유성구 반석동,경상사고,0,0,1,0,차대차 - 기타,신호위반,건조,맑음,교차로 - 교차로안,이륜,남,29세,상해없음,화물,여,46세,경상
2021040500100654,2021년 4월 5일 22시,월요일,대전광역시 유성구 구암동,중상사고,0,1,1,0,차대차 - 추돌,안전운전불이행,건조,맑음,교차로 - 교차로부근,화물,남,45세,상해없음,승용,남,51세,중상
2021040600100005,2021년 4월 6일 00시,화요일,대전광역시 유성구 봉명동,경상사고,0,0,3,0,차대차 - 측면충돌,안전운전불이행,건조,맑음,교차로 - 교차로부근,승용,남,26세,상해없음,승용,남,68세,경상
2021040600100063,2021년 4월 6일 07시,화요일,대전광역시 대덕구 오정동,경상사고,0,0,3,0,차대차 - 측면충돌,신호위반,건조,맑음,교차로 - 교차로부근,화물,남,48세,상해없음,승합,남,27세,경상
2021040600100101,2021년 4월 6일 08시,화요일,대전광역시 유성구 구암동,경상사고,0,0,1,0,차대차 - 기타,안전운전불이행,건조,맑음,단일로 - 기타,이륜,남,40세,상해없음,승용,남,37세,경상