사고번호,사고일시,요일,시군구,사고내용,사망자수,중상자수,경상자수,부상신고자수,사고유형,법규위반,노면상태,기상상태,도로형태,가해운전자 차종,가해운전자 성별,가해운전자 연령,가해운전자 상해정도,피해운전자 차종,피해운전자 성별,피해운전자 연령,피해운전자 상해정도
2021041200100152,2021년 4월 12일 10시,월요일,대전광역시 유성구 복용동,경상사고,0,0,1,0,차대차 - 측면충돌,신호위반,건조,맑음,교차로 - 교차로안,승용,여,53세,경상,승용,여,30세,상해없음
2021041200100153,2021년 4월 12일 10시,월요일,대전광역시 유성구 원신흥동,경상사고,0,0,2,0,차대차 - 추돌,안전운전불이행,건조,맑음,교차로 - 교차로부근,승용,남,59세,상해없음,승용,남,41세,경상
2021041200100495,2021년 4월 12일 19시,월요일,대전광역시 중구 태평동,중상사고,0,1,1,0,차대차 - 기타,안전운전불이행,젖음/습기,비,교차로 - 교차로안,승용,남,41세,상해없음,이륜,남,49세,중상
2021041200100496,2021년 4월 12일 19시,월요일,대전광역시 서구 내동,중상사고,0,2,0,0,차대사람 - 기타,보행자보호의무위반,젖음/습기,비,교차로 - 교차로횡단보도내,승합,남,56세,상해없음,보행자,남,53세,중상
2021041200100497,2021년 4월 12일 19시,월요일,대전광역시 유성구 노은동,중상사고,0,1,0,0,차대차 - 추돌,신호위반,젖음/습기,비,교차로 - 교차로안,승용,남,58세,상해없음,승용,남,28세,중상
2021041200100538,2021년 4월 12일 20시,월요일,대전광역시 유성구 도룡동,경상사고,0,0,1,0,차대차 - 측면충돌,안전운전불이행,젖음/습기,비,교차로 - 교차로안,승용,여,45세,상해없음,승용,남,44세,경상
2021041200100581,2021년 4월 12일 21시,월요일,대전광역시 서구 가장동,경상사고,0,0,1,0,차대사람 - 기타,안전운전불이행,젖음/습기,흐림,단일로 - 기타,승용,여,33세,상해없음,보행자,여,58세,경상
2021041300100015,2021년 4월 13일 00시,화요일,대전광역시 서구 도마동,중상사고,0,1,0,0,차대사람 - 횡단중,안전운전불이행,젖음/습기,비,단일로 - 기타,승용,남,39세,상해없음,보행자,남,52세,중상
2021041300100039,2021년 4월 13일 05시,화요일,대전광역시 유성구 장대동,중상사고,0,1,0,0,차대차 - 측면충돌,신호위반,젖음/습기,흐림,교차로 - 교차로안,화물,남,30세,상해없음,승용,여,62세,중상
2021041300100054,2021년 4월 13일 06시,화요일,대전광역시 서구 용문동,중상사고,0,1,0,0,차대차 - 기타,안전운전불이행,젖음/습기,비,단일로 - 기타,화물,남,58세,상해없음,승합,여,64세,중상
2021041300100117,2021년 4월 13일 08시,화요일,대전광역시 유성구 하기동,경상사고,0,0,1,0,차대차 - 기타,신호위반,건조,맑음,교차로 - 교차로횡단보도내,승용,남,33세,상해없음,개인형이동수단(PM),남,21세,경상
2021041300100118,2021년 4월 13일 08시,화요일,대전광역시 유성구 궁동,경상사고,0,0,3,0,차대차 - 측면충돌,안전거리미확보,건조,맑음,단일로 - 기타,승용,여,55세,상해없음,승용,여,63세,경상
2021041300100119,2021년 4월 13일 08시,화요일,대전광역시 유성구 궁동,경상사고,0,0,1,0,차대차 - 기타,신호위반,젖음/습기,흐림,단일로 - 기타,승용,남,24세,상해없음,승용,남,34세,경상
2021041300100145,2021년 4월 13일 09시,화요일,대전광역시 유성구 장대동,경상사고,0,0,2,0,차대차 - 측면충돌,신호위반,건조,맑음,교차로 - 교차로안,승용,남,60세,경상,승용,남,48세,상해없음
2021041300100201,2021년 4월 13일 11시,화요일,대전광역시 유성구 구암동,경상사고,0,0,1,0,차대차 - 측면충돌,교차로운행방법위반,건조,맑음,교차로 - 교차로안,승용,여,55세,상해없음,이륜,남,39세,경상
2021041300100224,2021년 4월 13일 12시,화요일,대전광역시 대덕구 상서동,경상사고,0,0,4,0,차대차 - 추돌,안전운전불이행,건조,맑음,기타 - 기타,화물,남,27세,상해없음,승용,남,59세,경상
2021041300100225,2021년 4월 13일 12시,화요일,대전광역시 서구 갈마동,중상사고,0,1,0,0,차대차 - 측면충돌,신호위반,건조,맑음,교차로 - 교차로안,이륜,남,23세,상해없음,개인형이동수단(PM),여,29세,중상
2021041300100226,2021년 4월 13일 12시,화요일,대전광역시 유성구 문지동,중상사고,0,1,0,0,차대차 - 측면충돌,안전거리미확보,건조,맑음,단일로 - 기타,승용,남,28세,상해없음,이륜,남,52세,중상
2021041300100262,2021년 4월 13일 13시,화요일,대전광역시 동구 가양동,중상사고,0,1,1,0,차대차 - 측면충돌,교차로운행방법위반,건조,맑음,교차로 - 교차로안,사륜오토바이(ATV),남,75세,경상,승용,남,60세,상해없음
2021041300100297,2021년 4월 13일 14시,화요일,대전광역시 유성구 죽동,경상사고,0,0,2,0,차대차 - 추돌,안전운전불이행,건조,맑음,기타 - 기타,승용,남,48세,상해없음,승합,남,30세,경상
2021041300100335,2021년 4월 13일 15시,화요일,대전광역시 대덕구 신대동,경상사고,0,0,1,0,차대차 - 추돌,안전운전불이행,건조,맑음,교차로 - 교차로부근,승용,남,56세,상해없음,승용,남,30세,경상
2021041300100388,2021년 4월 13일 16시,화요일,대전광역시 서구 복수동,경상사고,0,0,1,0,차대사람 - 횡단중,안전운전불이행,건조,맑음,단일로 - 기타,이륜,남,23세,상해없음,보행자,남,8세,경상
2021041300100389,2021년 4월 13일 16시,화요일,대전광역시 대덕구 비래동,경상사고,0,0,1,0,차대차 - 측면충돌,교차로운행방법위반,건조,맑음,교차로 - 교차로안,승용,여,48세,상해없음,승용,남,40세,경상
2021041300100390,2021년 4월 13일 16시,화요일,대전광역시 서구 둔산동,경상사고,0,0,1,0,차대차 - 측면충돌,교차로운행방법위반,건조,맑음,교차로 - 교차로안,이륜,남,20세,상해없음,승용,여,63세,경상
2021041300100391,2021년 4월 13일 16시,화요일,대전광역시 서구 둔산동,경상사고,0,0,5,0,차대차 - 추돌,안전거리미확보,건조,맑음,교차로 - 교차로부근,승용,남,57세,상해없음,승용,남,79세,경상
2021041300100392,2021년 4월 13일 16시,화요일,대전광역시 유성구 학하동,경상사고,0,0,1,0,차대차 - 측면충돌,직진우회전진행방해,건조,맑음,교차로 - 교차로안,화물,남,38세,상해없음,승용,여,28세,경상
2021041300100433,2021년 4월 13일 17시,화요일,대전광역시 유성구 원신흥동,중상사고,0,1,0,0,차대차 - 기타,신호위반,건조,맑음,교차로 - 교차로안,승용,여,22세,상해없음,승용,남,43세,중상
2021041300100484,2021년 4월 13일 18시,화요일,대전광역시 서구 가수원동,경상사고,0,0,1,0,차대사람 - 기타,안전운전불이행,건조,맑음,주차장 - 주차장,승용,여,48세,상해없음,보행자,여,25세,경상
2021041300100485,2021년 4월 13일 18시,화요일,대전광역시 서구 복수동,경상사고,0,0,1,0,차대사람 - 기타,기타,건조,맑음,교차로 - 교차로부근,승합,남,50세,상해없음,보행자,여,71세,경상
2021041300100581,2021년 4월 13일 21시,화요일,대전광역시 유성구 도룡동,경상사고,0,0,1,0,차대차 - 추돌,안전운전불이행,건조,맑음,단일로 - 기타,승합,남,59세,상해없음,승용,남,48세,경상
2021041300100624,2021년 4월 13일 23시,화요일,대전광역시 서구 용문동,경상사고,0,0,1,0,차대차 - 기타,안전운전불이행,건조,맑음,교차로 - 교차로부근,승용,남,26세,상해없음,승용,남,23세,경상
2021041400100017,2021년 4월 14일 04시,수요일,대전광역시 유성구 대정동,중상사고,0,1,0,0,차대차 - 추돌,안전운전불이행,건조,맑음,교차로 - 교차로부근,화물,남,73세,상해없음,승용,여,62세,중상
2021041400100022,2021년 4월 14일 05시,수요일,대전광역시 동구 용운동,중상사고,0,1,0,0,차대사람 - 횡단중,안전운전불이행,건조,맑음,교차로 - 교차로부근,승용,남,57세,상해없음,보행자,남,61세,중상
2021041400100023,2021년 4월 14일 05시,수요일,대전광역시 서구 갈마동,경상사고,0,0,3,0,차대차 - 기타,기타,건조,맑음,교차로 - 교차로부근,승용,남,56세,경상,승용,남,37세,경상
2021041400100057,2021년 4월 14일 07시,수요일,대전광역시 대덕구 비래동,경상사고,0,0,1,0,차대차 - 측면충돌,신호위반,건조,맑음,교차로 - 교차로안,승합,남,54세,기타불명,화물,남,67세,경상
2021041400100088,2021년 4월 14일 08시,수요일,대전광역시 중구 유천동,경상사고,0,0,1,0,차대차 - 기타,신호위반,건조,맑음,교차로 - 교차로안,승용,남,58세,상해없음,승용,여,48세,경상
2021041400100205,2021년 4월 14일 12시,수요일,대전광역시 동구 가양동,경상사고,0,0,1,0,차대차 - 측면충돌,안전운전불이행,건조,맑음,교차로 - 교차로안,승용,여,35세,상해없음,승용,여,62세,경상
2021041400100206,2021년 4월 14일 12시,수요일,대전광역시 서구 정림동,경상사고,0,0,1,0,차대차 - 측면충돌,안전거리미확보,건조,맑음,단일로 - 기타,승용,남,67세,상해없음,자전거,남,78세,경상
2021041400100275,2021년 4월 14일 14시,수요일,대전광역시 중구 대사동,경상사고,0,0,1,0,차대차 - 측면충돌,교차로운행방법위반,건조,맑음,교차로 - 교차로안,승용,남,38세,상해없음,승용,남,32세,경상
2021041400100276,2021년 4월 14일 14시,수요일,대전광역시 서구 탄방동,경상사고,0,0,1,0,차대차 - 기타,안전운전불이행,건조,맑음,단일로 - 기타,승용,남,71세,기타불명,승용,남,37세,경상
2021041400100307,2021년 4월 14일 15시,수요일,대전광역시 서구 가장동,경상사고,0,0,1,0,차대사람 - 횡단중,안전운전불이행,건조,맑음,단일로 - 기타,승용,남,69세,상해없음,보행자,남,46세,경상
2021041400100308,2021년 4월 14일 15시,수요일,대전광역시 서구 괴곡동,중상사고,0,1,1,1,차대차 - 기타,불법유턴,건조,맑음,단일로 - 기타,승용,남,27세,부상신고,건설기계,남,52세,경상
2021041400100392,2021년 4월 14일 17시,수요일,대전광역시 중구 오류동,경상사고,0,0,1,0,차대사람 - 기타,안전운전불이행,건조,맑음,단일로 - 기타,승용,남,24세,상해없음,보행자,남,61세,경상
2021041400100394,2021년 4월 14일 17시,수요일,대전광역시 유성구 관평동,경상사고,0,0,1,0,차대차 - 추돌,안전운전불이행,건조,맑음,단일로 - 기타,승용,여,48세,상해없음,승용,남,53세,경상
2021041400100500,2021년 4월 14일 20시,수요일,대전광역시 유성구 관평동,경상사고,0,0,1,0,차대차 - 측면충돌,교차로운행방법위반,건조,맑음,교차로 - 교차로안,승용,남,29세,상해없음,이륜,남,23세,경상
2021041400100525,2021년 4월 14일 21시,수요일,대전광역시 동구 천동,경상사고,0,0,1,0,차대사람 - 횡단중,보행자보호의무위반,건조,맑음,교차로 - 교차로부근,승용,여,46세,상해없음,보행자,남,18세,경상
2021041500100022,2021년 4월 15일 03시,목요일,대전광역시 유성구 관평동,경상사고,0,0,1,0,차대차 - 추돌,안전운전불이행,건조,맑음,기타 - 기타,화물,남,55세,상해없음,자전거,남,97세,경상
2021041500100064,2021년 4월 15일 07시,목요일,대전광역시 유성구 관평동,경상사고,0,0,2,0,차대차 - 측면충돌,신호위반,건조,맑음,교차로 - 교차로부근,승용,남,45세,상해없음,승용,남,39세,상해없음
2021041500100099,2021년 4월 15일 08시,목요일,대전광역시 대덕구 오정동,중상사고,0,1,0,0,차대차 - 측면충돌,안전운전불이행,건조,맑음,교차로 - 교차로횡단보도내,승용,남,39세,상해없음,자전거,남,31세,중상
2021041500100132,2021년 4월 15일 09시,목요일,대전광역시 서구 만년동,경상사고,0,0,2,0,차대차 - 기타,교차로운행방법위반,건조,맑음,교차로 - 교차로안,승용,여,35세,상해없음,승용,여,28세,경상
2021041500100152,2021년 4월 15일 10시,목요일,대전광역시 중구 대흥동,경상사고,0,0,1,0,차대차 - 측면충돌,안전거리미확보,건조,맑음,교차로 - 교차로안,승합,남,53세,상해없음,승용,남,26세,경상
2021041500100292,2021년 4월 15일 14시,목요일,대전광역시 서구 관저동,경상사고,0,0,1,0,차대사람 - 기타,안전운전불이행,건조,맑음,교차로 - 교차로부근,승합,남,54세,상해없음,보행자,남,82세,경상
2021041500100293,2021년 4월 15일 14시,목요일,대전광역시 서구 월평동,경상사고,0,0,2,0,차대차 - 추돌,안전거리미확보,건조,맑음,교차로 - 교차로부근,화물,남,78세,기타불명,화물,남,48세,경상
2021041500100325,2021년 4월 15일 15시,목요일,대전광역시 서구 월평동,경상사고,0,0,1,0,차대차 - 추돌,신호위반,건조,맑음,교차로 - 교차로안,승용,남,59세,기타불명,승용,남,33세,경상
2021041500100326,2021년 4월 15일 15시,목요일,대전광역시 유성구 구암동,중상사고,0,1,0,0,차대사람 - 차도통행중,안전운전불이행,건조,맑음,교차로 - 교차로안,화물,남,62세,상해없음,보행자,여,75세,중상
2021041500100364,2021년 4월 15일 16시,목요일,대전광역시 대덕구 석봉동,중상사고,0,1,0,0,차대차 - 측면충돌,교차로운행방법위반,건조,맑음,교차로 - 교차로안,승용,남,35세,기타불명,승용,여,55세,중상
2021041500100412,2021년 4월 15일 17시,목요일,대전광역시 동구 가오동,중상사고,0,1,0,0,차대차 - 측면충돌,신호위반,건조,맑음,교차로 - 교차로안,승용,여,55세,상해없음,이륜,여,19세,중상
2021041500100413,2021년 4월 15일 17시,목요일,대전광역시 유성구 장대동,경상사고,0,0,1,0,차대차 - 측면충돌,신호위반,건조,맑음,교차로 - 교차로안,승용,여,64세,상해없음,화물,여,52세,경상
2021041500100414,2021년 4월 15일 17시,목요일,대전광역시 유성구 구암동,경상사고,0,0,1,0,차대차 - 추돌,안전운전불이행,건조,맑음,기타 - 기타,승용,남,34세,상해없음,승용,남,55세,경상
2021041500100468,2021년 4월 15일 18시,목요일,대전광역시 중구 용두동,경상사고,0,0,2,0,차대차 - 기타,교차로운행방법위반,건조,맑음,교차로 - 교차로안,승용,남,63세,경상,승용,여,40세,경상
2021041500100469,2021년 4월 15일 18시,목요일,대전광역시 중구 대흥동,경상사고,0,0,1,0,차대차 - 추돌,안전운전불이행,건조,맑음,단일로 - 기타,승용,남,62세,상해없음,승용,남,40세,경상
2021041500100470,2021년 4월 15일 18시,목요일,대전광역시 대덕구 비래동,중상사고,0,1,0,0,차대차 - 측면충돌,안전운전불이행,건조,맑음,교차로 - 교차로안,승용,남,24세,상해없음,이륜,남,53세,중상
2021041500100551,2021년 4월 15일 20시,목요일,대전광역시 서구 내동,경상사고,0,0,1,0,차대사람 - 횡단중,보행자보호의무위반,건조,맑음,교차로 - 교차로횡단보도내,기타불명,기타불명,미분류,기타불명,보행자,남,16세,경상
2021041500100576,2021년 4월 15일 21시,목요일,대전광역시 동구 성남동,경상사고,0,0,1,0,차대차 - 추돌,안전운전불이행,건조,맑음,단일로 - 기타,승용,남,23세,상해없음,승용,남,60세,경상
2021041500100627,2021년 4월 15일 23시,목요일,대전광역시 중구 산성동,경상사고,0,0,1,0,차대차 - 측면충돌,중앙선침범,건조,맑음,교차로 - 교차로부근,승용,남,17세,상해없음,승용,여,61세,경상
2021041500100628,2021년 4월 15일 23시,목요일,대전광역시 동구 판암동,경상사고,0,0,1,0,차대차 - 추돌,안전운전불이행,건조,맑음,교차로 - 교차로부근,승용,남,51세,상해없음,승용,남,24세,경상
2021041600100068,2021년 4월 16일 07시,금요일,대전광역시 동구 가양동,경상사고,0,0,1,0,차대차 - 측면충돌,안전운전불이행,건조,맑음,단일로 - 기타,건설기계,남,41세,상해없음,승용,남,27세,경상
2021041600100069,2021년 4월 16일 07시,금요일,대전광역시 서구 도마동,중상사고,0,1,0,0,차대차 - 측면충돌,안전운전불이행,건조,맑음,교차로 - 교차로횡단보도내,승용,남,26세,상해없음,자전거,남,83세,중상
2021041600100158,2021년 4월 16일 10시,금요일,대전광역시 유성구 구암동,경상사고,0,0,1,0,차대차 - 후진중충돌,안전운전불이행,건조,맑음,기타 - 기타,승합,남,57세,상해없음,이륜,남,27세,경상
2021041600100182,2021년 4월 16일 11시,금요일,대전광역시 중구 부사동,경상사고,0,0,1,0,차량단독 - 기타,안전운전불이행,건조,맑음,단일로 - 기타,승합,남,59세,상해없음,,,,
2021041600100210,2021년 4월 16일 12시,금요일,대전광역시 중구 목동,중상사고,0,1,0,0,차대사람 - 횡단중,중앙선침범,건조,맑음,단일로 - 기타,승용,남,66세,상해없음,보행자,여,70세,중상
2021041600100241,2021년 4월 16일 13시,금요일,대전광역시 중구 대흥동,경상사고,0,0,2,0,차대차 - 측면충돌,안전거리미확보,건조,맑음,단일로 - 기타,승용,남,35세,상해없음,승용,남,71세,경상
2021041600100268,2021년 4월 16일 14시,금요일,대전광역시 대덕구 신일동,경상사고,0,0,2,0,차대차 - 측면충돌,안전운전불이행,건조,맑음,교차로 - 교차로부근,화물,남,44세,상해없음,승용,여,32세,경상
2021041600100269,2021년 4월 16일 14시,금요일,대전광역시 유성구 봉명동,경상사고,0,0,1,0,차대차 - 기타,안전운전불이행,젖음/습기,흐림,단일로 - 기타,승용,남,26세,기타불명,승용,남,26세,경상
2021041600100346,2021년 4월 16일 16시,금요일,대전광역시 대덕구 신대동,경상사고,0,0,4,0,차대차 - 추돌,안전운전불이행,건조,맑음,단일로 - 기타,승용,여,25세,상해없음,승합,남,23세,경상
2021041600100429,2021년 4월 16일 18시,금요일,대전광역시 대덕구 중리동,경상사고,0,0,1,0,차대차 - 측면충돌,중앙선침범,건조,맑음,교차로 - 교차로안,승용,남,51세,상해없음,승용,남,62세,경상
2021041600100471,2021년 4월 16일 19시,금요일,대전광역시 서구 내동,경상사고,0,0,1,0,차대차 - 추돌,안전운전불이행,건조,맑음,단일로 - 기타,승용,여,24세,상해없음,승용,여,39세,경상
2021041600100499,2021년 4월 16일 20시,금요일,대전광역시 동구 자양동,경상사고,0,0,1,0,차대사람 - 보도통행중,신호위반,건조,맑음,단일로 - 기타,원동기,남,20세,상해없음,보행자,남,20세,경상
2021041600100531,2021년 4월 16일 21시,금요일,대전광역시 서구 변동,경상사고,0,0,1,0,차대차 - 측면충돌,안전운전불이행,건조,맑음,교차로 - 교차로안,이륜,남,39세,상해없음,이륜,남,22세,경상
2021041600100532,2021년 4월 16일 21시,금요일,대전광역시 유성구 장대동,중상사고,0,1,0,0,차대차 - 정면충돌,신호위반,건조,맑음,교차로 - 교차로안,이륜,남,22세,상해없음,개인형이동수단(PM),남,24세,중상
2021041600100568,2021년 4월 16일 22시,금요일,대전광역시 중구 대흥동,중상사고,0,1,0,0,차대차 - 추돌,안전운전불이행,건조,맑음,기타 - 기타,승용,남,56세,상해없음,승용,남,58세,중상
2021041600100569,2021년 4월 16일 22시,금요일,대전광역시 동구 대동,경상사고,0,0,1,0,차대사람 - 기타,안전운전불이행,건조,맑음,단일로 - 기타,승용,남,62세,상해없음,보행자,남,51세,경상
2021041600100570,2021년 4월 16일 22시,금요일,대전광역시 서구 갈마동,중상사고,0,1,1,0,차대차 - 기타,안전운전불이행,건조,맑음,기타 - 기타,개인형이동수단(PM),남,70세,중상,원동기,남,40세,경상
2021041700100011,2021년 4월 17일 00시,토요일,대전광역시 유성구 봉명동,경상사고,0,0,1,0,차대차 - 기타,신호위반,건조,맑음,교차로 - 교차로안,승용,남,67세,상해없음,승용,남,25세,경상
2021041700100022,2021년 4월 17일 01시,토요일,대전광역시 중구 대사동,경상사고,0,0,2,0,차대차 - 추돌,안전운전불이행,건조,맑음,교차로 - 교차로안,승용,남,38세,상해없음,승용,남,68세,경상
2021041700100051,2021년 4월 17일 05시,토요일,대전광역시 중구 은행동,경상사고,0,0,4,0,차대차 - 기타,안전운전불이행,건조,맑음,교차로 - 교차로안,이륜,남,58세,상해없음,승용,남,61세,경상
2021041700100119,2021년 4월 17일 09시,토요일,대전광역시 서구 둔산동,중상사고,0,1,0,0,차대차 - 기타,안전운전불이행,건조,맑음,교차로 - 교차로부근,화물,남,64세,상해없음,자전거,남,86세,중상
2021041700100120,2021년 4월 17일 09시,토요일,대전광역시 유성구 상대동,경상사고,0,0,2,0,차대차 - 추돌,안전운전불이행,건조,맑음,기타 - 기타,승용,남,44세,기타불명,승용,여,47세,경상
2021041700100121,2021년 4월 17일 09시,토요일,대전광역시 유성구 죽동,경상사고,0,0,2,0,차대차 - 후진중충돌,안전운전불이행,건조,맑음,교차로 - 교차로안,승용,남,41세,상해없음,승용,남,38세,경상
2021041700100147,2021년 4월 17일 10시,토요일,대전광역시 동구 성남동,중상사고,0,1,0,0,차대사람 - 기타,안전운전불이행,건조,맑음,단일로 - 기타,화물,남,57세,상해없음,보행자,여,80세,중상
2021041700100148,2021년 4월 17일 10시,토요일,대전광역시 동구 판암동,경상사고,0,0,1,0,차대차 - 추돌,안전운전불이행,건조,맑음,교차로 - 교차로안,승합,남,51세,상해없음,승용,남,51세,경상
2021041700100172,2021년 4월 17일 11시,토요일,대전광역시 대덕구 신대동,경상사고,0,0,3,0,차대차 - 추돌,안전거리미확보,건조,맑음,단일로 - 기타,건설기계,남,47세,경상,승합,남,58세,경상
2021041700100183,2021년 4월 17일 11시,토요일,대전광역시 중구 오류동,경상사고,0,0,1,0,차대차 - 기타,안전운전불이행,건조,맑음,교차로 - 교차로안,승용,남,29세,상해없음,승용,남,48세,경상
2021041700100268,2021년 4월 17일 13시,토요일,대전광역시 동구 자양동,경상사고,0,0,1,0,차대사람 - 기타,안전운전불이행,건조,맑음,교차로 - 교차로안,화물,남,58세,상해없음,보행자,여,47세,경상
2021041700100269,2021년 4월 17일 13시,토요일,대전광역시 서구 월평동,경상사고,0,0,4,0,차대차 - 추돌,안전운전불이행,건조,맑음,단일로 - 교량,승용,남,30세,상해없음,승용,남,29세,경상
2021041700100270,2021년 4월 17일 13시,토요일,대전광역시 서구 월평동,경상사고,0,0,3,0,차대차 - 기타,안전운전불이행,건조,맑음,단일로 - 기타,승용,여,34세,상해없음,승용,남,68세,경상
2021041700100309,2021년 4월 17일 14시,토요일,대전광역시 서구 가장동,경상사고,0,0,1,0,차대차 - 추돌,안전운전불이행,건조,맑음,교차로 - 교차로부근,승용,여,58세,상해없음,승용,여,32세,경상
2021041700100310,2021년 4월 17일 14시,토요일,대전광역시 대덕구 오정동,경상사고,0,0,2,0,차대차 - 기타,안전운전불이행,건조,맑음,교차로 - 교차로안,승용,여,24세,상해없음,승용,남,38세,기타불명
2021041700100395,2021년 4월 17일 16시,토요일,대전광역시 유성구 구암동,부상신고사고,0,0,0,1,차대차 - 측면충돌,안전운전불이행,건조,맑음,단일로 - 기타,승용,남,29세,상해없음,자전거,남,77세,부상신고
2021041700100443,2021년 4월 17일 17시,토요일,대전광역시 중구 산성동,경상사고,0,0,1,0,차대사람 - 기타,안전운전불이행,건조,맑음,단일로 - 기타,승용,여,55세,상해없음,보행자,여,68세,경상
2021041700100505,2021년 4월 17일 19시,토요일,대전광역시 대덕구 법동,경상사고,0,0,1,0,차대차 - 측면충돌,안전거리미확보,건조,맑음,단일로 - 기타,이륜,남,24세,경상,화물,남,45세,상해없음
2021041700100530,2021년 4월 17일 20시,토요일,대전광역시 동구 삼성동,경상사고,0,0,8,0,차대차 - 기타,교차로운행방법위반,건조,맑음,교차로 - 교차로안,승용,여,47세,경상,승용,여,43세,경상
2021041700100579,2021년 4월 17일 22시,토요일,대전광역시 중구 목동,중상사고,0,1,0,0,차대사람 - 차도통행중,안전운전불이행,건조,맑음,교차로 - 교차로안,승용,남,33세,상해없음,보행자,여,62세,중상
2021041800100010,2021년 4월 18일 00시,일요일,대전광역시 유성구 봉명동,경상사고,0,0,1,0,차대차 - 기타,안전운전불이행,건조,맑음,교차로 - 교차로횡단보도내,이륜,남,49세,상해없음,이륜,남,19세,경상
2021041800100011,2021년 4월 18일 00시,일요일,대전광역시 유성구 방동,중상사고,0,1,0,0,차대차 - 기타,안전운전불이행,건조,맑음,교차로 - 교차로부근,승용,남,76세,상해없음,이륜,남,30세,중상
2021041800100045,2021년 4월 18일 06시,일요일,대전광역시 중구 오류동,경상사고,0,0,1,0,차대차 - 기타,안전운전불이행,건조,맑음,단일로 - 기타,자전거,남,33세,상해없음,승합,남,52세,상해없음
2021041800100086,2021년 4월 18일 10시,일요일,대전광역시 대덕구 오정동,중상사고,0,1,0,0,차대차 - 기타,불법유턴,건조,맑음,단일로 - 기타,자전거,남,81세,중상,승용,여,51세,상해없음
2021041800100087,2021년 4월 18일 10시,일요일,대전광역시 유성구 둔곡동,경상사고,0,0,1,0,차대차 - 기타,신호위반,건조,맑음,교차로 - 교차로안,건설기계,남,59세,상해없음,승용,남,80세,경상
2021041800100099,2021년 4월 18일 11시,일요일,대전광역시 중구 문화동,경상사고,0,0,1,0,차대차 - 후진중충돌,안전운전불이행,건조,맑음,교차로 - 교차로부근,화물,남,56세,상해없음,승용,여,51세,경상
2021041800100100,2021년 4월 18일 11시,일요일,대전광역시 유성구 죽동,경상사고,0,0,2,0,차대차 - 후진중충돌,안전운전불이행,건조,맑음,단일로 - 기타,승용,남,34세,상해없음,승용,남,46세,경상
2021041800100131,2021년 4월 18일 12시,일요일,대전광역시 동구 대성동,경상사고,0,0,1,0,차대사람 - 기타,신호위반,건조,맑음,단일로 - 기타,승용,남,66세,상해없음,보행자,남,80세,경상
2021041800100162,2021년 4월 18일 13시,일요일,대전광역시 서구 관저동,중상사고,0,1,0,0,차대차 - 기타,안전거리미확보,건조,맑음,단일로 - 기타,승용,남,33세,상해없음,이륜,남,38세,중상
2021041800100163,2021년 4월 18일 13시,일요일,대전광역시 서구 괴정동,경상사고,0,0,1,0,차대사람 - 보도통행중,안전운전불이행,건조,맑음,단일로 - 기타,승용,여,59세,상해없음,보행자,여,20세,경상
2021041800100165,2021년 4월 18일 13시,일요일,대전광역시 유성구 관평동,경상사고,0,0,1,0,차대차 - 기타,안전운전불이행,건조,맑음,교차로 - 교차로안,승용,남,45세,기타불명,이륜,남,24세,경상
2021041800100193,2021년 4월 18일 14시,일요일,대전광역시 유성구 장대동,경상사고,0,0,1,0,차대차 - 측면충돌,안전운전불이행,건조,맑음,단일로 - 기타,승용,남,36세,상해없음,이륜,여,38세,경상
2021041800100218,2021년 4월 18일 15시,일요일,대전광역시 중구 산성동,경상사고,0,0,2,0,차대차 - 측면충돌,중앙선침범,건조,맑음,단일로 - 기타,승용,남,74세,상해없음,승용,남,73세,경상
2021041800100219,2021년 4월 18일 15시,일요일,대전광역시 서구 도안동,경상사고,0,0,3,0,차대차 - 측면충돌,안전운전불이행,건조,맑음,교차로 - 교차로부근,이륜,남,20세,기타불명,승용,남,34세,경상
2021041800100280,2021년 4월 18일 17시,일요일,대전광역시 유성구 송정동,경상사고,0,0,3,0,차대차 - 추돌,안전운전불이행,건조,맑음,단일로 - 기타,승용,여,23세,상해없음,승용,여,34세,경상
2021041800100319,2021년 4월 18일 18시,일요일,대전광역시 서구 둔산동,중상사고,0,1,0,0,차대차 - 기타,신호위반,건조,맑음,교차로 - 교차로안,이륜,남,31세,상해없음,이륜,남,36세,중상
2021041800100320,2021년 4월 18일 18시,일요일,대전광역시 유성구 봉명동,중상사고,0,1,0,0,차대차 - 측면충돌,신호위반,건조,맑음,교차로 - 교차로안,승용,남,44세,상해없음,이륜,남,28세,중상
2021041800100354,2021년 4월 18일 20시,일요일,대전광역시 대덕구 신대동,경상사고,0,0,2,0,차대차 - 추돌,안전운전불이행,건조,맑음,단일로 - 기타,승합,남,50세,상해없음,승용,여,55세,경상
2021041800100367,2021년 4월 18일 20시,일요일,대전광역시 서구 내동,중상사고,0,1,0,0,차대차 - 기타,신호위반,건조,맑음,교차로 - 교차로안,승용,여,47세,상해없음,이륜,남,40세,중상
2021041800100394,2021년 4월 18일 21시,일요일,대전광역시 서구 내동,경상사고,0,0,3,0,차대차 - 기타,중앙선침범,건조,맑음,교차로 - 교차로안,승용,남,69세,경상,승용,남,43세,경상