사고번호,사고일시,요일,시군구,사고내용,사망자수,중상자수,경상자수,부상신고자수,사고유형,법규위반,노면상태,기상상태,도로형태,가해운전자 차종,가해운전자 성별,가해운전자 연령,가해운전자 상해정도,피해운전자 차종,피해운전자 성별,피해운전자 연령,피해운전자 상해정도
2021042400100362,2021년 4월 24일 16시,토요일,대전광역시 동구 삼정동,경상사고,0,0,1,0,차대차 - 측면충돌,신호위반,건조,맑음,기타 - 기타,승용,남,46세,상해없음,승용,남,42세,상해없음
2021042400100377,2021년 4월 24일 16시,토요일,대전광역시 동구 자양동,경상사고,0,0,1,1,차대차 - 후진중충돌,안전운전불이행,건조,맑음,교차로 - 교차로안,승용,남,26세,부상신고,승용,여,67세,경상
2021042400100417,2021년 4월 24일 17시,토요일,대전광역시 중구 대흥동,경상사고,0,0,2,0,차대차 - 기타,신호위반,건조,흐림,교차로 - 교차로안,승용,남,46세,상해없음,승용,남,72세,경상
2021042400100463,2021년 4월 24일 18시,토요일,대전광역시 유성구 장대동,경상사고,0,0,4,1,차대차 - 측면충돌,안전운전불이행,건조,맑음,단일로 - 기타,승용,남,23세,경상,승용,여,51세,경상
2021042400100503,2021년 4월 24일 19시,토요일,대전광역시 서구 도마동,중상사고,0,1,0,0,차대사람 - 기타,안전운전불이행,건조,맑음,주차장 - 주차장,승용,남,69세,상해없음,보행자,남,79세,중상
2021042400100540,2021년 4월 24일 20시,토요일,대전광역시 대덕구 중리동,경상사고,0,0,1,0,차대사람 - 차도통행중,안전운전불이행,건조,맑음,교차로 - 교차로부근,승용,남,55세,상해없음,보행자,여,39세,경상
2021042400100541,2021년 4월 24일 20시,토요일,대전광역시 서구 갈마동,경상사고,0,0,1,0,차대차 - 기타,안전운전불이행,건조,맑음,교차로 - 교차로안,승용,남,26세,상해없음,승용,남,26세,경상
2021042400100594,2021년 4월 24일 22시,토요일,대전광역시 서구 갈마동,경상사고,0,0,1,0,차대사람 - 기타,안전운전불이행,건조,맑음,단일로 - 기타,승용,남,29세,상해없음,보행자,남,26세,경상
2021042400100595,2021년 4월 24일 22시,토요일,대전광역시 유성구 하기동,경상사고,0,0,1,0,차대사람 - 차도통행중,안전운전불이행,건조,맑음,단일로 - 기타,자전거,기타불명,미분류,기타불명,보행자,여,24세,경상
2021042500100026,2021년 4월 25일 02시,일요일,대전광역시 동구 용운동,경상사고,0,0,1,0,차대차 - 측면충돌,안전운전불이행,건조,맑음,교차로 - 교차로안,이륜,남,42세,경상,승용,남,27세,상해없음
2021042500100030,2021년 4월 25일 03시,일요일,대전광역시 중구 대흥동,경상사고,0,0,1,0,차대차 - 기타,안전운전불이행,건조,맑음,교차로 - 교차로안,승용,남,18세,상해없음,승용,남,63세,상해없음
2021042500100074,2021년 4월 25일 09시,일요일,대전광역시 유성구 궁동,경상사고,0,0,1,0,차대사람 - 기타,안전운전불이행,건조,맑음,단일로 - 기타,승용,남,26세,상해없음,보행자,남,60세,경상
2021042500100096,2021년 4월 25일 10시,일요일,대전광역시 서구 가수원동,경상사고,0,0,1,0,차대차 - 기타,안전운전불이행,건조,맑음,교차로 - 교차로안,승용,남,40세,상해없음,승용,남,19세,경상
2021042500100097,2021년 4월 25일 10시,일요일,대전광역시 대덕구 신탄진동,중상사고,0,1,1,0,차대차 - 정면충돌,기타,건조,맑음,단일로 - 기타,승용,남,20세,상해없음,건설기계,남,50세,기타불명
2021042500100166,2021년 4월 25일 12시,일요일,대전광역시 유성구 봉산동,경상사고,0,0,2,0,차대차 - 측면충돌,교차로운행방법위반,건조,맑음,교차로 - 교차로안,승용,남,63세,상해없음,승용,남,30세,경상
2021042500100167,2021년 4월 25일 12시,일요일,대전광역시 유성구 봉명동,경상사고,0,0,1,0,차대차 - 기타,안전운전불이행,건조,맑음,교차로 - 교차로안,승합,남,38세,상해없음,이륜,남,27세,경상
2021042500100201,2021년 4월 25일 13시,일요일,대전광역시 중구 유천동,경상사고,0,0,1,0,차대차 - 측면충돌,기타,건조,맑음,교차로 - 교차로부근,이륜,남,48세,상해없음,자전거,여,6세,경상
2021042500100202,2021년 4월 25일 13시,일요일,대전광역시 중구 중촌동,중상사고,0,1,0,0,차대사람 - 기타,안전운전불이행,건조,맑음,단일로 - 기타,승용,여,48세,상해없음,보행자,여,75세,중상
2021042500100288,2021년 4월 25일 15시,일요일,대전광역시 유성구 지족동,경상사고,0,0,1,0,차대차 - 기타,안전운전불이행,건조,맑음,교차로 - 교차로횡단보도내,승용,여,37세,상해없음,자전거,남,12세,경상
2021042500100289,2021년 4월 25일 15시,일요일,대전광역시 유성구 용계동,경상사고,0,0,1,0,차대차 - 측면충돌,차로위반,건조,맑음,기타 - 기타,승용,남,40세,상해없음,승용,남,62세,상해없음
2021042500100366,2021년 4월 25일 17시,일요일,대전광역시 동구 대성동,경상사고,0,0,1,0,차대차 - 기타,안전운전불이행,건조,맑음,교차로 - 교차로안,승용,남,54세,상해없음,이륜,남,78세,경상
2021042500100426,2021년 4월 25일 19시,일요일,대전광역시 중구 문화동,경상사고,0,0,1,0,차대차 - 측면충돌,신호위반,건조,맑음,교차로 - 교차로안,승용,남,71세,상해없음,자전거,남,12세,경상
2021042500100448,2021년 4월 25일 20시,일요일,대전광역시 동구 자양동,중상사고,0,2,0,0,차대차 - 측면충돌,안전운전불이행,건조,맑음,교차로 - 교차로안,승용,남,46세,상해없음,이륜,여,46세,중상
2021042500100478,2021년 4월 25일 22시,일요일,대전광역시 중구 선화동,중상사고,0,1,0,0,차대사람 - 횡단중,중앙선침범,건조,기타,교차로 - 교차로횡단보도내,이륜,남,29세,상해없음,보행자,남,72세,중상
2021042500100479,2021년 4월 25일 22시,일요일,대전광역시 서구 탄방동,중상사고,0,1,1,0,차대차 - 기타,신호위반,건조,맑음,교차로 - 교차로안,승용,여,21세,상해없음,승용,남,59세,경상
2021042500100494,2021년 4월 25일 23시,일요일,대전광역시 서구 탄방동,경상사고,0,0,1,0,차대차 - 기타,안전운전불이행,건조,맑음,교차로 - 교차로안,승용,남,55세,상해없음,이륜,남,27세,경상
2021042600100011,2021년 4월 26일 03시,월요일,대전광역시 서구 둔산동,경상사고,0,0,1,0,차대사람 - 기타,안전운전불이행,건조,맑음,단일로 - 기타,기타불명,기타불명,미분류,기타불명,보행자,남,23세,경상
2021042600100012,2021년 4월 26일 03시,월요일,대전광역시 서구 갈마동,경상사고,0,0,2,0,차대차 - 추돌,안전운전불이행,건조,맑음,단일로 - 기타,승용,남,24세,상해없음,승용,남,61세,경상
2021042600100065,2021년 4월 26일 07시,월요일,대전광역시 동구 삼성동,경상사고,0,0,1,0,차대차 - 측면충돌,교차로운행방법위반,건조,맑음,교차로 - 교차로안,승용,여,49세,상해없음,원동기,남,38세,경상
2021042600100066,2021년 4월 26일 07시,월요일,대전광역시 서구 둔산동,경상사고,0,0,1,1,차대차 - 기타,안전운전불이행,건조,맑음,단일로 - 기타,승용,남,52세,부상신고,승용,여,39세,경상
2021042600100115,2021년 4월 26일 08시,월요일,대전광역시 동구 용운동,경상사고,0,0,1,0,차대차 - 기타,안전운전불이행,건조,맑음,단일로 - 기타,승용,남,66세,상해없음,승용,남,26세,경상
2021042600100116,2021년 4월 26일 08시,월요일,대전광역시 대덕구 오정동,중상사고,0,3,3,0,차대차 - 측면충돌,신호위반,건조,맑음,교차로 - 교차로부근,승용,남,61세,상해없음,승합,남,52세,경상
2021042600100117,2021년 4월 26일 08시,월요일,대전광역시 대덕구 오정동,경상사고,0,0,1,0,차대차 - 기타,안전운전불이행,건조,맑음,단일로 - 기타,이륜,남,57세,기타불명,승용,여,30세,기타불명
2021042600100118,2021년 4월 26일 08시,월요일,대전광역시 대덕구 상서동,경상사고,0,0,1,0,차대차 - 추돌,안전운전불이행,건조,맑음,기타 - 기타,승용,남,68세,상해없음,화물,남,40세,경상
2021042600100119,2021년 4월 26일 08시,월요일,대전광역시 서구 탄방동,경상사고,0,0,2,0,차대차 - 추돌,안전운전불이행,건조,맑음,단일로 - 기타,승용,남,31세,상해없음,승용,남,55세,경상
2021042600100155,2021년 4월 26일 09시,월요일,대전광역시 중구 문화동,경상사고,0,0,1,0,차대차 - 측면충돌,교차로운행방법위반,건조,맑음,교차로 - 교차로안,승합,남,59세,상해없음,승용,남,73세,경상
2021042600100156,2021년 4월 26일 09시,월요일,대전광역시 동구 원동,중상사고,0,1,0,0,차대사람 - 차도통행중,안전운전불이행,건조,맑음,교차로 - 교차로안,화물,남,42세,상해없음,보행자,여,84세,중상
2021042600100188,2021년 4월 26일 10시,월요일,대전광역시 서구 가수원동,경상사고,0,0,1,0,차대차 - 측면충돌,안전운전불이행,건조,맑음,교차로 - 교차로안,이륜,남,55세,상해없음,승용,여,64세,경상
2021042600100189,2021년 4월 26일 10시,월요일,대전광역시 서구 둔산동,경상사고,0,0,1,0,차대사람 - 기타,안전운전불이행,건조,맑음,교차로 - 교차로안,승용,남,61세,상해없음,보행자,여,42세,경상
2021042600100190,2021년 4월 26일 10시,월요일,대전광역시 유성구 가정동,중상사고,0,1,0,0,차대차 - 기타,신호위반,건조,맑음,교차로 - 교차로안,승용,남,26세,상해없음,승용,남,69세,중상
2021042600100246,2021년 4월 26일 12시,월요일,대전광역시 동구 인동,중상사고,0,1,0,0,차대차 - 기타,신호위반,건조,맑음,교차로 - 교차로안,자전거,여,59세,중상,이륜,남,51세,상해없음
2021042600100247,2021년 4월 26일 12시,월요일,대전광역시 서구 월평동,중상사고,0,1,0,0,차대차 - 기타,안전운전불이행,건조,맑음,교차로 - 교차로안,승용,여,34세,상해없음,승용,남,53세,중상
2021042600100248,2021년 4월 26일 12시,월요일,대전광역시 서구 둔산동,경상사고,0,0,1,0,차대차 - 기타,안전운전불이행,건조,맑음,교차로 - 교차로안,승용,남,41세,상해없음,승합,남,58세,상해없음
2021042600100249,2021년 4월 26일 12시,월요일,대전광역시 유성구 반석동,경상사고,0,0,1,0,차대사람 - 횡단중,안전운전불이행,건조,맑음,교차로 - 교차로횡단보도내,승용,여,55세,상해없음,보행자,여,62세,경상
2021042600100290,2021년 4월 26일 13시,월요일,대전광역시 유성구 방동,경상사고,0,0,1,0,차대차 - 기타,안전운전불이행,건조,맑음,단일로 - 기타,승용,여,56세,기타불명,승용,남,38세,경상
2021042600100326,2021년 4월 26일 14시,월요일,대전광역시 중구 대흥동,중상사고,0,1,0,0,차대사람 - 횡단중,보행자보호의무위반,건조,맑음,교차로 - 교차로안,승합,남,50세,상해없음,보행자,여,78세,중상
2021042600100328,2021년 4월 26일 14시,월요일,대전광역시 유성구 원내동,경상사고,0,0,1,0,차대차 - 기타,안전운전불이행,건조,맑음,교차로 - 교차로안,화물,남,55세,상해없음,승용,남,59세,경상
2021042600100494,2021년 4월 26일 18시,월요일,대전광역시 유성구 용산동,경상사고,0,0,3,0,차대차 - 기타,안전거리미확보,건조,맑음,기타 - 기타,승용,남,23세,기타불명,승용,여,30세,경상
2021042600100532,2021년 4월 26일 19시,월요일,대전광역시 유성구 계산동,경상사고,0,0,1,0,차대차 - 추돌,안전운전불이행,건조,맑음,단일로 - 기타,승용,남,59세,상해없음,승용,남,42세,경상
2021042600100582,2021년 4월 26일 21시,월요일,대전광역시 유성구 봉명동,경상사고,0,0,1,0,차대차 - 측면충돌,교차로운행방법위반,건조,맑음,교차로 - 교차로안,승용,남,56세,상해없음,승용,남,54세,상해없음
2021042600100612,2021년 4월 26일 22시,월요일,대전광역시 중구 산성동,경상사고,0,0,1,0,차대사람 - 기타,안전운전불이행,건조,맑음,교차로 - 교차로안,화물,남,57세,상해없음,보행자,남,47세,경상
2021042600100625,2021년 4월 26일 23시,월요일,대전광역시 유성구 봉명동,경상사고,0,0,1,0,차대차 - 추돌,안전운전불이행,건조,맑음,교차로 - 교차로안,승용,여,44세,상해없음,승용,남,57세,경상
2021042700100127,2021년 4월 27일 09시,화요일,대전광역시 대덕구 와동,경상사고,0,0,1,0,차대차 - 측면충돌,안전운전불이행,건조,맑음,단일로 - 기타,건설기계,남,55세,상해없음,승용,남,44세,경상
2021042700100155,2021년 4월 27일 10시,화요일,대전광역시 중구 은행동,경상사고,0,0,1,0,차대차 - 추돌,안전운전불이행,건조,맑음,단일로 - 기타,화물,남,55세,상해없음,승용,남,30세,경상
2021042700100156,2021년 4월 27일 10시,화요일,대전광역시 동구 용전동,중상사고,0,1,2,0,차대차 - 추돌,안전거리미확보,건조,맑음,단일로 - 기타,승용,남,39세,상해없음,승합,남,58세,중상
2021042700100223,2021년 4월 27일 12시,화요일,대전광역시 유성구 원내동,중상사고,0,1,0,0,차량단독 - 전도전복 - 전도,안전운전불이행,건조,맑음,단일로 - 기타,승합,남,55세,상해없음,,,,
2021042700100284,2021년 4월 27일 14시,화요일,대전광역시 서구 월평동,부상신고사고,0,0,0,1,차대차 - 기타,안전운전불이행,건조,맑음,교차로 - 교차로안,개인형이동수단(PM),남,19세,부상신고,승용,여,45세,상해없음
2021042700100313,2021년 4월 27일 15시,화요일,대전광역시 동구 원동,경상사고,0,0,1,0,차대차 - 측면충돌,안전거리미확보,건조,맑음,단일로 - 기타,승용,남,76세,상해없음,승합,남,39세,경상
2021042700100314,2021년 4월 27일 15시,화요일,대전광역시 대덕구 오정동,중상사고,0,1,0,0,차대차 - 측면충돌,교차로운행방법위반,건조,맑음,교차로 - 교차로안,승용,남,60세,상해없음,원동기,남,65세,중상
2021042700100357,2021년 4월 27일 16시,화요일,대전광역시 서구 도마동,경상사고,0,0,1,0,차대차 - 기타,신호위반,건조,맑음,교차로 - 교차로안,승용,남,57세,기타불명,화물,남,47세,경상
2021042700100444,2021년 4월 27일 18시,화요일,대전광역시 중구 선화동,경상사고,0,0,1,0,차대차 - 측면충돌,안전운전불이행,건조,맑음,교차로 - 교차로부근,승용,남,48세,기타불명,승용,남,46세,경상
2021042700100445,2021년 4월 27일 18시,화요일,대전광역시 서구 용문동,경상사고,0,0,2,0,차대차 - 기타,기타,건조,맑음,교차로 - 교차로부근,특수,남,51세,기타불명,승용,남,63세,경상
2021042700100446,2021년 4월 27일 18시,화요일,대전광역시 대덕구 오정동,경상사고,0,0,2,0,차대차 - 측면충돌,신호위반,건조,맑음,단일로 - 기타,승용,남,63세,상해없음,승용,남,37세,경상
2021042700100479,2021년 4월 27일 19시,화요일,대전광역시 유성구 봉명동,경상사고,0,0,2,0,차대차 - 추돌,안전운전불이행,건조,맑음,교차로 - 교차로부근,승용,남,22세,상해없음,승용,여,58세,경상
2021042700100517,2021년 4월 27일 20시,화요일,대전광역시 중구 유천동,중상사고,0,1,0,0,차대차 - 측면충돌,교차로운행방법위반,건조,맑음,교차로 - 교차로안,승용,여,48세,상해없음,이륜,남,46세,중상
2021042700100518,2021년 4월 27일 20시,화요일,대전광역시 서구 정림동,경상사고,0,0,1,0,차대사람 - 횡단중,안전운전불이행,건조,맑음,교차로 - 교차로횡단보도내,기타불명,기타불명,미분류,기타불명,보행자,여,59세,경상
2021042700100570,2021년 4월 27일 22시,화요일,대전광역시 대덕구 중리동,경상사고,0,0,1,0,차대차 - 후진중충돌,안전운전불이행,건조,맑음,교차로 - 교차로안,승용,여,52세,상해없음,승용,남,27세,경상
2021042800100053,2021년 4월 28일 06시,수요일,대전광역시 유성구 도룡동,경상사고,0,0,1,0,차대차 - 기타,안전운전불이행,건조,맑음,주차장 - 주차장,승용,남,37세,상해없음,승용,여,48세,경상
2021042800100070,2021년 4월 28일 07시,수요일,대전광역시 서구 괴정동,경상사고,0,0,2,0,차대차 - 기타,안전운전불이행,건조,맑음,교차로 - 교차로부근,화물,남,51세,상해없음,승용,남,65세,경상
2021042800100116,2021년 4월 28일 08시,수요일,대전광역시 서구 가수원동,경상사고,0,0,1,0,차대차 - 기타,안전운전불이행,건조,맑음,교차로 - 교차로횡단보도내,승용,남,66세,상해없음,자전거,여,62세,경상
2021042800100117,2021년 4월 28일 08시,수요일,대전광역시 서구 변동,경상사고,0,0,4,0,차대차 - 추돌,기타,건조,맑음,단일로 - 터널,승용,남,66세,상해없음,승용,남,45세,경상
2021042800100118,2021년 4월 28일 08시,수요일,대전광역시 서구 괴정동,경상사고,0,0,1,0,차대사람 - 보도통행중,안전운전불이행,건조,맑음,단일로 - 기타,승용,남,24세,상해없음,보행자,여,18세,경상
2021042800100119,2021년 4월 28일 08시,수요일,대전광역시 유성구 하기동,경상사고,0,0,1,0,차대차 - 기타,신호위반,건조,맑음,교차로 - 교차로안,승용,남,67세,상해없음,자전거,남,32세,경상
2021042800100147,2021년 4월 28일 09시,수요일,대전광역시 동구 가오동,중상사고,0,2,0,0,차대차 - 기타,신호위반,건조,맑음,교차로 - 교차로안,승용,여,39세,상해없음,승용,남,73세,중상
2021042800100194,2021년 4월 28일 11시,수요일,대전광역시 동구 가양동,경상사고,0,0,1,0,차대사람 - 기타,안전운전불이행,건조,맑음,교차로 - 교차로부근,승용,남,63세,상해없음,보행자,남,61세,경상
2021042800100259,2021년 4월 28일 13시,수요일,대전광역시 동구 성남동,경상사고,0,0,1,0,차대차 - 측면충돌,불법유턴,건조,맑음,교차로 - 교차로안,자전거,남,15세,경상,승용,여,36세,상해없음
2021042800100286,2021년 4월 28일 14시,수요일,대전광역시 유성구 봉명동,경상사고,0,0,2,0,차대차 - 측면충돌,교차로운행방법위반,건조,맑음,교차로 - 교차로안,승용,여,31세,상해없음,승용,남,35세,경상
2021042800100354,2021년 4월 28일 16시,수요일,대전광역시 서구 변동,경상사고,0,0,3,0,차대차 - 기타,교차로운행방법위반,건조,맑음,교차로 - 교차로안,승용,여,41세,상해없음,승용,남,23세,경상
2021042800100355,2021년 4월 28일 16시,수요일,대전광역시 서구 변동,경상사고,0,0,1,0,차대차 - 기타,안전운전불이행,건조,맑음,교차로 - 교차로안,기타불명,기타불명,미분류,기타불명,승용,남,47세,경상
2021042800100390,2021년 4월 28일 17시,수요일,대전광역시 중구 석교동,경상사고,0,0,1,0,차량단독 - 기타,안전운전불이행,건조,맑음,단일로 - 기타,승합,남,41세,상해없음,,,,
2021042800100392,2021년 4월 28일 17시,수요일,대전광역시 유성구 화암동,경상사고,0,0,2,0,차대차 - 기타,안전운전불이행,건조,맑음,교차로 - 교차로부근,승용,남,64세,상해없음,승용,남,35세,경상
2021042800100432,2021년 4월 28일 18시,수요일,대전광역시 서구 괴정동,중상사고,0,1,0,0,차대차 - 기타,중앙선침범,건조,맑음,단일로 - 기타,승용,남,33세,상해없음,원동기,남,58세,중상
2021042800100498,2021년 4월 28일 20시,수요일,대전광역시 동구 천동,중상사고,0,1,1,0,차대차 - 기타,안전운전불이행,건조,맑음,단일로 - 기타,이륜,여,61세,중상,승용,남,72세,경상
2021042800100499,2021년 4월 28일 20시,수요일,대전광역시 동구 가오동,경상사고,0,0,1,0,차대차 - 후진중충돌,안전운전불이행,건조,맑음,교차로 - 교차로부근,승용,남,28세,상해없음,이륜,남,38세,경상
2021042800100500,2021년 4월 28일 20시,수요일,대전광역시 대덕구 중리동,경상사고,0,0,2,0,차대차 - 측면충돌,안전운전불이행,건조,맑음,기타 - 기타,승용,여,59세,상해없음,승용,남,39세,경상
2021042800100527,2021년 4월 28일 21시,수요일,대전광역시 유성구 원내동,경상사고,0,0,1,0,차대차 - 측면충돌,신호위반,건조,맑음,교차로 - 교차로안,승용,여,59세,상해없음,승합,남,46세,경상
2021042800100559,2021년 4월 28일 22시,수요일,대전광역시 대덕구 석봉동,경상사고,0,0,1,0,차대차 - 기타,신호위반,건조,맑음,단일로 - 기타,이륜,남,33세,상해없음,자전거,남,16세,경상
2021042800100574,2021년 4월 28일 23시,수요일,대전광역시 중구 대흥동,경상사고,0,0,1,0,차대사람 - 횡단중,안전운전불이행,건조,맑음,단일로 - 기타,승용,남,69세,상해없음,보행자,여,26세,경상
2021042900100035,2021년 4월 29일 05시,목요일,대전광역시 중구 대흥동,경상사고,0,0,3,0,차대차 - 측면충돌,안전운전불이행,건조,맑음,단일로 - 기타,승용,남,22세,상해없음,승용,남,18세,경상
2021042900100075,2021년 4월 29일 07시,목요일,대전광역시 동구 낭월동,경상사고,0,0,2,0,차대차 - 기타,신호위반,건조,맑음,교차로 - 교차로안,승용,남,56세,상해없음,화물,남,49세,경상
2021042900100113,2021년 4월 29일 08시,목요일,대전광역시 중구 중촌동,중상사고,0,1,0,0,차대차 - 기타,안전운전불이행,건조,맑음,단일로 - 기타,승용,남,51세,상해없음,개인형이동수단(PM),여,22세,중상
2021042900100131,2021년 4월 29일 09시,목요일,대전광역시 중구 산성동,경상사고,0,0,2,0,차대차 - 기타,안전운전불이행,건조,맑음,교차로 - 교차로안,승용,여,38세,상해없음,승용,여,35세,경상
2021042900100132,2021년 4월 29일 09시,목요일,대전광역시 유성구 하기동,중상사고,0,1,0,0,차대차 - 추돌,안전운전불이행,건조,맑음,교차로 - 교차로부근,승용,남,51세,기타불명,승용,여,33세,중상
2021042900100156,2021년 4월 29일 10시,목요일,대전광역시 동구 인동,중상사고,0,1,0,0,차대차 - 측면충돌,기타,건조,맑음,단일로 - 기타,화물,남,28세,상해없음,이륜,남,64세,중상
2021042900100194,2021년 4월 29일 11시,목요일,대전광역시 서구 둔산동,경상사고,0,0,1,0,차대사람 - 기타,기타,건조,맑음,기타 - 기타,화물,남,40세,상해없음,보행자,여,62세,경상
2021042900100195,2021년 4월 29일 11시,목요일,대전광역시 유성구 봉명동,경상사고,0,0,4,0,차대차 - 측면충돌,안전운전불이행,건조,맑음,교차로 - 교차로안,승용,여,43세,상해없음,승용,남,23세,경상
2021042900100196,2021년 4월 29일 11시,목요일,대전광역시 유성구 지족동,경상사고,0,0,1,0,차대차 - 후진중충돌,안전운전불이행,건조,맑음,단일로 - 기타,화물,남,23세,상해없음,화물,남,32세,경상
2021042900100229,2021년 4월 29일 12시,목요일,대전광역시 중구 안영동,경상사고,0,0,4,0,차대차 - 추돌,안전운전불이행,건조,맑음,단일로 - 교량,승용,남,79세,상해없음,승용,남,28세,경상
2021042900100230,2021년 4월 29일 12시,목요일,대전광역시 유성구 화암동,경상사고,0,0,2,0,차대차 - 기타,안전운전불이행,건조,맑음,기타 - 기타,승용,여,65세,상해없음,승용,남,63세,경상
2021042900100231,2021년 4월 29일 12시,목요일,대전광역시 유성구 봉명동,중상사고,0,1,0,0,차대차 - 기타,신호위반,건조,맑음,교차로 - 교차로안,화물,남,64세,상해없음,이륜,남,51세,중상
2021042900100304,2021년 4월 29일 14시,목요일,대전광역시 유성구 도룡동,경상사고,0,0,1,0,차대차 - 측면충돌,안전거리미확보,건조,맑음,단일로 - 기타,건설기계,남,64세,상해없음,승용,남,37세,경상
2021042900100377,2021년 4월 29일 16시,목요일,대전광역시 동구 용전동,경상사고,0,0,1,0,차대사람 - 차도통행중,안전운전불이행,건조,맑음,단일로 - 기타,승용,여,42세,상해없음,보행자,여,20세,경상
2021042900100425,2021년 4월 29일 17시,목요일,대전광역시 서구 도마동,중상사고,0,1,0,0,차대차 - 추돌,기타,건조,맑음,단일로 - 기타,화물,남,57세,상해없음,이륜,여,17세,중상
2021042900100490,2021년 4월 29일 18시,목요일,대전광역시 서구 변동,중상사고,0,1,0,0,차대차 - 추돌,안전운전불이행,건조,맑음,기타 - 기타,자전거,여,52세,중상,자전거,남,52세,상해없음
2021042900100491,2021년 4월 29일 18시,목요일,대전광역시 유성구 신봉동,부상신고사고,0,0,0,1,차대차 - 기타,직진우회전진행방해,건조,맑음,교차로 - 교차로안,승용,남,38세,상해없음,이륜,남,44세,부상신고
2021042900100517,2021년 4월 29일 19시,목요일,대전광역시 유성구 봉명동,경상사고,0,0,1,0,차대차 - 기타,안전거리미확보,건조,맑음,단일로 - 기타,승용,남,24세,상해없음,이륜,남,40세,경상
2021042900100551,2021년 4월 29일 20시,목요일,대전광역시 유성구 관평동,경상사고,0,0,1,0,차대차 - 기타,교차로운행방법위반,건조,맑음,교차로 - 교차로안,승용,여,50세,상해없음,이륜,남,51세,경상
2021042900100619,2021년 4월 29일 22시,목요일,대전광역시 동구 가오동,경상사고,0,0,1,0,차대차 - 기타,안전거리미확보,건조,맑음,교차로 - 교차로부근,승용,남,66세,상해없음,이륜,남,16세,경상
2021042900100648,2021년 4월 29일 23시,목요일,대전광역시 서구 가수원동,중상사고,0,1,0,0,차대차 - 기타,안전운전불이행,젖음/습기,비,단일로 - 기타,기타불명,기타불명,미분류,기타불명,이륜,남,31세,중상
2021042900100649,2021년 4월 29일 23시,목요일,대전광역시 서구 용문동,경상사고,0,0,6,0,차대차 - 측면충돌,신호위반,젖음/습기,비,교차로 - 교차로안,승용,남,22세,상해없음,승용,여,58세,경상
2021042900100650,2021년 4월 29일 23시,목요일,대전광역시 서구 둔산동,중상사고,0,1,1,0,차대차 - 추돌,안전운전불이행,젖음/습기,비,교차로 - 교차로부근,승용,남,69세,상해없음,승용,남,56세,경상
2021043000100014,2021년 4월 30일 01시,금요일,대전광역시 서구 변동,경상사고,0,0,3,0,차대차 - 추돌,안전운전불이행,건조,흐림,교차로 - 교차로부근,승용,남,63세,상해없음,승용,여,50세,경상
2021043000100057,2021년 4월 30일 06시,금요일,대전광역시 서구 복수동,중상사고,0,1,0,0,차대차 - 측면충돌,신호위반,건조,맑음,교차로 - 교차로안,승용,남,72세,상해없음,승용,여,66세,중상
2021043000100117,2021년 4월 30일 08시,금요일,대전광역시 대덕구 중리동,경상사고,0,0,1,0,차대차 - 기타,안전운전불이행,건조,맑음,단일로 - 기타,승용,남,36세,상해없음,승용,남,38세,경상
2021043000100144,2021년 4월 30일 09시,금요일,대전광역시 유성구 용산동,경상사고,0,0,1,0,차대차 - 기타,안전운전불이행,건조,맑음,단일로 - 기타,건설기계,남,82세,상해없음,승용,남,32세,경상
2021043000100179,2021년 4월 30일 10시,금요일,대전광역시 유성구 원내동,경상사고,0,0,1,0,차대차 - 기타,신호위반,건조,맑음,교차로 - 교차로안,승용,여,50세,상해없음,승용,남,58세,경상
2021043000100205,2021년 4월 30일 11시,금요일,대전광역시 중구 문화동,경상사고,0,0,1,0,차대차 - 기타,교차로운행방법위반,건조,맑음,교차로 - 교차로안,화물,남,27세,상해없음,화물,남,34세,경상
2021043000100206,2021년 4월 30일 11시,금요일,대전광역시 서구 복수동,경상사고,0,0,1,0,차대차 - 측면충돌,안전운전불이행,건조,맑음,교차로 - 교차로부근,승용,여,44세,상해없음,승용,여,55세,경상
2021043000100251,2021년 4월 30일 12시,금요일,대전광역시 유성구 방동,경상사고,0,0,1,0,차대차 - 추돌,안전운전불이행,건조,맑음,교차로 - 교차로부근,승용,남,49세,상해없음,승용,남,56세,경상
2021043000100322,2021년 4월 30일 14시,금요일,대전광역시 중구 대흥동,경상사고,0,0,1,0,차대차 - 기타,안전거리미확보,건조,맑음,단일로 - 기타,승용,여,77세,상해없음,승용,남,53세,경상
2021043000100323,2021년 4월 30일 14시,금요일,대전광역시 서구 관저동,경상사고,0,0,2,0,차대차 - 측면충돌,안전운전불이행,건조,맑음,교차로 - 교차로부근,승용,여,36세,상해없음,승용,남,55세,경상
2021043000100324,2021년 4월 30일 14시,금요일,대전광역시 유성구 죽동,경상사고,0,0,1,0,차대차 - 기타,안전운전불이행,건조,맑음,단일로 - 기타,승용,여,32세,기타불명,승용,여,35세,경상
2021043000100404,2021년 4월 30일 16시,금요일,대전광역시 중구 사정동,사망사고,1,1,0,0,차량단독 - 주/정차차량 충돌,기타,건조,맑음,단일로 - 기타,승용,남,32세,사망,,,,