사고번호,사고일시,요일,시군구,사고내용,사망자수,중상자수,경상자수,부상신고자수,사고유형,법규위반,노면상태,기상상태,도로형태,가해운전자 차종,가해운전자 성별,가해운전자 연령,가해운전자 상해정도,피해운전자 차종,피해운전자 성별,피해운전자 연령,피해운전자 상해정도
2021043000100465,2021년 4월 30일 17시,금요일,대전광역시 중구 은행동,중상사고,0,1,0,0,차대사람 - 횡단중,안전운전불이행,건조,맑음,단일로 - 기타,승용,남,34세,상해없음,보행자,여,61세,중상
2021043000100466,2021년 4월 30일 17시,금요일,대전광역시 서구 가장동,경상사고,0,0,1,0,차대차 - 추돌,안전운전불이행,건조,맑음,단일로 - 기타,승용,남,39세,상해없음,승용,남,30세,경상
2021043000100511,2021년 4월 30일 18시,금요일,대전광역시 대덕구 읍내동,경상사고,0,0,1,0,차대차 - 측면충돌,안전운전불이행,건조,맑음,단일로 - 기타,승용,남,66세,상해없음,승용,남,47세,경상
2021043000100556,2021년 4월 30일 19시,금요일,대전광역시 서구 월평동,중상사고,0,1,0,0,차대차 - 측면충돌,안전운전불이행,건조,맑음,교차로 - 교차로안,승용,남,54세,상해없음,이륜,남,18세,중상
2021043000100606,2021년 4월 30일 20시,금요일,대전광역시 대덕구 중리동,경상사고,0,0,2,0,차대사람 - 보도통행중,보행자보호의무위반,건조,맑음,교차로 - 교차로횡단보도내,승용,남,21세,상해없음,보행자,남,43세,경상
2021043000100636,2021년 4월 30일 21시,금요일,대전광역시 동구 용전동,중상사고,0,1,0,0,차대차 - 기타,신호위반,건조,맑음,교차로 - 교차로부근,이륜,남,27세,중상,승용,남,42세,상해없음
2021043000100637,2021년 4월 30일 21시,금요일,대전광역시 서구 용문동,경상사고,0,0,2,0,차대차 - 기타,신호위반,건조,맑음,교차로 - 교차로안,승용,여,48세,기타불명,승용,남,25세,경상
2021043000100674,2021년 4월 30일 22시,금요일,대전광역시 동구 자양동,중상사고,0,1,0,0,차대차 - 기타,안전운전불이행,건조,맑음,교차로 - 교차로안,승용,여,44세,상해없음,이륜,남,45세,중상
2021043000100675,2021년 4월 30일 22시,금요일,대전광역시 서구 만년동,경상사고,0,0,1,0,차대차 - 기타,안전운전불이행,건조,맑음,교차로 - 교차로부근,승용,남,30세,상해없음,이륜,남,55세,경상
2021043000100676,2021년 4월 30일 22시,금요일,대전광역시 서구 월평동,경상사고,0,0,1,0,차대차 - 측면충돌,신호위반,건조,맑음,교차로 - 교차로안,승용,남,53세,상해없음,승용,남,28세,경상
2021043000100706,2021년 4월 30일 23시,금요일,대전광역시 중구 산성동,경상사고,0,0,2,0,차대차 - 기타,신호위반,건조,맑음,교차로 - 교차로부근,승용,남,27세,경상,승용,남,35세,경상
2021050100100014,2021년 5월 1일 00시,토요일,대전광역시 동구 판암동,중상사고,0,2,0,0,차량단독 - 공작물충돌,안전운전불이행,건조,맑음,교차로 - 교차로부근,이륜,남,18세,중상,,,,
2021050100100054,2021년 5월 1일 04시,토요일,대전광역시 유성구 봉명동,경상사고,0,0,2,0,차대차 - 기타,안전운전불이행,건조,맑음,단일로 - 기타,승용,남,26세,상해없음,승용,남,27세,경상
2021050100100105,2021년 5월 1일 09시,토요일,대전광역시 대덕구 법동,중상사고,0,1,0,0,차대차 - 측면충돌,안전운전불이행,건조,맑음,단일로 - 기타,승용,여,59세,상해없음,승용,남,62세,중상
2021050100100134,2021년 5월 1일 10시,토요일,대전광역시 동구 중동,경상사고,0,0,1,0,차대차 - 추돌,안전운전불이행,건조,맑음,기타 - 기타,승용,여,22세,상해없음,승합,남,51세,경상
2021050100100135,2021년 5월 1일 10시,토요일,대전광역시 대덕구 미호동,경상사고,0,0,1,0,차대차 - 기타,안전운전불이행,젖음/습기,비,기타 - 기타,승용,남,62세,상해없음,자전거,남,70세,경상
2021050100100136,2021년 5월 1일 10시,토요일,대전광역시 유성구 봉명동,경상사고,0,0,1,0,차대차 - 측면충돌,안전거리미확보,건조,맑음,기타 - 기타,승용,남,57세,상해없음,승용,남,21세,경상
2021050100100276,2021년 5월 1일 14시,토요일,대전광역시 중구 태평동,경상사고,0,0,2,0,차대차 - 추돌,안전운전불이행,젖음/습기,비,기타 - 기타,승용,여,58세,상해없음,승용,여,32세,경상
2021050100100277,2021년 5월 1일 14시,토요일,대전광역시 서구 관저동,중상사고,0,1,1,0,차대차 - 측면충돌,안전운전불이행,건조,맑음,교차로 - 교차로안,승용,여,40세,중상,승용,여,23세,경상
2021050100100278,2021년 5월 1일 14시,토요일,대전광역시 대덕구 신탄진동,경상사고,0,0,1,0,차대차 - 기타,안전운전불이행,젖음/습기,비,기타 - 기타,승용,여,44세,상해없음,원동기,남,72세,경상
2021050100100311,2021년 5월 1일 15시,토요일,대전광역시 유성구 관평동,경상사고,0,0,3,0,차대차 - 기타,안전운전불이행,젖음/습기,비,교차로 - 교차로부근,승용,남,81세,기타불명,승용,여,36세,경상
2021050100100346,2021년 5월 1일 16시,토요일,대전광역시 유성구 원내동,중상사고,0,1,2,0,차대차 - 측면충돌,교차로운행방법위반,건조,맑음,교차로 - 교차로안,승용,여,61세,상해없음,승용,남,65세,중상
2021050100100347,2021년 5월 1일 16시,토요일,대전광역시 유성구 도룡동,경상사고,0,0,1,0,차대차 - 기타,안전운전불이행,건조,맑음,기타 - 기타,승용,여,58세,상해없음,승용,남,37세,경상
2021050100100387,2021년 5월 1일 17시,토요일,대전광역시 대덕구 오정동,경상사고,0,0,2,0,차대차 - 기타,안전운전불이행,건조,흐림,단일로 - 기타,승용,여,45세,경상,원동기,남,21세,경상
2021050100100414,2021년 5월 1일 18시,토요일,대전광역시 서구 용문동,경상사고,0,0,1,0,차대차 - 기타,중앙선침범,건조,맑음,단일로 - 기타,승용,남,59세,상해없음,승용,남,25세,경상
2021050100100415,2021년 5월 1일 18시,토요일,대전광역시 대덕구 석봉동,중상사고,0,1,3,0,차대차 - 기타,안전운전불이행,건조,맑음,교차로 - 교차로안,승용,남,29세,경상,승용,남,48세,중상
2021050100100416,2021년 5월 1일 18시,토요일,대전광역시 유성구 노은동,경상사고,0,0,1,0,차대차 - 기타,교차로운행방법위반,건조,맑음,교차로 - 교차로부근,승용,여,68세,상해없음,이륜,남,21세,경상
2021050100100479,2021년 5월 1일 20시,토요일,대전광역시 유성구 탑립동,경상사고,0,0,1,0,차대차 - 기타,안전운전불이행,건조,맑음,교차로 - 교차로안,승용,남,35세,상해없음,승용,남,25세,경상
2021050100100557,2021년 5월 1일 23시,토요일,대전광역시 중구 대흥동,경상사고,0,0,1,0,차대사람 - 차도통행중,안전운전불이행,건조,맑음,단일로 - 기타,승용,남,25세,상해없음,보행자,남,26세,경상
2021050200100042,2021년 5월 2일 04시,일요일,대전광역시 서구 갈마동,중상사고,0,1,0,0,차량단독 - 공작물충돌,안전운전불이행,젖음/습기,비,단일로 - 고가도로위,이륜,남,19세,기타불명,,,,
2021050200100043,2021년 5월 2일 04시,일요일,대전광역시 서구 괴정동,경상사고,0,0,2,0,차대사람 - 횡단중,안전운전불이행,젖음/습기,비,단일로 - 기타,이륜,남,33세,기타불명,보행자,여,28세,경상
2021050200100069,2021년 5월 2일 08시,일요일,대전광역시 중구 용두동,경상사고,0,0,2,0,차대차 - 측면충돌,안전운전불이행,건조,맑음,교차로 - 교차로안,승용,남,56세,상해없음,승용,남,78세,경상
2021050200100142,2021년 5월 2일 11시,일요일,대전광역시 유성구 지족동,경상사고,0,0,1,0,차대차 - 기타,안전운전불이행,건조,맑음,단일로 - 기타,승용,여,39세,상해없음,승용,남,31세,경상
2021050200100211,2021년 5월 2일 13시,일요일,대전광역시 유성구 하기동,경상사고,0,0,1,0,차대차 - 기타,신호위반,건조,맑음,교차로 - 교차로안,승용,남,72세,상해없음,이륜,남,20세,경상
2021050200100309,2021년 5월 2일 16시,일요일,대전광역시 서구 둔산동,중상사고,0,1,0,0,차대사람 - 횡단중,보행자보호의무위반,건조,맑음,교차로 - 교차로횡단보도내,자전거,남,68세,상해없음,보행자,남,77세,중상
2021050200100349,2021년 5월 2일 17시,일요일,대전광역시 서구 월평동,경상사고,0,0,1,0,차대차 - 추돌,안전거리미확보,건조,맑음,교차로 - 교차로안,승용,남,40세,상해없음,승용,남,36세,경상
2021050200100394,2021년 5월 2일 19시,일요일,대전광역시 서구 가장동,경상사고,0,0,1,0,차대차 - 측면충돌,안전운전불이행,건조,맑음,교차로 - 교차로부근,승용,남,48세,상해없음,승용,남,56세,경상
2021050200100433,2021년 5월 2일 21시,일요일,대전광역시 서구 갈마동,중상사고,0,1,1,0,차대차 - 기타,기타,건조,맑음,단일로 - 기타,승용,남,31세,경상,이륜,남,24세,중상
2021050200100459,2021년 5월 2일 22시,일요일,대전광역시 유성구 봉명동,경상사고,0,0,2,0,차대차 - 측면충돌,안전운전불이행,건조,맑음,교차로 - 교차로부근,원동기,남,23세,기타불명,승용,남,34세,경상
2021050300100150,2021년 5월 3일 09시,월요일,대전광역시 서구 둔산동,중상사고,0,1,0,0,차대차 - 측면충돌,중앙선침범,건조,맑음,교차로 - 교차로안,자전거,남,79세,중상,화물,남,52세,상해없음
2021050300100230,2021년 5월 3일 11시,월요일,대전광역시 대덕구 중리동,경상사고,0,0,1,0,차대차 - 기타,안전운전불이행,건조,맑음,단일로 - 기타,화물,남,69세,상해없음,승용,남,48세,경상
2021050300100266,2021년 5월 3일 12시,월요일,대전광역시 중구 부사동,중상사고,0,1,1,0,차대차 - 기타,안전거리미확보,건조,맑음,단일로 - 기타,승용,남,28세,중상,화물,남,31세,경상
2021050300100267,2021년 5월 3일 12시,월요일,대전광역시 대덕구 읍내동,경상사고,0,0,1,0,차대차 - 기타,안전거리미확보,건조,맑음,단일로 - 기타,화물,남,55세,상해없음,승용,남,22세,경상
2021050300100268,2021년 5월 3일 12시,월요일,대전광역시 유성구 도룡동,경상사고,0,0,1,0,차량단독 - 기타,안전거리미확보,건조,맑음,교차로 - 교차로부근,승용,남,37세,경상,,,,
2021050300100350,2021년 5월 3일 14시,월요일,대전광역시 서구 도마동,경상사고,0,0,2,0,차대차 - 정면충돌,안전운전불이행,건조,맑음,교차로 - 교차로부근,화물,남,56세,상해없음,승용,여,67세,경상
2021050300100431,2021년 5월 3일 16시,월요일,대전광역시 동구 주산동,경상사고,0,0,2,0,차대차 - 기타,안전운전불이행,건조,맑음,교차로 - 교차로안,승용,여,60세,경상,승용,남,32세,상해없음
2021050300100432,2021년 5월 3일 16시,월요일,대전광역시 유성구 금고동,중상사고,0,1,0,0,차량단독 - 전도전복 - 전복,안전운전불이행,건조,맑음,단일로 - 기타,승용,여,65세,상해없음,,,,
2021050300100481,2021년 5월 3일 17시,월요일,대전광역시 중구 오류동,경상사고,0,0,3,0,차대차 - 측면충돌,신호위반,건조,맑음,단일로 - 기타,승용,여,20세,경상,승용,남,31세,경상
2021050300100482,2021년 5월 3일 17시,월요일,대전광역시 동구 가오동,경상사고,0,0,1,0,차대사람 - 기타,안전운전불이행,건조,맑음,교차로 - 교차로안,화물,남,66세,상해없음,보행자,여,68세,경상
2021050300100483,2021년 5월 3일 17시,월요일,대전광역시 서구 갈마동,중상사고,0,2,0,0,차대차 - 기타,안전거리미확보,건조,맑음,단일로 - 기타,승용,여,29세,중상,승용,남,34세,중상
2021050300100527,2021년 5월 3일 18시,월요일,대전광역시 서구 둔산동,경상사고,0,0,1,0,차대차 - 기타,교차로운행방법위반,건조,맑음,교차로 - 교차로안,승용,남,20세,상해없음,승용,여,57세,경상
2021050300100528,2021년 5월 3일 18시,월요일,대전광역시 유성구 궁동,경상사고,0,0,1,0,차대차 - 기타,안전거리미확보,건조,맑음,단일로 - 기타,승용,남,42세,상해없음,승합,남,59세,상해없음
2021050300100555,2021년 5월 3일 19시,월요일,대전광역시 동구 정동,경상사고,0,0,1,0,차대차 - 측면충돌,직진우회전진행방해,건조,맑음,교차로 - 교차로안,승합,남,63세,상해없음,승용,여,62세,경상
2021050300100556,2021년 5월 3일 19시,월요일,대전광역시 유성구 봉명동,경상사고,0,0,1,0,차대차 - 추돌,안전운전불이행,건조,맑음,교차로 - 교차로부근,승용,여,52세,상해없음,승용,남,62세,경상
2021050300100557,2021년 5월 3일 19시,월요일,대전광역시 유성구 장대동,경상사고,0,0,1,0,차대차 - 기타,안전운전불이행,건조,맑음,단일로 - 기타,승합,남,40세,상해없음,승용,여,62세,경상
2021050300100586,2021년 5월 3일 20시,월요일,대전광역시 서구 관저동,경상사고,0,0,1,0,차대차 - 기타,안전운전불이행,건조,맑음,교차로 - 교차로부근,승용,여,33세,상해없음,승합,남,51세,상해없음
2021050300100614,2021년 5월 3일 21시,월요일,대전광역시 중구 태평동,경상사고,0,0,1,0,차대사람 - 기타,안전운전불이행,건조,맑음,교차로 - 교차로안,승용,여,60세,상해없음,보행자,남,44세,경상
2021050300100644,2021년 5월 3일 22시,월요일,대전광역시 서구 둔산동,경상사고,0,0,3,0,차대차 - 측면충돌,교차로운행방법위반,건조,맑음,교차로 - 교차로안,승용,여,29세,경상,승용,여,48세,경상
2021050400100060,2021년 5월 4일 07시,화요일,대전광역시 유성구 용산동,경상사고,0,0,2,0,차대차 - 기타,안전운전불이행,건조,맑음,단일로 - 기타,화물,남,32세,상해없음,승용,여,39세,경상
2021050400100148,2021년 5월 4일 10시,화요일,대전광역시 동구 가양동,경상사고,0,0,1,0,차대차 - 측면충돌,안전거리미확보,건조,맑음,교차로 - 교차로안,기타불명,기타불명,미분류,기타불명,승용,남,60세,상해없음
2021050400100201,2021년 5월 4일 12시,화요일,대전광역시 유성구 원신흥동,경상사고,0,0,1,0,차대사람 - 기타,안전운전불이행,건조,맑음,교차로 - 교차로안,승용,여,37세,상해없음,보행자,여,63세,경상
2021050400100237,2021년 5월 4일 13시,화요일,대전광역시 서구 탄방동,경상사고,0,0,3,0,차대차 - 측면충돌,교차로운행방법위반,건조,맑음,교차로 - 교차로안,승용,남,35세,경상,승용,남,36세,경상
2021050400100400,2021년 5월 4일 17시,화요일,대전광역시 동구 중동,경상사고,0,0,1,0,차대차 - 측면충돌,안전거리미확보,젖음/습기,비,단일로 - 기타,승용,남,79세,상해없음,승용,여,81세,경상
2021050400100401,2021년 5월 4일 17시,화요일,대전광역시 동구 낭월동,부상신고사고,0,0,0,1,차대사람 - 기타,안전운전불이행,젖음/습기,비,교차로 - 교차로횡단보도내,승합,남,31세,상해없음,보행자,남,15세,부상신고
2021050400100402,2021년 5월 4일 17시,화요일,대전광역시 유성구 화암동,경상사고,0,0,1,0,차대차 - 추돌,안전운전불이행,젖음/습기,비,교차로 - 교차로부근,승용,여,53세,상해없음,승용,남,32세,경상
2021050400100449,2021년 5월 4일 18시,화요일,대전광역시 동구 용운동,경상사고,0,0,1,0,차대차 - 측면충돌,신호위반,건조,맑음,단일로 - 기타,승용,남,66세,상해없음,승용,남,72세,경상
2021050400100450,2021년 5월 4일 18시,화요일,대전광역시 서구 둔산동,경상사고,0,0,1,0,차대차 - 추돌,안전운전불이행,젖음/습기,비,단일로 - 기타,이륜,남,43세,상해없음,승용,남,21세,경상
2021050400100451,2021년 5월 4일 18시,화요일,대전광역시 서구 둔산동,경상사고,0,0,1,0,차대사람 - 기타,안전운전불이행,젖음/습기,비,단일로 - 기타,승용,남,23세,상해없음,보행자,남,20세,경상
2021050400100514,2021년 5월 4일 19시,화요일,대전광역시 중구 산성동,중상사고,0,1,0,0,차대사람 - 횡단중,보행자보호의무위반,젖음/습기,비,교차로 - 교차로횡단보도내,승용,남,61세,상해없음,보행자,여,60세,중상
2021050400100515,2021년 5월 4일 19시,화요일,대전광역시 동구 성남동,경상사고,0,0,1,0,차대차 - 측면충돌,안전거리미확보,건조,맑음,기타 - 기타,승용,남,61세,상해없음,이륜,남,69세,경상
2021050400100516,2021년 5월 4일 19시,화요일,대전광역시 서구 복수동,경상사고,0,0,1,0,차대차 - 추돌,신호위반,젖음/습기,비,교차로 - 교차로횡단보도내,승용,여,54세,상해없음,화물,남,55세,상해없음
2021050400100570,2021년 5월 4일 20시,화요일,대전광역시 유성구 구암동,경상사고,0,0,1,0,차대차 - 기타,교차로운행방법위반,젖음/습기,비,교차로 - 교차로안,승합,남,64세,기타불명,승용,남,69세,경상
2021050400100624,2021년 5월 4일 21시,화요일,대전광역시 중구 유천동,중상사고,0,1,0,0,차대차 - 기타,안전운전불이행,젖음/습기,비,단일로 - 기타,승용,남,60세,상해없음,원동기,남,33세,중상
2021050400100625,2021년 5월 4일 21시,화요일,대전광역시 대덕구 석봉동,경상사고,0,0,1,0,차대차 - 측면충돌,안전거리미확보,젖음/습기,비,교차로 - 교차로안,승용,여,41세,상해없음,승용,남,25세,경상
2021050400100626,2021년 5월 4일 21시,화요일,대전광역시 서구 갈마동,경상사고,0,0,1,0,차대차 - 기타,안전운전불이행,젖음/습기,비,단일로 - 기타,승용,남,31세,상해없음,승용,여,25세,경상
2021050400100627,2021년 5월 4일 21시,화요일,대전광역시 유성구 송강동,중상사고,0,2,3,0,차대차 - 추돌,안전운전불이행,젖음/습기,비,교차로 - 교차로부근,승용,남,56세,상해없음,승용,남,66세,경상
2021050500100014,2021년 5월 5일 00시,수요일,대전광역시 유성구 봉명동,중상사고,0,1,0,0,차대사람 - 차도통행중,안전운전불이행,젖음/습기,비,교차로 - 교차로안,승용,남,61세,상해없음,보행자,남,29세,중상
2021050500100029,2021년 5월 5일 01시,수요일,대전광역시 서구 갈마동,경상사고,0,0,1,0,차대사람 - 길가장자리구역통행중,안전운전불이행,건조,맑음,단일로 - 기타,승용,남,30세,상해없음,보행자,여,28세,경상
2021050500100030,2021년 5월 5일 01시,수요일,대전광역시 서구 둔산동,경상사고,0,0,1,0,차대사람 - 길가장자리구역통행중,안전운전불이행,건조,맑음,단일로 - 기타,승용,남,31세,상해없음,보행자,남,29세,경상
2021050500100031,2021년 5월 5일 01시,수요일,대전광역시 유성구 장대동,부상신고사고,0,0,0,1,차대차 - 추돌,안전운전불이행,건조,맑음,기타 - 기타,승용,남,35세,상해없음,승용,남,46세,부상신고
2021050500100040,2021년 5월 5일 02시,수요일,대전광역시 동구 가양동,경상사고,0,0,1,0,차대차 - 정면충돌,신호위반,젖음/습기,흐림,교차로 - 교차로안,승용,남,21세,상해없음,승용,여,53세,경상
2021050500100052,2021년 5월 5일 05시,수요일,대전광역시 유성구 방동,경상사고,0,0,1,0,차대차 - 기타,안전운전불이행,건조,맑음,단일로 - 기타,승용,남,26세,상해없음,승용,남,50세,경상
2021050500100082,2021년 5월 5일 08시,수요일,대전광역시 유성구 신성동,경상사고,0,0,1,0,차대차 - 측면충돌,안전운전불이행,건조,맑음,단일로 - 기타,개인형이동수단(PM),남,19세,경상,승용,남,22세,상해없음
2021050500100206,2021년 5월 5일 12시,수요일,대전광역시 대덕구 오정동,경상사고,0,0,1,0,차대사람 - 기타,안전운전불이행,건조,맑음,단일로 - 기타,화물,남,42세,상해없음,보행자,남,69세,경상
2021050500100207,2021년 5월 5일 12시,수요일,대전광역시 대덕구 미호동,중상사고,0,1,0,0,차대차 - 기타,안전운전불이행,건조,맑음,단일로 - 기타,승용,남,38세,상해없음,자전거,남,31세,중상
2021050500100208,2021년 5월 5일 12시,수요일,대전광역시 서구 둔산동,경상사고,0,0,1,0,차대차 - 기타,직진우회전진행방해,건조,맑음,교차로 - 교차로안,승용,남,55세,상해없음,승용,여,21세,경상
2021050500100335,2021년 5월 5일 15시,수요일,대전광역시 중구 부사동,중상사고,0,1,0,0,차량단독 - 기타,안전운전불이행,건조,맑음,단일로 - 기타,사륜오토바이(ATV),여,60세,중상,,,,
2021050500100374,2021년 5월 5일 16시,수요일,대전광역시 유성구 구암동,경상사고,0,0,1,0,차대차 - 추돌,안전운전불이행,건조,맑음,교차로 - 교차로부근,승용,남,66세,상해없음,승용,여,49세,경상
2021050500100460,2021년 5월 5일 18시,수요일,대전광역시 서구 변동,중상사고,0,1,0,0,차대차 - 기타,신호위반,건조,맑음,교차로 - 교차로안,화물,남,22세,상해없음,이륜,여,23세,중상
2021050500100485,2021년 5월 5일 19시,수요일,대전광역시 유성구 궁동,경상사고,0,0,1,0,차대차 - 기타,안전운전불이행,건조,맑음,교차로 - 교차로부근,승용,남,29세,상해없음,이륜,남,37세,경상
2021050500100525,2021년 5월 5일 20시,수요일,대전광역시 서구 가수원동,중상사고,0,1,0,0,차대사람 - 횡단중,보행자보호의무위반,건조,맑음,교차로 - 교차로횡단보도내,승용,남,31세,상해없음,보행자,여,78세,중상
2021050500100565,2021년 5월 5일 22시,수요일,대전광역시 서구 관저동,경상사고,0,0,2,0,차대차 - 기타,안전운전불이행,건조,맑음,교차로 - 교차로부근,승용,남,65세,상해없음,승용,남,24세,경상
2021050600100005,2021년 5월 6일 00시,목요일,대전광역시 서구 도마동,경상사고,0,0,2,0,차대차 - 추돌,안전운전불이행,건조,맑음,단일로 - 기타,승용,남,48세,상해없음,승용,남,37세,기타불명
2021050600100020,2021년 5월 6일 03시,목요일,대전광역시 중구 태평동,경상사고,0,0,1,0,차대차 - 측면충돌,신호위반,건조,맑음,교차로 - 교차로안,승용,남,19세,상해없음,승용,남,39세,경상
2021050600100092,2021년 5월 6일 08시,목요일,대전광역시 중구 산성동,경상사고,0,0,2,0,차대차 - 추돌,안전거리미확보,건조,맑음,단일로 - 기타,승용,여,58세,상해없음,승용,여,33세,경상
2021050600100125,2021년 5월 6일 09시,목요일,대전광역시 중구 대사동,경상사고,0,0,2,0,차대차 - 기타,안전거리미확보,건조,맑음,단일로 - 기타,승용,남,51세,상해없음,승용,여,58세,경상
2021050600100126,2021년 5월 6일 09시,목요일,대전광역시 유성구 용계동,경상사고,0,0,1,0,차대차 - 기타,안전거리미확보,건조,맑음,교차로 - 교차로부근,화물,남,71세,상해없음,화물,남,68세,경상
2021050600100161,2021년 5월 6일 10시,목요일,대전광역시 서구 둔산동,중상사고,0,1,0,0,차대사람 - 기타,안전운전불이행,건조,맑음,단일로 - 기타,승용,여,38세,상해없음,보행자,남,63세,중상
2021050600100190,2021년 5월 6일 11시,목요일,대전광역시 중구 문화동,중상사고,0,1,0,0,차대사람 - 기타,신호위반,건조,맑음,교차로 - 교차로안,승용,남,73세,상해없음,보행자,남,27세,중상
2021050600100191,2021년 5월 6일 11시,목요일,대전광역시 중구 오류동,경상사고,0,0,1,0,차대차 - 기타,안전거리미확보,건조,맑음,단일로 - 기타,승용,남,60세,상해없음,승용,남,28세,경상
2021050600100192,2021년 5월 6일 11시,목요일,대전광역시 서구 도마동,중상사고,0,1,0,0,차량단독 - 공작물충돌,안전운전불이행,건조,맑음,단일로 - 기타,승용,남,67세,상해없음,,,,
2021050600100193,2021년 5월 6일 11시,목요일,대전광역시 대덕구 오정동,경상사고,0,0,1,0,차대차 - 후진중충돌,안전운전불이행,건조,맑음,교차로 - 교차로부근,화물,남,55세,상해없음,승용,남,51세,경상
2021050600100221,2021년 5월 6일 12시,목요일,대전광역시 중구 산성동,경상사고,0,0,1,0,차대차 - 기타,안전거리미확보,건조,맑음,단일로 - 기타,승용,남,68세,경상,승용,남,45세,상해없음
2021050600100253,2021년 5월 6일 13시,목요일,대전광역시 중구 산성동,경상사고,0,0,1,0,차대차 - 기타,안전운전불이행,건조,기타,단일로 - 기타,개인형이동수단(PM),여,43세,경상,승용,남,42세,상해없음
2021050600100254,2021년 5월 6일 13시,목요일,대전광역시 동구 가양동,경상사고,0,0,1,0,차대차 - 측면충돌,안전운전불이행,건조,맑음,단일로 - 기타,승용,남,64세,상해없음,승용,남,74세,경상
2021050600100286,2021년 5월 6일 14시,목요일,대전광역시 유성구 봉명동,중상사고,0,1,0,0,차대사람 - 기타,안전운전불이행,건조,맑음,단일로 - 기타,개인형이동수단(PM),여,19세,기타불명,보행자,여,22세,중상
2021050600100327,2021년 5월 6일 15시,목요일,대전광역시 서구 도안동,경상사고,0,0,5,0,차대차 - 추돌,안전운전불이행,건조,맑음,단일로 - 기타,승용,남,45세,기타불명,승용,남,38세,경상
2021050600100445,2021년 5월 6일 18시,목요일,대전광역시 서구 관저동,경상사고,0,0,1,0,차대차 - 기타,중앙선침범,건조,맑음,단일로 - 기타,승용,여,43세,상해없음,이륜,남,25세,경상
2021050600100446,2021년 5월 6일 18시,목요일,대전광역시 서구 월평동,경상사고,0,0,1,0,차대사람 - 기타,신호위반,건조,맑음,교차로 - 교차로안,승용,남,37세,상해없음,보행자,남,27세,경상
2021050600100447,2021년 5월 6일 18시,목요일,대전광역시 서구 둔산동,경상사고,0,0,1,0,차대사람 - 기타,안전운전불이행,건조,맑음,기타 - 기타,승용,남,65세,상해없음,보행자,남,7세,경상
2021050600100476,2021년 5월 6일 19시,목요일,대전광역시 대덕구 오정동,경상사고,0,0,1,0,차대차 - 측면충돌,안전운전불이행,건조,맑음,기타 - 기타,개인형이동수단(PM),남,17세,기타불명,이륜,남,33세,경상
2021050600100529,2021년 5월 6일 21시,목요일,대전광역시 서구 갈마동,경상사고,0,0,1,0,차대차 - 기타,안전운전불이행,건조,맑음,교차로 - 교차로부근,승용,남,28세,기타불명,화물,남,50세,경상
2021050600100573,2021년 5월 6일 23시,목요일,대전광역시 서구 괴정동,중상사고,0,1,0,0,차대사람 - 횡단중,안전운전불이행,건조,맑음,단일로 - 기타,이륜,남,24세,기타불명,보행자,여,50세,중상
2021050600100574,2021년 5월 6일 23시,목요일,대전광역시 서구 갈마동,경상사고,0,0,1,0,차대사람 - 기타,중앙선침범,건조,맑음,교차로 - 교차로부근,승용,남,62세,기타불명,보행자,여,28세,경상
2021050700100063,2021년 5월 7일 07시,금요일,대전광역시 동구 천동,경상사고,0,0,1,1,차대차 - 추돌,안전운전불이행,건조,맑음,단일로 - 교량,승용,여,64세,부상신고,화물,남,48세,경상
2021050700100064,2021년 5월 7일 07시,금요일,대전광역시 서구 둔산동,경상사고,0,0,1,0,차대차 - 추돌,안전거리미확보,건조,맑음,단일로 - 기타,승용,남,28세,상해없음,승용,여,42세,경상
2021050700100094,2021년 5월 7일 08시,금요일,대전광역시 유성구 교촌동,경상사고,0,0,1,0,차대차 - 추돌,신호위반,건조,맑음,교차로 - 교차로횡단보도내,승용,남,47세,상해없음,개인형이동수단(PM),여,64세,경상
2021050700100148,2021년 5월 7일 10시,금요일,대전광역시 대덕구 신탄진동,경상사고,0,0,2,0,차대차 - 측면충돌,교차로운행방법위반,젖음/습기,비,교차로 - 교차로안,화물,남,71세,상해없음,승용,남,42세,경상
2021050700100184,2021년 5월 7일 11시,금요일,대전광역시 동구 소제동,경상사고,0,0,1,0,차대차 - 추돌,안전거리미확보,건조,맑음,교차로 - 교차로부근,화물,남,23세,상해없음,승용,여,61세,경상
2021050700100185,2021년 5월 7일 11시,금요일,대전광역시 유성구 봉명동,경상사고,0,0,1,0,차대차 - 기타,안전운전불이행,젖음/습기,비,교차로 - 교차로안,이륜,남,49세,경상,승용,여,53세,상해없음
2021050700100223,2021년 5월 7일 12시,금요일,대전광역시 서구 도안동,경상사고,0,0,1,0,차대차 - 기타,안전운전불이행,젖음/습기,비,교차로 - 교차로부근,이륜,여,20세,경상,승용,남,69세,기타불명
2021050700100224,2021년 5월 7일 12시,금요일,대전광역시 서구 괴정동,경상사고,0,0,2,0,차대차 - 추돌,안전운전불이행,젖음/습기,흐림,단일로 - 기타,승용,여,44세,상해없음,승용,남,55세,경상
2021050700100225,2021년 5월 7일 12시,금요일,대전광역시 서구 탄방동,경상사고,0,0,1,0,차대사람 - 기타,안전운전불이행,젖음/습기,비,단일로 - 기타,개인형이동수단(PM),여,21세,상해없음,보행자,여,77세,경상