사고번호,사고일시,요일,시군구,사고내용,사망자수,중상자수,경상자수,부상신고자수,사고유형,법규위반,노면상태,기상상태,도로형태,가해운전자 차종,가해운전자 성별,가해운전자 연령,가해운전자 상해정도,피해운전자 차종,피해운전자 성별,피해운전자 연령,피해운전자 상해정도
2021050700100268,2021년 5월 7일 13시,금요일,대전광역시 중구 산성동,경상사고,0,0,1,0,차대차 - 추돌,안전거리미확보,건조,맑음,교차로 - 교차로안,승용,남,30세,상해없음,승용,여,55세,경상
2021050700100303,2021년 5월 7일 14시,금요일,대전광역시 동구 가양동,경상사고,0,0,1,0,차대차 - 측면충돌,안전거리미확보,건조,맑음,교차로 - 교차로안,승용,남,54세,상해없음,승용,여,54세,경상
2021050700100370,2021년 5월 7일 16시,금요일,대전광역시 중구 문화동,중상사고,0,1,2,0,차대차 - 기타,안전거리미확보,건조,맑음,교차로 - 교차로부근,승용,남,76세,기타불명,승합,남,49세,경상
2021050700100371,2021년 5월 7일 16시,금요일,대전광역시 유성구 봉명동,경상사고,0,0,1,0,차대차 - 측면충돌,안전거리미확보,건조,맑음,단일로 - 기타,승용,남,69세,상해없음,화물,남,37세,경상
2021050700100466,2021년 5월 7일 18시,금요일,대전광역시 동구 가양동,경상사고,0,0,1,0,차대사람 - 보도통행중,안전운전불이행,건조,맑음,단일로 - 기타,승용,남,48세,상해없음,보행자,남,38세,경상
2021050700100467,2021년 5월 7일 18시,금요일,대전광역시 대덕구 오정동,경상사고,0,0,2,0,차대차 - 기타,안전운전불이행,건조,맑음,교차로 - 교차로부근,승용,남,69세,상해없음,승합,남,46세,상해없음
2021050700100468,2021년 5월 7일 18시,금요일,대전광역시 대덕구 평촌동,경상사고,0,0,1,0,차대차 - 측면충돌,안전운전불이행,건조,맑음,단일로 - 기타,승용,남,72세,상해없음,승용,여,32세,경상
2021050700100469,2021년 5월 7일 18시,금요일,대전광역시 유성구 봉명동,중상사고,0,1,0,0,차대차 - 기타,안전거리미확보,건조,맑음,단일로 - 기타,승용,남,25세,상해없음,승용,남,31세,중상
2021050700100470,2021년 5월 7일 18시,금요일,대전광역시 유성구 신성동,경상사고,0,0,1,0,차대차 - 기타,안전운전불이행,건조,맑음,단일로 - 기타,승합,남,67세,기타불명,승용,남,28세,경상
2021050700100546,2021년 5월 7일 20시,금요일,대전광역시 대덕구 중리동,경상사고,0,0,1,0,차대차 - 기타,교차로운행방법위반,건조,맑음,교차로 - 교차로부근,승용,여,29세,상해없음,이륜,남,40세,경상
2021050700100547,2021년 5월 7일 20시,금요일,대전광역시 서구 탄방동,경상사고,0,0,1,0,차대차 - 기타,차로위반,건조,맑음,단일로 - 기타,승용,남,45세,상해없음,승용,여,49세,경상
2021050700100580,2021년 5월 7일 21시,금요일,대전광역시 동구 삼성동,경상사고,0,0,3,0,차대차 - 기타,신호위반,건조,맑음,단일로 - 기타,승용,여,50세,상해없음,승합,남,43세,경상
2021050700100632,2021년 5월 7일 23시,금요일,대전광역시 대덕구 덕암동,경상사고,0,0,1,0,차대사람 - 횡단중,안전운전불이행,건조,맑음,교차로 - 교차로안,승용,남,46세,상해없음,보행자,남,51세,경상
2021050800100033,2021년 5월 8일 02시,토요일,대전광역시 유성구 궁동,중상사고,0,1,0,0,차대차 - 추돌,안전운전불이행,건조,맑음,교차로 - 교차로부근,승용,남,31세,상해없음,승용,여,47세,중상
2021050800100039,2021년 5월 8일 03시,토요일,대전광역시 유성구 원촌동,중상사고,0,1,0,0,차대차 - 측면충돌,신호위반,건조,맑음,교차로 - 교차로안,승용,남,19세,상해없음,승용,남,37세,중상
2021050800100117,2021년 5월 8일 09시,토요일,대전광역시 유성구 신성동,경상사고,0,0,1,0,차대차 - 기타,안전운전불이행,건조,맑음,단일로 - 기타,승용,남,40세,상해없음,이륜,남,31세,경상
2021050800100145,2021년 5월 8일 10시,토요일,대전광역시 대덕구 중리동,경상사고,0,0,1,0,차량단독 - 기타,안전운전불이행,건조,맑음,단일로 - 기타,승합,남,55세,상해없음,,,,
2021050800100184,2021년 5월 8일 11시,토요일,대전광역시 서구 갈마동,부상신고사고,0,0,0,1,차대차 - 측면충돌,불법유턴,건조,맑음,교차로 - 교차로횡단보도내,자전거,남,79세,부상신고,승용,남,29세,상해없음
2021050800100185,2021년 5월 8일 11시,토요일,대전광역시 유성구 지족동,부상신고사고,0,0,0,1,차대차 - 기타,안전운전불이행,건조,맑음,교차로 - 교차로안,기타불명,기타불명,미분류,기타불명,자전거,남,14세,부상신고
2021050800100239,2021년 5월 8일 12시,토요일,대전광역시 동구 성남동,경상사고,0,0,1,0,차대차 - 추돌,안전운전불이행,건조,맑음,단일로 - 기타,이륜,남,30세,상해없음,승용,여,31세,경상
2021050800100292,2021년 5월 8일 13시,토요일,대전광역시 서구 변동,경상사고,0,0,1,0,차대차 - 추돌,안전운전불이행,건조,맑음,교차로 - 교차로부근,건설기계,남,44세,상해없음,이륜,남,34세,경상
2021050800100334,2021년 5월 8일 14시,토요일,대전광역시 유성구 지족동,경상사고,0,0,1,0,차대차 - 기타,안전운전불이행,건조,맑음,교차로 - 교차로부근,이륜,남,30세,상해없음,승용,여,49세,경상
2021050800100376,2021년 5월 8일 15시,토요일,대전광역시 중구 대흥동,경상사고,0,0,3,0,차대차 - 기타,신호위반,건조,맑음,교차로 - 교차로부근,승용,여,52세,상해없음,승용,남,45세,경상
2021050800100377,2021년 5월 8일 15시,토요일,대전광역시 서구 관저동,경상사고,0,0,1,0,차대차 - 기타,안전운전불이행,건조,맑음,교차로 - 교차로안,승용,남,62세,상해없음,승용,여,61세,경상
2021050800100416,2021년 5월 8일 16시,토요일,대전광역시 동구 판암동,경상사고,0,0,1,0,차대차 - 추돌,안전운전불이행,건조,맑음,단일로 - 기타,화물,남,43세,상해없음,승용,여,38세,상해없음
2021050800100443,2021년 5월 8일 17시,토요일,대전광역시 유성구 원내동,경상사고,0,0,1,0,차대차 - 기타,안전운전불이행,건조,맑음,단일로 - 기타,화물,남,40세,상해없음,승용,여,42세,경상
2021050800100534,2021년 5월 8일 19시,토요일,대전광역시 대덕구 중리동,경상사고,0,0,1,0,차대차 - 측면충돌,교차로운행방법위반,건조,맑음,교차로 - 교차로안,기타불명,기타불명,미분류,기타불명,자전거,남,10세,경상
2021050800100535,2021년 5월 8일 19시,토요일,대전광역시 서구 둔산동,중상사고,0,1,0,0,차대차 - 기타,교차로운행방법위반,건조,맑음,교차로 - 교차로부근,승용,남,32세,상해없음,이륜,남,51세,중상
2021050800100560,2021년 5월 8일 20시,토요일,대전광역시 대덕구 비래동,경상사고,0,0,3,0,차대차 - 기타,교차로운행방법위반,건조,맑음,교차로 - 교차로안,승용,여,51세,기타불명,승용,남,70세,경상
2021050800100561,2021년 5월 8일 20시,토요일,대전광역시 유성구 봉명동,경상사고,0,0,1,0,차대차 - 추돌,기타,건조,맑음,단일로 - 기타,승용,남,30세,상해없음,승용,남,65세,경상
2021050800100589,2021년 5월 8일 21시,토요일,대전광역시 중구 목동,중상사고,0,1,0,0,차대차 - 측면충돌,안전운전불이행,건조,맑음,교차로 - 교차로안,승용,남,32세,상해없음,승용,남,46세,상해없음
2021050800100603,2021년 5월 8일 22시,토요일,대전광역시 유성구 장대동,경상사고,0,0,1,0,차대차 - 추돌,안전운전불이행,건조,맑음,단일로 - 기타,승용,남,50세,상해없음,승용,여,41세,경상
2021050800100611,2021년 5월 8일 22시,토요일,대전광역시 대덕구 덕암동,중상사고,0,1,0,0,차대사람 - 길가장자리구역통행중,안전운전불이행,건조,맑음,교차로 - 교차로부근,승용,남,72세,상해없음,보행자,남,47세,중상
2021050800100620,2021년 5월 8일 23시,토요일,대전광역시 대덕구 신일동,경상사고,0,0,2,0,차대차 - 추돌,안전운전불이행,건조,맑음,단일로 - 기타,승용,여,21세,상해없음,승용,여,23세,경상
2021050900100028,2021년 5월 9일 04시,일요일,대전광역시 서구 둔산동,경상사고,0,0,1,1,차대차 - 측면충돌,신호위반,건조,맑음,교차로 - 교차로안,이륜,남,22세,상해없음,승용,남,69세,부상신고
2021050900100045,2021년 5월 9일 06시,일요일,대전광역시 서구 갈마동,중상사고,0,1,0,0,차대사람 - 기타,신호위반,건조,맑음,단일로 - 기타,특수,남,31세,상해없음,보행자,남,54세,중상
2021050900100066,2021년 5월 9일 08시,일요일,대전광역시 서구 둔산동,경상사고,0,0,2,0,차량단독 - 기타,안전운전불이행,건조,맑음,교차로 - 교차로부근,승용,남,72세,상해없음,,,,
2021050900100085,2021년 5월 9일 09시,일요일,대전광역시 중구 대흥동,경상사고,0,0,1,0,차대차 - 기타,교차로운행방법위반,건조,맑음,교차로 - 교차로안,승용,남,65세,상해없음,승용,여,46세,경상
2021050900100140,2021년 5월 9일 11시,일요일,대전광역시 서구 둔산동,경상사고,0,0,1,0,차대차 - 기타,안전운전불이행,건조,맑음,교차로 - 교차로안,승용,남,35세,상해없음,승용,남,49세,경상
2021050900100177,2021년 5월 9일 12시,일요일,대전광역시 서구 둔산동,경상사고,0,0,1,0,차대차 - 기타,신호위반,건조,맑음,교차로 - 교차로부근,승용,여,58세,상해없음,승용,남,63세,상해없음
2021050900100284,2021년 5월 9일 15시,일요일,대전광역시 유성구 궁동,경상사고,0,0,4,0,차대차 - 추돌,안전운전불이행,건조,맑음,단일로 - 기타,승용,남,61세,기타불명,승용,남,40세,경상
2021050900100399,2021년 5월 9일 18시,일요일,대전광역시 중구 문화동,중상사고,0,1,0,0,차대차 - 기타,안전운전불이행,건조,맑음,교차로 - 교차로안,승용,여,56세,상해없음,승용,여,54세,중상
2021050900100400,2021년 5월 9일 18시,일요일,대전광역시 중구 문화동,경상사고,0,0,1,0,차대차 - 기타,안전운전불이행,건조,맑음,교차로 - 교차로부근,승용,남,18세,상해없음,승용,남,60세,경상
2021050900100401,2021년 5월 9일 18시,일요일,대전광역시 동구 가양동,경상사고,0,0,1,0,차대차 - 기타,안전운전불이행,건조,맑음,교차로 - 교차로안,화물,남,43세,상해없음,이륜,남,43세,경상
2021050900100432,2021년 5월 9일 19시,일요일,대전광역시 서구 괴정동,경상사고,0,0,1,0,차대차 - 기타,안전운전불이행,건조,맑음,교차로 - 교차로안,승용,남,66세,상해없음,이륜,남,31세,경상
2021050900100433,2021년 5월 9일 19시,일요일,대전광역시 유성구 장대동,경상사고,0,0,2,0,차대차 - 측면충돌,안전운전불이행,건조,맑음,교차로 - 교차로부근,승용,남,57세,상해없음,승용,남,48세,경상
2021050900100462,2021년 5월 9일 20시,일요일,대전광역시 동구 가양동,경상사고,0,0,1,0,차량단독 - 기타,기타,건조,맑음,교차로 - 교차로안,승합,남,52세,상해없음,,,,
2021050900100463,2021년 5월 9일 20시,일요일,대전광역시 서구 만년동,경상사고,0,0,1,0,차대차 - 기타,안전거리미확보,건조,맑음,단일로 - 기타,승용,여,52세,기타불명,승용,여,30세,경상
2021050900100464,2021년 5월 9일 20시,일요일,대전광역시 유성구 궁동,경상사고,0,0,1,0,차대차 - 기타,안전운전불이행,건조,맑음,교차로 - 교차로안,승용,여,54세,상해없음,이륜,남,41세,경상
2021050900100494,2021년 5월 9일 22시,일요일,대전광역시 대덕구 덕암동,경상사고,0,0,1,0,차대사람 - 보도통행중,보행자보호의무위반,건조,맑음,교차로 - 교차로횡단보도내,승용,남,24세,상해없음,보행자,남,25세,경상
2021050900100509,2021년 5월 9일 23시,일요일,대전광역시 서구 둔산동,경상사고,0,0,2,0,차대차 - 추돌,안전운전불이행,건조,맑음,기타 - 기타,승합,남,46세,기타불명,승용,남,39세,경상
2021051000100053,2021년 5월 10일 07시,월요일,대전광역시 서구 가수원동,경상사고,0,0,1,0,차대차 - 기타,안전운전불이행,건조,흐림,교차로 - 교차로부근,승용,여,51세,상해없음,화물,남,40세,경상
2021051000100097,2021년 5월 10일 08시,월요일,대전광역시 동구 판암동,경상사고,0,0,1,0,차량단독 - 기타,안전운전불이행,건조,맑음,교차로 - 교차로부근,승합,남,54세,상해없음,,,,
2021051000100098,2021년 5월 10일 08시,월요일,대전광역시 대덕구 오정동,경상사고,0,0,1,0,차대차 - 측면충돌,안전운전불이행,건조,맑음,교차로 - 교차로안,승용,여,54세,상해없음,자전거,남,74세,경상
2021051000100122,2021년 5월 10일 09시,월요일,대전광역시 유성구 지족동,경상사고,0,0,1,0,차대차 - 측면충돌,신호위반,젖음/습기,비,단일로 - 지하차도(도로)내,승용,남,40세,상해없음,승용,여,21세,경상
2021051000100141,2021년 5월 10일 10시,월요일,대전광역시 동구 인동,경상사고,0,0,1,0,차량단독 - 기타,안전운전불이행,젖음/습기,비,단일로 - 기타,승합,남,37세,상해없음,,,,
2021051000100175,2021년 5월 10일 11시,월요일,대전광역시 서구 둔산동,경상사고,0,0,1,0,차량단독 - 기타,안전운전불이행,건조,맑음,단일로 - 기타,승합,남,44세,상해없음,,,,
2021051000100201,2021년 5월 10일 12시,월요일,대전광역시 대덕구 오정동,경상사고,0,0,2,0,차대차 - 측면충돌,안전운전불이행,건조,맑음,교차로 - 교차로부근,승용,남,64세,상해없음,승용,남,30세,경상
2021051000100235,2021년 5월 10일 13시,월요일,대전광역시 서구 둔산동,경상사고,0,0,1,0,차대차 - 기타,안전운전불이행,젖음/습기,비,단일로 - 기타,승용,남,23세,상해없음,승용,남,63세,경상
2021051000100277,2021년 5월 10일 14시,월요일,대전광역시 서구 갈마동,중상사고,0,1,1,0,차대차 - 측면충돌,교차로운행방법위반,젖음/습기,비,교차로 - 교차로안,이륜,남,40세,중상,승용,남,33세,경상
2021051000100322,2021년 5월 10일 15시,월요일,대전광역시 중구 대흥동,경상사고,0,0,1,0,차대차 - 기타,안전운전불이행,건조,맑음,단일로 - 기타,승용,남,34세,상해없음,승용,남,31세,경상
2021051000100353,2021년 5월 10일 16시,월요일,대전광역시 동구 가양동,경상사고,0,0,2,0,차대차 - 기타,직진우회전진행방해,건조,맑음,교차로 - 교차로안,승용,여,54세,경상,승용,여,56세,경상
2021051000100354,2021년 5월 10일 16시,월요일,대전광역시 서구 용문동,중상사고,0,1,2,0,차대차 - 추돌,안전운전불이행,젖음/습기,흐림,단일로 - 기타,승용,여,51세,상해없음,승용,남,24세,중상
2021051000100420,2021년 5월 10일 18시,월요일,대전광역시 동구 삼성동,경상사고,0,0,1,0,차대차 - 기타,안전운전불이행,건조,맑음,교차로 - 교차로횡단보도내,화물,남,48세,상해없음,자전거,남,21세,경상
2021051000100421,2021년 5월 10일 18시,월요일,대전광역시 서구 둔산동,경상사고,0,0,3,0,차대차 - 기타,안전운전불이행,건조,맑음,교차로 - 교차로부근,승용,여,48세,기타불명,승용,남,29세,경상
2021051000100422,2021년 5월 10일 18시,월요일,대전광역시 서구 갈마동,경상사고,0,0,2,0,차대차 - 측면충돌,교차로운행방법위반,건조,맑음,교차로 - 교차로안,승용,남,38세,경상,승용,남,57세,경상
2021051000100423,2021년 5월 10일 18시,월요일,대전광역시 서구 둔산동,경상사고,0,0,1,0,차대사람 - 기타,안전운전불이행,건조,맑음,단일로 - 기타,승용,여,61세,상해없음,보행자,여,54세,경상
2021051000100460,2021년 5월 10일 19시,월요일,대전광역시 유성구 신성동,부상신고사고,0,0,0,1,차대차 - 측면충돌,안전운전불이행,젖음/습기,비,기타 - 기타,화물,남,52세,상해없음,승용,남,64세,부상신고
2021051000100497,2021년 5월 10일 20시,월요일,대전광역시 동구 인동,경상사고,0,0,1,0,차대차 - 측면충돌,안전운전불이행,젖음/습기,맑음,교차로 - 교차로안,화물,남,40세,상해없음,승용,남,49세,경상
2021051000100552,2021년 5월 10일 22시,월요일,대전광역시 동구 가오동,중상사고,0,1,0,0,차대차 - 기타,중앙선침범,젖음/습기,비,교차로 - 교차로부근,화물,남,58세,상해없음,원동기,남,37세,중상
2021051000100553,2021년 5월 10일 22시,월요일,대전광역시 동구 가양동,경상사고,0,0,1,0,차대차 - 정면충돌,안전운전불이행,건조,맑음,교차로 - 교차로안,이륜,남,22세,상해없음,승용,남,66세,경상
2021051000100554,2021년 5월 10일 22시,월요일,대전광역시 서구 내동,중상사고,0,1,0,0,차대사람 - 횡단중,안전운전불이행,젖음/습기,비,단일로 - 기타,승용,남,42세,상해없음,보행자,남,16세,중상
2021051000100555,2021년 5월 10일 22시,월요일,대전광역시 서구 괴정동,경상사고,0,0,2,0,차대차 - 기타,안전운전불이행,젖음/습기,비,교차로 - 교차로횡단보도내,승용,남,60세,상해없음,승용,남,61세,경상
2021051000100556,2021년 5월 10일 22시,월요일,대전광역시 서구 둔산동,경상사고,0,0,1,0,차대차 - 기타,안전운전불이행,젖음/습기,비,단일로 - 기타,승용,남,22세,상해없음,이륜,남,31세,경상
2021051100100011,2021년 5월 11일 00시,화요일,대전광역시 유성구 장대동,경상사고,0,0,2,0,차대차 - 측면충돌,신호위반,젖음/습기,비,교차로 - 교차로안,승용,남,61세,상해없음,승용,남,58세,경상
2021051100100023,2021년 5월 11일 02시,화요일,대전광역시 서구 가수원동,경상사고,0,0,1,0,차대차 - 기타,안전운전불이행,젖음/습기,비,교차로 - 교차로부근,승용,남,41세,상해없음,화물,남,66세,경상
2021051100100132,2021년 5월 11일 08시,화요일,대전광역시 서구 도마동,중상사고,0,1,0,0,차대차 - 추돌,안전운전불이행,건조,맑음,단일로 - 기타,승용,남,23세,상해없음,승용,남,33세,중상
2021051100100201,2021년 5월 11일 10시,화요일,대전광역시 서구 도안동,경상사고,0,0,1,0,차대차 - 기타,안전운전불이행,건조,맑음,기타 - 기타,화물,남,34세,상해없음,화물,남,56세,경상
2021051100100202,2021년 5월 11일 10시,화요일,대전광역시 유성구 상대동,경상사고,0,0,1,0,차대차 - 측면충돌,안전운전불이행,건조,맑음,단일로 - 기타,화물,남,50세,상해없음,자전거,남,77세,경상
2021051100100315,2021년 5월 11일 13시,화요일,대전광역시 중구 용두동,중상사고,0,1,1,0,차대차 - 추돌,안전운전불이행,건조,맑음,단일로 - 기타,이륜,남,44세,중상,승용,남,57세,경상
2021051100100356,2021년 5월 11일 14시,화요일,대전광역시 중구 문창동,중상사고,0,1,1,0,차대차 - 기타,안전운전불이행,건조,흐림,단일로 - 기타,승합,여,56세,경상,승용,남,48세,중상
2021051100100357,2021년 5월 11일 14시,화요일,대전광역시 대덕구 갈전동,중상사고,0,1,0,0,차대차 - 정면충돌,중앙선침범,건조,맑음,단일로 - 기타,자전거,여,16세,중상,화물,남,60세,상해없음
2021051100100397,2021년 5월 11일 15시,화요일,대전광역시 유성구 방동,경상사고,0,0,1,0,차대차 - 기타,안전운전불이행,건조,맑음,기타 - 기타,승용,남,46세,상해없음,화물,남,63세,경상
2021051100100435,2021년 5월 11일 16시,화요일,대전광역시 중구 부사동,경상사고,0,0,1,0,차대차 - 기타,신호위반,건조,흐림,교차로 - 교차로부근,승용,남,77세,상해없음,자전거,여,45세,경상
2021051100100436,2021년 5월 11일 16시,화요일,대전광역시 서구 둔산동,경상사고,0,0,1,0,차대사람 - 기타,안전운전불이행,건조,맑음,단일로 - 기타,승용,여,23세,상해없음,보행자,여,20세,경상
2021051100100438,2021년 5월 11일 16시,화요일,대전광역시 유성구 하기동,경상사고,0,0,1,0,차대차 - 기타,안전운전불이행,건조,맑음,교차로 - 교차로안,화물,남,45세,상해없음,승용,여,66세,경상
2021051100100476,2021년 5월 11일 17시,화요일,대전광역시 서구 둔산동,중상사고,0,1,3,0,차대차 - 기타,안전운전불이행,건조,맑음,단일로 - 기타,승용,여,22세,경상,승용,여,49세,중상
2021051100100477,2021년 5월 11일 17시,화요일,대전광역시 유성구 신성동,경상사고,0,0,1,0,차량단독 - 기타,안전운전불이행,건조,맑음,기타 - 기타,승합,남,61세,상해없음,,,,
2021051100100478,2021년 5월 11일 17시,화요일,대전광역시 유성구 노은동,중상사고,0,1,0,0,차대차 - 기타,안전거리미확보,건조,맑음,교차로 - 교차로부근,승합,남,71세,상해없음,승용,남,53세,중상
2021051100100557,2021년 5월 11일 19시,화요일,대전광역시 유성구 송강동,경상사고,0,0,1,0,차대차 - 추돌,안전운전불이행,건조,맑음,교차로 - 교차로부근,승용,기타불명,미분류,기타불명,승용,남,31세,경상
2021051100100558,2021년 5월 11일 19시,화요일,대전광역시 유성구 봉명동,경상사고,0,0,1,0,차대차 - 기타,안전운전불이행,건조,맑음,교차로 - 교차로횡단보도내,승합,남,75세,상해없음,개인형이동수단(PM),남,20세,경상
2021051100100588,2021년 5월 11일 20시,화요일,대전광역시 중구 오류동,경상사고,0,0,3,0,차대차 - 측면충돌,신호위반,건조,맑음,교차로 - 교차로안,승용,남,32세,상해없음,승용,여,37세,경상
2021051100100614,2021년 5월 11일 21시,화요일,대전광역시 서구 둔산동,경상사고,0,0,1,0,차대차 - 추돌,안전운전불이행,건조,맑음,교차로 - 교차로부근,승용,남,47세,상해없음,승용,남,49세,경상
2021051100100640,2021년 5월 11일 22시,화요일,대전광역시 서구 둔산동,경상사고,0,0,1,0,차대사람 - 기타,안전운전불이행,건조,맑음,교차로 - 교차로안,기타불명,기타불명,미분류,기타불명,보행자,남,26세,경상
2021051100100641,2021년 5월 11일 22시,화요일,대전광역시 유성구 복용동,중상사고,0,1,0,0,차대사람 - 횡단중,안전운전불이행,건조,맑음,교차로 - 교차로부근,화물,여,49세,상해없음,보행자,남,64세,중상
2021051100100661,2021년 5월 11일 23시,화요일,대전광역시 서구 만년동,사망사고,1,0,0,0,차대차 - 정면충돌,신호위반,건조,맑음,교차로 - 교차로안,승용,남,42세,상해없음,이륜,남,36세,사망
2021051200100018,2021년 5월 12일 02시,수요일,대전광역시 동구 대동,경상사고,0,0,1,0,차대차 - 추돌,안전운전불이행,건조,맑음,단일로 - 기타,이륜,남,43세,상해없음,승용,남,50세,경상
2021051200100025,2021년 5월 12일 04시,수요일,대전광역시 서구 갈마동,중상사고,0,1,0,0,차대차 - 측면충돌,중앙선침범,건조,맑음,단일로 - 터널,승용,남,32세,상해없음,승용,남,54세,중상
2021051200100056,2021년 5월 12일 07시,수요일,대전광역시 서구 월평동,경상사고,0,0,1,0,차대차 - 측면충돌,신호위반,건조,맑음,교차로 - 교차로안,승용,남,23세,상해없음,승용,여,34세,경상
2021051200100057,2021년 5월 12일 07시,수요일,대전광역시 서구 월평동,경상사고,0,0,2,0,차대차 - 기타,안전거리미확보,건조,맑음,단일로 - 기타,화물,남,38세,상해없음,승용,남,28세,경상
2021051200100097,2021년 5월 12일 08시,수요일,대전광역시 유성구 원내동,경상사고,0,0,3,0,차대차 - 추돌,안전거리미확보,건조,맑음,단일로 - 기타,화물,남,63세,상해없음,승용,여,49세,경상
2021051200100130,2021년 5월 12일 09시,수요일,대전광역시 대덕구 신대동,경상사고,0,0,1,0,차대차 - 측면충돌,안전운전불이행,건조,맑음,단일로 - 기타,승용,남,62세,기타불명,승용,남,30세,경상
2021051200100131,2021년 5월 12일 09시,수요일,대전광역시 대덕구 신대동,경상사고,0,0,1,0,차대차 - 추돌,안전운전불이행,건조,맑음,단일로 - 기타,승용,남,25세,상해없음,승용,여,32세,경상
2021051200100167,2021년 5월 12일 10시,수요일,대전광역시 대덕구 목상동,경상사고,0,0,1,0,차대차 - 측면충돌,안전운전불이행,건조,맑음,단일로 - 기타,화물,남,62세,기타불명,승용,남,25세,경상
2021051200100228,2021년 5월 12일 12시,수요일,대전광역시 중구 무수동,중상사고,0,1,0,0,차대차 - 측면충돌,안전운전불이행,건조,맑음,단일로 - 기타,이륜,남,65세,중상,화물,남,54세,상해없음
2021051200100229,2021년 5월 12일 12시,수요일,대전광역시 대덕구 오정동,경상사고,0,0,1,0,차대차 - 추돌,안전운전불이행,건조,맑음,단일로 - 기타,승용,여,53세,상해없음,원동기,남,20세,경상
2021051200100267,2021년 5월 12일 13시,수요일,대전광역시 서구 월평동,경상사고,0,0,1,0,차대차 - 기타,교차로운행방법위반,건조,맑음,교차로 - 교차로안,승용,여,53세,상해없음,승용,남,43세,경상
2021051200100268,2021년 5월 12일 13시,수요일,대전광역시 유성구 장대동,경상사고,0,0,1,0,차대차 - 기타,안전거리미확보,건조,맑음,단일로 - 기타,건설기계,남,67세,상해없음,승용,남,51세,경상
2021051200100338,2021년 5월 12일 15시,수요일,대전광역시 유성구 관평동,경상사고,0,0,1,0,차대차 - 기타,중앙선침범,건조,맑음,단일로 - 기타,승용,여,58세,상해없음,승용,여,32세,경상
2021051200100439,2021년 5월 12일 17시,수요일,대전광역시 대덕구 석봉동,중상사고,0,1,0,0,차대차 - 측면충돌,중앙선침범,건조,맑음,단일로 - 기타,자전거,남,74세,중상,승용,남,47세,상해없음
2021051200100440,2021년 5월 12일 17시,수요일,대전광역시 서구 월평동,중상사고,0,1,0,0,차대사람 - 차도통행중,안전운전불이행,건조,맑음,단일로 - 기타,화물,남,24세,상해없음,보행자,남,81세,중상
2021051200100441,2021년 5월 12일 17시,수요일,대전광역시 서구 갈마동,중상사고,0,1,0,0,차대차 - 후진중충돌,안전운전불이행,건조,맑음,단일로 - 기타,승용,남,61세,상해없음,화물,남,42세,중상
2021051200100442,2021년 5월 12일 17시,수요일,대전광역시 유성구 관평동,중상사고,0,1,0,0,차대차 - 추돌,안전운전불이행,건조,맑음,단일로 - 기타,화물,남,69세,상해없음,승용,여,35세,중상
2021051200100443,2021년 5월 12일 17시,수요일,대전광역시 유성구 하기동,경상사고,0,0,1,0,차대차 - 후진중충돌,안전운전불이행,건조,맑음,단일로 - 기타,승용,여,45세,상해없음,승용,남,39세,경상
2021051200100498,2021년 5월 12일 18시,수요일,대전광역시 유성구 관평동,중상사고,0,1,2,0,차대차 - 측면충돌,안전운전불이행,건조,맑음,교차로 - 교차로안,승용,여,39세,경상,승용,남,49세,중상
2021051200100531,2021년 5월 12일 19시,수요일,대전광역시 유성구 덕명동,경상사고,0,0,1,0,차대차 - 기타,신호위반,건조,맑음,교차로 - 교차로안,승용,남,49세,상해없음,승용,여,56세,경상
2021051200100558,2021년 5월 12일 20시,수요일,대전광역시 유성구 방동,경상사고,0,0,1,0,차대차 - 측면충돌,안전운전불이행,건조,맑음,단일로 - 기타,승용,남,53세,상해없음,승용,남,30세,경상
2021051200100577,2021년 5월 12일 21시,수요일,대전광역시 유성구 구암동,경상사고,0,0,2,0,차대차 - 측면충돌,교차로운행방법위반,건조,맑음,교차로 - 교차로안,승용,남,52세,경상,승용,여,49세,경상
2021051200100601,2021년 5월 12일 22시,수요일,대전광역시 동구 가양동,중상사고,0,1,0,0,차대차 - 기타,신호위반,건조,맑음,교차로 - 교차로안,이륜,남,53세,상해없음,승용,남,40세,상해없음
2021051200100602,2021년 5월 12일 22시,수요일,대전광역시 대덕구 중리동,경상사고,0,0,1,0,차대차 - 추돌,안전운전불이행,건조,맑음,교차로 - 교차로부근,승용,남,22세,상해없음,이륜,남,45세,경상
2021051300100006,2021년 5월 13일 00시,목요일,대전광역시 유성구 원신흥동,경상사고,0,0,1,0,차대차 - 기타,안전운전불이행,건조,맑음,단일로 - 기타,승용,남,28세,상해없음,화물,남,31세,경상
2021051300100047,2021년 5월 13일 06시,목요일,대전광역시 중구 태평동,부상신고사고,0,0,0,1,차대차 - 기타,안전운전불이행,건조,맑음,단일로 - 기타,자전거,남,74세,부상신고,승용,남,57세,상해없음
2021051300100150,2021년 5월 13일 09시,목요일,대전광역시 중구 산성동,경상사고,0,0,4,0,차량단독 - 기타,안전운전불이행,건조,맑음,단일로 - 기타,승합,남,58세,상해없음,,,,
2021051300100151,2021년 5월 13일 09시,목요일,대전광역시 유성구 죽동,중상사고,0,1,0,0,차대차 - 측면충돌,안전운전불이행,건조,맑음,교차로 - 교차로안,개인형이동수단(PM),여,29세,중상,화물,남,34세,상해없음