사고번호,사고일시,요일,시군구,사고내용,사망자수,중상자수,경상자수,부상신고자수,사고유형,법규위반,노면상태,기상상태,도로형태,가해운전자 차종,가해운전자 성별,가해운전자 연령,가해운전자 상해정도,피해운전자 차종,피해운전자 성별,피해운전자 연령,피해운전자 상해정도
2021051300100183,2021년 5월 13일 10시,목요일,대전광역시 유성구 추목동,경상사고,0,0,2,0,차대차 - 측면충돌,안전운전불이행,건조,맑음,교차로 - 교차로안,승용,여,54세,경상,승용,남,46세,경상
2021051300100283,2021년 5월 13일 13시,목요일,대전광역시 중구 오류동,경상사고,0,0,1,0,차대차 - 측면충돌,안전운전불이행,건조,맑음,단일로 - 기타,승용,여,32세,상해없음,승용,남,32세,경상
2021051300100329,2021년 5월 13일 14시,목요일,대전광역시 서구 둔산동,경상사고,0,0,2,0,차대차 - 기타,안전운전불이행,건조,맑음,단일로 - 기타,승용,여,20세,상해없음,승용,여,42세,경상
2021051300100330,2021년 5월 13일 14시,목요일,대전광역시 유성구 봉명동,경상사고,0,0,2,0,차대차 - 측면충돌,안전운전불이행,건조,맑음,교차로 - 교차로안,승용,남,38세,경상,승용,여,52세,경상
2021051300100360,2021년 5월 13일 15시,목요일,대전광역시 서구 도마동,경상사고,0,0,1,0,차대차 - 기타,안전운전불이행,건조,맑음,단일로 - 기타,승용,남,69세,상해없음,화물,남,68세,경상
2021051300100361,2021년 5월 13일 15시,목요일,대전광역시 대덕구 오정동,중상사고,0,1,1,0,차대차 - 기타,안전운전불이행,건조,맑음,단일로 - 기타,화물,남,61세,기타불명,승합,남,35세,경상
2021051300100403,2021년 5월 13일 16시,목요일,대전광역시 중구 용두동,경상사고,0,0,1,0,차대차 - 측면충돌,중앙선침범,건조,맑음,단일로 - 기타,승용,남,57세,상해없음,승용,남,44세,경상
2021051300100404,2021년 5월 13일 16시,목요일,대전광역시 유성구 원신흥동,경상사고,0,0,2,0,차대차 - 추돌,안전거리미확보,건조,맑음,교차로 - 교차로부근,이륜,남,34세,상해없음,승용,남,39세,경상
2021051300100452,2021년 5월 13일 17시,목요일,대전광역시 서구 관저동,경상사고,0,0,1,0,차대사람 - 횡단중,보행자보호의무위반,건조,맑음,교차로 - 교차로횡단보도내,승용,여,28세,상해없음,보행자,남,8세,경상
2021051300100534,2021년 5월 13일 19시,목요일,대전광역시 유성구 봉명동,경상사고,0,0,3,0,차대차 - 기타,안전운전불이행,건조,맑음,교차로 - 교차로안,이륜,남,54세,기타불명,승용,여,35세,경상
2021051300100569,2021년 5월 13일 20시,목요일,대전광역시 동구 홍도동,중상사고,0,1,0,0,차대차 - 측면충돌,신호위반,건조,맑음,교차로 - 교차로안,승용,여,28세,상해없음,이륜,남,47세,중상
2021051300100620,2021년 5월 13일 22시,목요일,대전광역시 중구 선화동,경상사고,0,0,1,0,차대차 - 측면충돌,안전거리미확보,건조,맑음,단일로 - 기타,승용,남,31세,상해없음,이륜,남,27세,경상
2021051300100621,2021년 5월 13일 22시,목요일,대전광역시 서구 갈마동,경상사고,0,0,1,0,차대차 - 기타,교차로운행방법위반,건조,맑음,교차로 - 교차로부근,승용,남,25세,상해없음,이륜,남,38세,경상
2021051400100079,2021년 5월 14일 07시,금요일,대전광역시 대덕구 대화동,경상사고,0,0,2,0,차대차 - 측면충돌,안전운전불이행,건조,맑음,교차로 - 교차로안,승용,여,58세,경상,승용,남,60세,경상
2021051400100119,2021년 5월 14일 08시,금요일,대전광역시 서구 탄방동,경상사고,0,0,1,0,차대차 - 기타,교차로운행방법위반,건조,맑음,교차로 - 교차로안,승용,남,76세,상해없음,승용,남,50세,경상
2021051400100120,2021년 5월 14일 08시,금요일,대전광역시 유성구 화암동,경상사고,0,0,1,0,차대차 - 추돌,안전운전불이행,건조,맑음,단일로 - 기타,건설기계,남,57세,상해없음,승용,여,34세,경상
2021051400100163,2021년 5월 14일 09시,금요일,대전광역시 동구 가오동,경상사고,0,0,2,0,차대차 - 측면충돌,안전거리미확보,건조,맑음,단일로 - 기타,승용,여,39세,경상,승용,여,35세,경상
2021051400100188,2021년 5월 14일 10시,금요일,대전광역시 대덕구 중리동,경상사고,0,0,1,0,차대사람 - 횡단중,보행자보호의무위반,건조,맑음,교차로 - 교차로횡단보도내,자전거,남,72세,상해없음,보행자,남,65세,경상
2021051400100189,2021년 5월 14일 10시,금요일,대전광역시 유성구 방동,중상사고,0,1,1,0,차대차 - 기타,안전거리미확보,건조,맑음,단일로 - 기타,승용,남,28세,상해없음,승용,남,20세,중상
2021051400100224,2021년 5월 14일 11시,금요일,대전광역시 서구 관저동,중상사고,0,1,0,0,차대차 - 기타,안전운전불이행,건조,맑음,단일로 - 기타,승용,남,50세,상해없음,이륜,여,46세,중상
2021051400100258,2021년 5월 14일 12시,금요일,대전광역시 대덕구 읍내동,경상사고,0,0,1,0,차대사람 - 기타,안전운전불이행,건조,맑음,기타 - 기타,승용,남,62세,상해없음,보행자,남,32세,경상
2021051400100259,2021년 5월 14일 12시,금요일,대전광역시 유성구 갑동,경상사고,0,0,1,0,차대차 - 기타,안전운전불이행,건조,맑음,단일로 - 기타,승용,남,82세,상해없음,승용,여,40세,경상
2021051400100292,2021년 5월 14일 13시,금요일,대전광역시 유성구 문지동,경상사고,0,0,2,0,차대차 - 기타,안전운전불이행,건조,맑음,단일로 - 기타,승용,남,65세,기타불명,승용,여,53세,경상
2021051400100339,2021년 5월 14일 14시,금요일,대전광역시 유성구 봉명동,중상사고,0,1,0,0,차대차 - 기타,직진우회전진행방해,건조,맑음,교차로 - 교차로안,승용,여,39세,상해없음,이륜,남,38세,중상
2021051400100340,2021년 5월 14일 14시,금요일,대전광역시 유성구 궁동,중상사고,0,1,0,0,차대차 - 기타,직진우회전진행방해,건조,맑음,교차로 - 교차로안,승용,남,22세,상해없음,이륜,남,36세,중상
2021051400100386,2021년 5월 14일 15시,금요일,대전광역시 중구 대흥동,경상사고,0,0,1,0,차대차 - 기타,안전운전불이행,건조,맑음,교차로 - 교차로안,승용,여,53세,상해없음,승용,여,48세,경상
2021051400100387,2021년 5월 14일 15시,금요일,대전광역시 서구 둔산동,경상사고,0,0,2,0,차대차 - 기타,안전운전불이행,건조,맑음,단일로 - 기타,승용,여,44세,경상,승용,여,59세,경상
2021051400100388,2021년 5월 14일 15시,금요일,대전광역시 서구 탄방동,경상사고,0,0,3,0,차대차 - 기타,안전운전불이행,건조,맑음,교차로 - 교차로안,승용,여,26세,경상,승용,남,30세,경상
2021051400100441,2021년 5월 14일 16시,금요일,대전광역시 중구 문화동,경상사고,0,0,1,0,차대사람 - 횡단중,중앙선침범,건조,맑음,교차로 - 교차로부근,승용,여,57세,기타불명,보행자,여,79세,경상
2021051400100442,2021년 5월 14일 16시,금요일,대전광역시 서구 둔산동,경상사고,0,0,1,0,차대차 - 기타,안전운전불이행,건조,흐림,단일로 - 기타,승용,남,44세,상해없음,승용,남,42세,경상
2021051400100510,2021년 5월 14일 17시,금요일,대전광역시 동구 대동,경상사고,0,0,2,0,차대차 - 기타,신호위반,건조,맑음,교차로 - 교차로안,원동기,남,22세,경상,승용,여,47세,상해없음
2021051400100562,2021년 5월 14일 18시,금요일,대전광역시 중구 산성동,경상사고,0,0,1,0,차대차 - 기타,직진우회전진행방해,건조,맑음,교차로 - 교차로안,승용,남,51세,상해없음,이륜,남,39세,경상
2021051400100597,2021년 5월 14일 19시,금요일,대전광역시 동구 삼성동,경상사고,0,0,1,0,차대차 - 기타,교차로운행방법위반,건조,맑음,교차로 - 교차로안,이륜,남,40세,상해없음,이륜,남,60세,경상
2021051400100598,2021년 5월 14일 19시,금요일,대전광역시 서구 탄방동,경상사고,0,0,1,0,차대차 - 기타,신호위반,건조,맑음,교차로 - 교차로안,승용,남,21세,상해없음,이륜,남,24세,경상
2021051400100599,2021년 5월 14일 19시,금요일,대전광역시 서구 둔산동,경상사고,0,0,1,0,차대차 - 기타,안전운전불이행,건조,맑음,교차로 - 교차로부근,승용,여,61세,기타불명,승용,여,55세,경상
2021051400100640,2021년 5월 14일 20시,금요일,대전광역시 동구 용전동,경상사고,0,0,1,0,차대차 - 기타,신호위반,건조,맑음,교차로 - 교차로안,승합,남,59세,상해없음,이륜,남,30세,경상
2021051400100641,2021년 5월 14일 20시,금요일,대전광역시 유성구 장대동,경상사고,0,0,2,0,차대차 - 측면충돌,차로위반,건조,맑음,기타 - 기타,승용,남,65세,상해없음,승용,여,21세,경상
2021051400100642,2021년 5월 14일 20시,금요일,대전광역시 유성구 덕명동,중상사고,0,1,0,0,차대사람 - 기타,안전운전불이행,건조,맑음,기타 - 기타,자전거,남,44세,기타불명,보행자,여,30세,중상
2021051500100013,2021년 5월 15일 00시,토요일,대전광역시 유성구 봉명동,경상사고,0,0,2,0,차대차 - 추돌,안전운전불이행,젖음/습기,비,교차로 - 교차로부근,승용,남,61세,상해없음,승용,남,28세,경상
2021051500100043,2021년 5월 15일 04시,토요일,대전광역시 중구 오류동,경상사고,0,0,1,0,차대차 - 기타,안전운전불이행,젖음/습기,흐림,교차로 - 교차로안,승용,남,22세,상해없음,승용,남,64세,경상
2021051500100044,2021년 5월 15일 04시,토요일,대전광역시 대덕구 중리동,경상사고,0,0,1,0,차대차 - 측면충돌,안전운전불이행,건조,맑음,교차로 - 교차로안,승용,남,30세,상해없음,승용,남,39세,경상
2021051500100045,2021년 5월 15일 04시,토요일,대전광역시 서구 갈마동,경상사고,0,0,1,0,차대차 - 기타,직진우회전진행방해,젖음/습기,비,교차로 - 교차로안,이륜,남,42세,경상,승용,남,38세,상해없음
2021051500100079,2021년 5월 15일 07시,토요일,대전광역시 동구 성남동,경상사고,0,0,1,0,차대차 - 기타,교차로운행방법위반,건조,맑음,교차로 - 교차로안,자전거,남,65세,경상,승용,여,51세,상해없음
2021051500100096,2021년 5월 15일 08시,토요일,대전광역시 대덕구 목상동,경상사고,0,0,1,0,차대차 - 추돌,안전운전불이행,건조,맑음,교차로 - 교차로부근,화물,남,30세,기타불명,화물,남,46세,경상
2021051500100121,2021년 5월 15일 09시,토요일,대전광역시 중구 오류동,경상사고,0,0,1,0,차대사람 - 기타,안전운전불이행,젖음/습기,비,단일로 - 기타,승합,남,54세,상해없음,보행자,여,67세,경상
2021051500100221,2021년 5월 15일 12시,토요일,대전광역시 동구 대동,경상사고,0,0,2,0,차대차 - 측면충돌,신호위반,건조,맑음,교차로 - 교차로부근,승용,여,23세,경상,승용,여,35세,경상
2021051500100222,2021년 5월 15일 12시,토요일,대전광역시 유성구 장대동,경상사고,0,0,4,0,차대차 - 측면충돌,교차로운행방법위반,건조,맑음,교차로 - 교차로안,승용,여,27세,경상,승용,남,33세,경상
2021051500100223,2021년 5월 15일 12시,토요일,대전광역시 유성구 노은동,중상사고,0,1,0,0,차대차 - 측면충돌,차로위반,건조,맑음,기타 - 기타,승용,여,39세,상해없음,승용,여,60세,중상
2021051500100271,2021년 5월 15일 13시,토요일,대전광역시 동구 용전동,중상사고,0,1,0,0,차대차 - 추돌,안전운전불이행,건조,맑음,교차로 - 교차로부근,이륜,남,34세,중상,승용,여,48세,상해없음
2021051500100311,2021년 5월 15일 14시,토요일,대전광역시 동구 소제동,경상사고,0,0,2,0,차대차 - 측면충돌,신호위반,건조,맑음,교차로 - 교차로안,승용,남,60세,상해없음,승합,남,43세,경상
2021051500100346,2021년 5월 15일 15시,토요일,대전광역시 동구 대동,경상사고,0,0,2,0,차대차 - 기타,신호위반,건조,맑음,교차로 - 교차로안,승용,여,48세,상해없음,승용,남,39세,경상
2021051500100347,2021년 5월 15일 15시,토요일,대전광역시 유성구 봉명동,경상사고,0,0,1,0,차대차 - 측면충돌,안전거리미확보,건조,맑음,교차로 - 교차로부근,승용,남,25세,상해없음,승용,여,35세,경상
2021051500100422,2021년 5월 15일 17시,토요일,대전광역시 서구 둔산동,경상사고,0,0,1,0,차대사람 - 횡단중,보행자보호의무위반,건조,흐림,교차로 - 교차로안,기타불명,기타불명,미분류,기타불명,보행자,남,70세,경상
2021051500100423,2021년 5월 15일 17시,토요일,대전광역시 유성구 노은동,부상신고사고,0,0,0,1,차대차 - 추돌,안전운전불이행,건조,맑음,기타 - 기타,화물,남,64세,상해없음,승용,남,51세,부상신고
2021051500100424,2021년 5월 15일 17시,토요일,대전광역시 유성구 장대동,경상사고,0,0,1,0,차대차 - 기타,안전운전불이행,젖음/습기,흐림,교차로 - 교차로부근,승용,남,29세,상해없음,이륜,남,23세,경상
2021051500100452,2021년 5월 15일 18시,토요일,대전광역시 중구 문창동,경상사고,0,0,1,0,차대차 - 측면충돌,신호위반,건조,맑음,단일로 - 기타,승용,남,33세,상해없음,자전거,남,57세,경상
2021051500100453,2021년 5월 15일 18시,토요일,대전광역시 동구 용전동,경상사고,0,0,1,0,차대차 - 후진중충돌,안전운전불이행,건조,맑음,단일로 - 기타,화물,남,48세,상해없음,이륜,남,27세,경상
2021051500100600,2021년 5월 15일 22시,토요일,대전광역시 대덕구 오정동,경상사고,0,0,3,0,차대차 - 기타,안전운전불이행,건조,맑음,단일로 - 기타,승용,남,30세,상해없음,승용,남,42세,경상
2021051500100601,2021년 5월 15일 22시,토요일,대전광역시 유성구 봉명동,경상사고,0,0,1,0,차대차 - 기타,안전운전불이행,건조,맑음,단일로 - 기타,승용,여,34세,상해없음,승용,여,53세,경상
2021051600100023,2021년 5월 16일 00시,일요일,대전광역시 동구 용전동,경상사고,0,0,3,0,차대차 - 기타,안전운전불이행,건조,맑음,단일로 - 기타,승용,남,55세,경상,승용,남,30세,경상
2021051600100024,2021년 5월 16일 00시,일요일,대전광역시 유성구 봉명동,경상사고,0,0,2,0,차대차 - 기타,교차로운행방법위반,건조,흐림,교차로 - 교차로안,승용,남,35세,기타불명,승용,남,58세,경상
2021051600100039,2021년 5월 16일 01시,일요일,대전광역시 유성구 봉명동,경상사고,0,0,1,0,차대차 - 기타,기타,젖음/습기,비,교차로 - 교차로안,승용,남,26세,상해없음,승용,남,26세,경상
2021051600100051,2021년 5월 16일 02시,일요일,대전광역시 중구 대흥동,경상사고,0,0,1,0,차대사람 - 차도통행중,안전운전불이행,젖음/습기,흐림,단일로 - 기타,승용,남,25세,상해없음,보행자,남,19세,경상
2021051600100052,2021년 5월 16일 02시,일요일,대전광역시 서구 둔산동,경상사고,0,0,1,0,차대사람 - 기타,안전운전불이행,젖음/습기,비,단일로 - 기타,승용,남,20세,상해없음,보행자,남,23세,경상
2021051600100069,2021년 5월 16일 06시,일요일,대전광역시 동구 홍도동,경상사고,0,0,1,0,차대차 - 기타,교차로운행방법위반,젖음/습기,비,교차로 - 교차로안,승용,남,50세,상해없음,자전거,남,77세,경상
2021051600100082,2021년 5월 16일 08시,일요일,대전광역시 서구 변동,경상사고,0,0,1,0,차대차 - 기타,신호위반,젖음/습기,비,교차로 - 교차로안,승용,여,62세,상해없음,승용,남,23세,경상
2021051600100105,2021년 5월 16일 10시,일요일,대전광역시 서구 갈마동,경상사고,0,0,2,0,차대차 - 측면충돌,교차로운행방법위반,젖음/습기,비,교차로 - 교차로안,승용,남,44세,경상,승용,남,37세,경상
2021051600100126,2021년 5월 16일 11시,일요일,대전광역시 서구 갈마동,경상사고,0,0,1,0,차대차 - 기타,안전거리미확보,젖음/습기,비,단일로 - 기타,승용,남,46세,상해없음,승용,여,56세,경상
2021051600100220,2021년 5월 16일 14시,일요일,대전광역시 중구 문창동,경상사고,0,0,5,0,차대차 - 측면충돌,직진우회전진행방해,젖음/습기,비,교차로 - 교차로안,승용,남,32세,상해없음,승용,남,41세,경상
2021051600100221,2021년 5월 16일 14시,일요일,대전광역시 동구 용운동,경상사고,0,0,1,0,차대차 - 기타,안전거리미확보,젖음/습기,비,단일로 - 기타,승용,남,64세,상해없음,이륜,남,30세,경상
2021051600100222,2021년 5월 16일 14시,일요일,대전광역시 서구 도마동,경상사고,0,0,2,0,차대차 - 기타,불법유턴,젖음/습기,비,단일로 - 기타,승합,남,71세,상해없음,승용,남,65세,경상
2021051600100250,2021년 5월 16일 15시,일요일,대전광역시 중구 대흥동,경상사고,0,0,1,0,차대차 - 측면충돌,안전거리미확보,젖음/습기,비,단일로 - 기타,승용,남,63세,상해없음,승용,남,23세,경상
2021051600100251,2021년 5월 16일 15시,일요일,대전광역시 동구 용전동,경상사고,0,0,1,0,차대차 - 측면충돌,기타,젖음/습기,비,단일로 - 기타,승용,남,61세,상해없음,이륜,남,43세,경상
2021051600100272,2021년 5월 16일 16시,일요일,대전광역시 중구 문화동,경상사고,0,0,1,0,차량단독 - 기타,안전운전불이행,젖음/습기,비,단일로 - 기타,승합,남,49세,상해없음,,,,
2021051600100289,2021년 5월 16일 17시,일요일,대전광역시 유성구 봉명동,경상사고,0,0,1,0,차대차 - 기타,안전운전불이행,젖음/습기,비,기타 - 기타,승용,여,28세,상해없음,자전거,남,60세,경상
2021051600100290,2021년 5월 16일 17시,일요일,대전광역시 유성구 가정동,경상사고,0,0,2,0,차대차 - 추돌,안전운전불이행,젖음/습기,비,단일로 - 기타,승용,남,23세,상해없음,승용,남,64세,경상
2021051600100386,2021년 5월 16일 20시,일요일,대전광역시 서구 관저동,중상사고,0,1,0,0,차대차 - 기타,신호위반,젖음/습기,비,교차로 - 교차로안,승용,남,65세,상해없음,이륜,남,26세,중상
2021051600100420,2021년 5월 16일 21시,일요일,대전광역시 중구 선화동,경상사고,0,0,1,0,차대사람 - 횡단중,신호위반,젖음/습기,비,단일로 - 기타,이륜,남,27세,상해없음,보행자,남,16세,경상
2021051700100015,2021년 5월 17일 01시,월요일,대전광역시 대덕구 읍내동,경상사고,0,0,1,0,차량단독 - 기타,안전운전불이행,젖음/습기,비,단일로 - 기타,개인형이동수단(PM),남,41세,경상,,,,
2021051700100016,2021년 5월 17일 01시,월요일,대전광역시 유성구 봉명동,경상사고,0,0,1,0,차대차 - 측면충돌,중앙선침범,젖음/습기,흐림,단일로 - 기타,승용,남,54세,기타불명,승용,남,62세,경상
2021051700100022,2021년 5월 17일 03시,월요일,대전광역시 서구 갈마동,부상신고사고,0,0,0,1,차대차 - 정면충돌,중앙선침범,건조,맑음,단일로 - 기타,자전거,여,42세,부상신고,이륜,남,34세,상해없음
2021051700100027,2021년 5월 17일 04시,월요일,대전광역시 서구 용문동,경상사고,0,0,1,0,차대차 - 기타,신호위반,건조,흐림,교차로 - 교차로부근,승용,남,26세,상해없음,승용,남,36세,경상
2021051700100048,2021년 5월 17일 06시,월요일,대전광역시 중구 오류동,경상사고,0,0,1,0,차대차 - 기타,안전운전불이행,건조,맑음,교차로 - 교차로부근,승용,여,47세,상해없음,승용,여,57세,경상
2021051700100049,2021년 5월 17일 06시,월요일,대전광역시 서구 관저동,경상사고,0,0,1,0,차대차 - 기타,신호위반,젖음/습기,맑음,교차로 - 교차로안,승용,남,37세,기타불명,승용,남,26세,경상
2021051700100050,2021년 5월 17일 06시,월요일,대전광역시 유성구 원신흥동,경상사고,0,0,1,0,차대차 - 추돌,안전거리미확보,건조,맑음,단일로 - 기타,승용,남,51세,상해없음,승용,남,51세,경상
2021051700100101,2021년 5월 17일 08시,월요일,대전광역시 중구 정생동,중상사고,0,1,0,1,차대차 - 정면충돌,중앙선침범,건조,맑음,단일로 - 기타,화물,남,65세,부상신고,화물,남,31세,중상
2021051700100102,2021년 5월 17일 08시,월요일,대전광역시 서구 갈마동,경상사고,0,0,1,0,차대차 - 측면충돌,안전운전불이행,건조,맑음,교차로 - 교차로안,승용,남,66세,상해없음,승용,남,67세,경상
2021051700100124,2021년 5월 17일 09시,월요일,대전광역시 서구 변동,경상사고,0,0,1,0,차대차 - 측면충돌,안전운전불이행,건조,맑음,교차로 - 교차로안,승용,남,60세,상해없음,승용,남,23세,경상
2021051700100125,2021년 5월 17일 09시,월요일,대전광역시 대덕구 신대동,경상사고,0,0,1,1,차대차 - 추돌,안전운전불이행,건조,맑음,단일로 - 기타,승용,남,45세,상해없음,승용,남,31세,부상신고
2021051700100126,2021년 5월 17일 09시,월요일,대전광역시 서구 탄방동,경상사고,0,0,1,0,차대차 - 측면충돌,교차로운행방법위반,건조,맑음,교차로 - 교차로안,승용,남,39세,상해없음,승용,남,54세,경상
2021051700100206,2021년 5월 17일 12시,월요일,대전광역시 대덕구 읍내동,경상사고,0,0,1,0,차대차 - 추돌,안전운전불이행,건조,맑음,교차로 - 교차로부근,승용,남,40세,상해없음,승용,남,66세,경상
2021051700100238,2021년 5월 17일 13시,월요일,대전광역시 서구 흑석동,중상사고,0,1,0,0,차대차 - 정면충돌,안전운전불이행,젖음/습기,비,교차로 - 교차로안,화물,남,61세,상해없음,화물,남,52세,중상
2021051700100239,2021년 5월 17일 13시,월요일,대전광역시 대덕구 오정동,경상사고,0,0,1,0,차대차 - 측면충돌,안전거리미확보,젖음/습기,비,교차로 - 교차로부근,승용,남,62세,상해없음,승용,남,62세,경상
2021051700100299,2021년 5월 17일 15시,월요일,대전광역시 대덕구 오정동,경상사고,0,0,1,0,차대차 - 측면충돌,신호위반,젖음/습기,비,교차로 - 교차로부근,승용,남,59세,기타불명,승합,남,47세,경상
2021051700100372,2021년 5월 17일 17시,월요일,대전광역시 대덕구 와동,경상사고,0,0,3,0,차대차 - 기타,안전거리미확보,젖음/습기,비,기타 - 기타,승용,남,65세,상해없음,승용,여,23세,경상
2021051700100443,2021년 5월 17일 19시,월요일,대전광역시 중구 오류동,경상사고,0,0,1,0,차대차 - 측면충돌,안전거리미확보,젖음/습기,비,단일로 - 기타,원동기,남,23세,상해없음,승용,남,32세,경상
2021051700100444,2021년 5월 17일 19시,월요일,대전광역시 서구 둔산동,경상사고,0,0,1,0,차대차 - 측면충돌,신호위반,건조,맑음,교차로 - 교차로안,승용,남,49세,상해없음,승용,남,46세,경상
2021051700100471,2021년 5월 17일 20시,월요일,대전광역시 유성구 봉명동,경상사고,0,0,2,0,차대차 - 기타,중앙선침범,젖음/습기,비,교차로 - 교차로안,승용,남,47세,상해없음,승용,남,52세,경상
2021051700100530,2021년 5월 17일 22시,월요일,대전광역시 동구 판암동,경상사고,0,0,1,0,차대사람 - 횡단중,보행자보호의무위반,건조,맑음,교차로 - 교차로안,승용,여,39세,상해없음,보행자,남,57세,경상
2021051800100017,2021년 5월 18일 01시,화요일,대전광역시 서구 괴정동,경상사고,0,0,1,0,차대차 - 후진중충돌,안전운전불이행,건조,맑음,단일로 - 교량,승용,남,24세,상해없음,승용,남,40세,경상
2021051800100018,2021년 5월 18일 01시,화요일,대전광역시 서구 둔산동,경상사고,0,0,1,0,차대차 - 추돌,안전운전불이행,건조,맑음,교차로 - 교차로부근,승용,남,62세,상해없음,승용,여,63세,경상
2021051800100094,2021년 5월 18일 08시,화요일,대전광역시 중구 선화동,경상사고,0,0,1,0,차대차 - 추돌,안전운전불이행,건조,흐림,단일로 - 기타,승용,남,70세,상해없음,승합,남,46세,경상
2021051800100095,2021년 5월 18일 08시,화요일,대전광역시 유성구 방동,경상사고,0,0,2,0,차대차 - 측면충돌,안전운전불이행,건조,맑음,단일로 - 기타,승용,남,49세,상해없음,승용,남,73세,경상
2021051800100123,2021년 5월 18일 09시,화요일,대전광역시 중구 유천동,중상사고,0,4,0,0,차대차 - 추돌,기타,건조,맑음,교차로 - 교차로안,승용,여,65세,중상,승용,여,36세,중상
2021051800100234,2021년 5월 18일 13시,화요일,대전광역시 유성구 반석동,경상사고,0,0,2,0,차대차 - 기타,안전거리미확보,건조,맑음,교차로 - 교차로부근,승용,여,63세,상해없음,승용,남,64세,경상
2021051800100279,2021년 5월 18일 14시,화요일,대전광역시 대덕구 오정동,경상사고,0,0,3,0,차대차 - 측면충돌,안전운전불이행,건조,맑음,단일로 - 교량,승용,남,73세,상해없음,승용,남,65세,경상
2021051800100414,2021년 5월 18일 17시,화요일,대전광역시 유성구 교촌동,경상사고,0,0,2,0,차대차 - 추돌,안전거리미확보,건조,맑음,교차로 - 교차로부근,승용,여,61세,상해없음,승용,남,69세,경상
2021051800100460,2021년 5월 18일 18시,화요일,대전광역시 서구 탄방동,중상사고,0,1,0,0,차대차 - 기타,안전운전불이행,건조,맑음,교차로 - 교차로부근,승용,여,53세,상해없음,승용,여,58세,중상
2021051800100461,2021년 5월 18일 18시,화요일,대전광역시 서구 월평동,경상사고,0,0,2,0,차대차 - 기타,안전운전불이행,건조,맑음,교차로 - 교차로안,승용,남,20세,상해없음,승용,여,65세,경상
2021051800100503,2021년 5월 18일 19시,화요일,대전광역시 유성구 궁동,경상사고,0,0,1,0,차대사람 - 차도통행중,안전운전불이행,건조,맑음,단일로 - 기타,승용,남,25세,상해없음,보행자,남,22세,경상
2021051800100592,2021년 5월 18일 22시,화요일,대전광역시 서구 둔산동,중상사고,0,1,0,0,차량단독 - 기타,안전운전불이행,건조,맑음,기타 - 기타,승합,남,50세,상해없음,,,,
2021051900100013,2021년 5월 19일 00시,수요일,대전광역시 서구 월평동,경상사고,0,0,1,0,차대차 - 기타,안전운전불이행,건조,맑음,교차로 - 교차로부근,승용,남,30세,기타불명,승용,남,60세,상해없음
2021051900100030,2021년 5월 19일 02시,수요일,대전광역시 대덕구 중리동,경상사고,0,0,1,0,차대사람 - 기타,안전운전불이행,건조,맑음,교차로 - 교차로부근,승용,남,53세,상해없음,보행자,여,20세,경상
2021051900100093,2021년 5월 19일 08시,수요일,대전광역시 유성구 지족동,부상신고사고,0,0,0,2,차대차 - 추돌,안전운전불이행,건조,맑음,교차로 - 교차로부근,승용,남,31세,상해없음,승용,여,71세,부상신고
2021051900100110,2021년 5월 19일 09시,수요일,대전광역시 대덕구 중리동,경상사고,0,0,1,0,차대사람 - 차도통행중,안전운전불이행,건조,맑음,단일로 - 기타,승용,여,42세,상해없음,보행자,남,7세,경상
2021051900100181,2021년 5월 19일 11시,수요일,대전광역시 중구 대흥동,경상사고,0,0,2,0,차대차 - 정면충돌,신호위반,건조,맑음,교차로 - 교차로안,이륜,남,39세,상해없음,승용,남,28세,경상
2021051900100182,2021년 5월 19일 11시,수요일,대전광역시 동구 용운동,경상사고,0,0,1,0,차대사람 - 차도통행중,안전운전불이행,건조,맑음,단일로 - 기타,승용,남,73세,상해없음,보행자,여,80세,경상
2021051900100183,2021년 5월 19일 11시,수요일,대전광역시 대덕구 송촌동,경상사고,0,0,9,0,차대차 - 측면충돌,직진우회전진행방해,건조,맑음,교차로 - 교차로안,승용,남,59세,상해없음,승용,여,38세,경상
2021051900100222,2021년 5월 19일 12시,수요일,대전광역시 서구 둔산동,경상사고,0,0,4,0,차대차 - 추돌,안전운전불이행,건조,맑음,단일로 - 기타,승용,여,64세,상해없음,승용,남,47세,상해없음
2021051900100258,2021년 5월 19일 13시,수요일,대전광역시 서구 매노동,경상사고,0,0,2,0,차대차 - 기타,안전운전불이행,건조,맑음,단일로 - 기타,화물,남,71세,상해없음,승용,남,28세,경상
2021051900100295,2021년 5월 19일 14시,수요일,대전광역시 대덕구 송촌동,경상사고,0,0,1,0,차대차 - 측면충돌,신호위반,건조,맑음,교차로 - 교차로안,승용,여,41세,상해없음,승용,남,72세,경상
2021051900100296,2021년 5월 19일 14시,수요일,대전광역시 서구 월평동,중상사고,0,1,1,0,차대사람 - 기타,안전운전불이행,건조,맑음,주차장 - 주차장,화물,남,63세,상해없음,보행자,여,29세,중상
2021051900100358,2021년 5월 19일 16시,수요일,대전광역시 동구 판암동,경상사고,0,0,1,0,차대차 - 측면충돌,불법유턴,건조,맑음,교차로 - 교차로횡단보도내,자전거,여,83세,경상,화물,남,53세,상해없음