사고번호,사고일시,요일,시군구,사고내용,사망자수,중상자수,경상자수,부상신고자수,사고유형,법규위반,노면상태,기상상태,도로형태,가해운전자 차종,가해운전자 성별,가해운전자 연령,가해운전자 상해정도,피해운전자 차종,피해운전자 성별,피해운전자 연령,피해운전자 상해정도
2021051900100359,2021년 5월 19일 16시,수요일,대전광역시 서구 도안동,경상사고,0,0,1,0,차대차 - 측면충돌,안전운전불이행,건조,맑음,단일로 - 기타,승용,남,56세,상해없음,승용,남,35세,경상
2021051900100406,2021년 5월 19일 17시,수요일,대전광역시 동구 비룡동,경상사고,0,0,2,0,차대차 - 추돌,교차로운행방법위반,건조,맑음,교차로 - 교차로안,승용,남,48세,상해없음,승합,남,46세,경상
2021051900100407,2021년 5월 19일 17시,수요일,대전광역시 유성구 장대동,경상사고,0,0,2,0,차대차 - 추돌,안전거리미확보,건조,맑음,단일로 - 기타,건설기계,남,55세,상해없음,승용,여,32세,경상
2021051900100408,2021년 5월 19일 17시,수요일,대전광역시 유성구 봉명동,경상사고,0,0,1,0,차대차 - 측면충돌,안전운전불이행,건조,맑음,교차로 - 교차로부근,승용,남,72세,상해없음,자전거,남,65세,경상
2021051900100409,2021년 5월 19일 17시,수요일,대전광역시 유성구 반석동,경상사고,0,0,2,0,차대차 - 기타,안전운전불이행,건조,맑음,단일로 - 기타,승용,여,42세,상해없음,승용,여,55세,경상
2021051900100525,2021년 5월 19일 22시,수요일,대전광역시 유성구 궁동,경상사고,0,0,1,0,차대차 - 정면충돌,신호위반,건조,맑음,교차로 - 교차로안,이륜,남,49세,상해없음,승용,남,31세,경상
2021051900100538,2021년 5월 19일 23시,수요일,대전광역시 서구 둔산동,경상사고,0,0,1,0,차대차 - 측면충돌,안전운전불이행,건조,맑음,단일로 - 기타,승용,남,20세,상해없음,승용,남,74세,경상
2021052000100006,2021년 5월 20일 00시,목요일,대전광역시 서구 둔산동,경상사고,0,0,1,0,차대차 - 기타,안전운전불이행,건조,맑음,교차로 - 교차로부근,승용,남,46세,상해없음,승용,남,61세,경상
2021052000100110,2021년 5월 20일 09시,목요일,대전광역시 서구 가수원동,경상사고,0,0,5,0,차대차 - 기타,안전운전불이행,젖음/습기,비,교차로 - 교차로부근,승용,여,61세,상해없음,화물,남,53세,경상
2021052000100111,2021년 5월 20일 09시,목요일,대전광역시 대덕구 신탄진동,경상사고,0,0,1,0,차대차 - 추돌,안전거리미확보,젖음/습기,비,단일로 - 기타,화물,남,59세,상해없음,승용,여,60세,경상
2021052000100194,2021년 5월 20일 12시,목요일,대전광역시 중구 석교동,경상사고,0,0,1,0,차대차 - 추돌,안전거리미확보,젖음/습기,비,단일로 - 기타,승용,남,20세,상해없음,승용,남,40세,경상
2021052000100195,2021년 5월 20일 12시,목요일,대전광역시 서구 도마동,경상사고,0,0,1,0,차대사람 - 기타,기타,건조,맑음,단일로 - 기타,화물,남,56세,기타불명,보행자,남,58세,경상
2021052000100196,2021년 5월 20일 12시,목요일,대전광역시 유성구 원신흥동,경상사고,0,0,2,0,차대차 - 기타,안전운전불이행,젖음/습기,비,교차로 - 교차로부근,승용,남,55세,상해없음,승용,여,51세,경상
2021052000100315,2021년 5월 20일 16시,목요일,대전광역시 유성구 방동,경상사고,0,0,2,0,차대차 - 추돌,안전운전불이행,젖음/습기,비,단일로 - 기타,승용,남,59세,상해없음,승합,여,61세,상해없음
2021052000100316,2021년 5월 20일 16시,목요일,대전광역시 유성구 신성동,경상사고,0,0,2,0,차대차 - 측면충돌,교차로운행방법위반,젖음/습기,비,교차로 - 교차로안,승용,남,23세,상해없음,승용,여,45세,경상
2021052000100395,2021년 5월 20일 18시,목요일,대전광역시 서구 가장동,경상사고,0,0,1,0,차대차 - 기타,안전운전불이행,젖음/습기,비,단일로 - 기타,승합,남,45세,상해없음,이륜,남,34세,경상
2021052000100396,2021년 5월 20일 18시,목요일,대전광역시 서구 둔산동,경상사고,0,0,2,0,차대차 - 추돌,안전운전불이행,젖음/습기,비,단일로 - 기타,승용,여,67세,상해없음,승용,남,67세,경상
2021052000100397,2021년 5월 20일 18시,목요일,대전광역시 서구 관저동,경상사고,0,0,1,0,차대차 - 기타,안전운전불이행,젖음/습기,비,단일로 - 기타,승용,남,19세,상해없음,승용,여,31세,경상
2021052000100437,2021년 5월 20일 19시,목요일,대전광역시 대덕구 송촌동,중상사고,0,1,1,0,차대차 - 추돌,안전운전불이행,젖음/습기,비,단일로 - 기타,승용,남,28세,상해없음,승용,남,47세,중상
2021052000100479,2021년 5월 20일 20시,목요일,대전광역시 중구 오류동,경상사고,0,0,1,0,차대차 - 측면충돌,중앙선침범,젖음/습기,비,교차로 - 교차로부근,승용,남,60세,상해없음,승용,남,52세,경상
2021052000100480,2021년 5월 20일 20시,목요일,대전광역시 동구 자양동,경상사고,0,0,1,0,차대차 - 기타,안전운전불이행,젖음/습기,비,교차로 - 교차로안,이륜,남,35세,경상,승용,남,62세,상해없음
2021052000100481,2021년 5월 20일 20시,목요일,대전광역시 서구 둔산동,경상사고,0,0,2,0,차대차 - 기타,안전운전불이행,젖음/습기,비,단일로 - 기타,승용,남,22세,상해없음,승용,남,31세,경상
2021052000100482,2021년 5월 20일 20시,목요일,대전광역시 유성구 구성동,경상사고,0,0,1,0,차대차 - 측면충돌,안전운전불이행,건조,맑음,교차로 - 교차로안,승용,남,38세,상해없음,승용,남,25세,경상
2021052000100515,2021년 5월 20일 21시,목요일,대전광역시 서구 탄방동,경상사고,0,0,1,0,차대차 - 측면충돌,안전거리미확보,젖음/습기,비,단일로 - 기타,승용,남,53세,상해없음,승용,남,29세,경상
2021052000100571,2021년 5월 20일 23시,목요일,대전광역시 동구 성남동,경상사고,0,0,2,0,차대차 - 측면충돌,안전거리미확보,젖음/습기,비,교차로 - 교차로부근,이륜,남,22세,경상,승용,여,61세,경상
2021052000100572,2021년 5월 20일 23시,목요일,대전광역시 유성구 봉명동,경상사고,0,0,3,0,차대차 - 기타,안전운전불이행,젖음/습기,비,단일로 - 기타,승용,남,45세,경상,승용,남,45세,경상
2021052100100019,2021년 5월 21일 02시,금요일,대전광역시 서구 월평동,경상사고,0,0,1,0,차대차 - 측면충돌,안전운전불이행,건조,맑음,단일로 - 기타,승용,남,25세,상해없음,이륜,남,18세,경상
2021052100100125,2021년 5월 21일 09시,금요일,대전광역시 서구 갈마동,경상사고,0,0,1,0,차대차 - 기타,안전운전불이행,건조,맑음,교차로 - 교차로안,승용,여,27세,상해없음,승용,남,36세,경상
2021052100100126,2021년 5월 21일 09시,금요일,대전광역시 유성구 갑동,경상사고,0,0,1,0,차대차 - 기타,안전운전불이행,건조,맑음,단일로 - 기타,화물,남,49세,상해없음,승용,여,60세,경상
2021052100100150,2021년 5월 21일 10시,금요일,대전광역시 동구 중동,중상사고,0,1,0,0,차대사람 - 횡단중,안전운전불이행,건조,맑음,단일로 - 기타,승용,여,66세,상해없음,보행자,여,63세,중상
2021052100100240,2021년 5월 21일 13시,금요일,대전광역시 동구 삼성동,중상사고,0,1,0,0,차대차 - 기타,안전운전불이행,건조,맑음,교차로 - 교차로안,자전거,남,61세,중상,화물,남,68세,상해없음
2021052100100279,2021년 5월 21일 14시,금요일,대전광역시 동구 판암동,경상사고,0,0,1,0,차대차 - 추돌,안전운전불이행,건조,맑음,단일로 - 기타,승용,여,59세,상해없음,승용,남,68세,경상
2021052100100280,2021년 5월 21일 14시,금요일,대전광역시 유성구 봉명동,경상사고,0,0,1,0,차대차 - 기타,신호위반,건조,맑음,교차로 - 교차로안,자전거,남,32세,경상,승용,남,55세,상해없음
2021052100100330,2021년 5월 21일 15시,금요일,대전광역시 서구 변동,경상사고,0,0,1,0,차대차 - 기타,안전운전불이행,건조,맑음,단일로 - 기타,화물,남,60세,기타불명,승용,남,74세,상해없음
2021052100100361,2021년 5월 21일 16시,금요일,대전광역시 중구 대흥동,경상사고,0,0,2,0,차대차 - 측면충돌,안전거리미확보,건조,맑음,교차로 - 교차로안,승용,남,66세,상해없음,승용,남,22세,경상
2021052100100362,2021년 5월 21일 16시,금요일,대전광역시 동구 가양동,중상사고,0,1,0,0,차대차 - 측면충돌,신호위반,건조,맑음,교차로 - 교차로안,화물,남,35세,상해없음,이륜,남,55세,중상
2021052100100412,2021년 5월 21일 17시,금요일,대전광역시 동구 판암동,경상사고,0,0,1,0,차대차 - 기타,안전운전불이행,건조,맑음,교차로 - 교차로부근,승용,여,42세,상해없음,승합,남,59세,상해없음
2021052100100413,2021년 5월 21일 17시,금요일,대전광역시 대덕구 오정동,경상사고,0,0,1,0,차대차 - 기타,안전운전불이행,건조,맑음,단일로 - 기타,승용,남,32세,상해없음,승용,남,55세,경상
2021052100100414,2021년 5월 21일 17시,금요일,대전광역시 유성구 반석동,중상사고,0,1,2,0,차대차 - 추돌,안전운전불이행,건조,맑음,교차로 - 교차로부근,화물,남,53세,상해없음,승용,여,49세,경상
2021052100100456,2021년 5월 21일 18시,금요일,대전광역시 동구 가오동,경상사고,0,0,1,0,차대차 - 추돌,안전거리미확보,건조,맑음,단일로 - 기타,승용,남,63세,상해없음,승용,남,21세,경상
2021052100100457,2021년 5월 21일 18시,금요일,대전광역시 동구 대동,경상사고,0,0,5,0,차대차 - 측면충돌,신호위반,건조,맑음,단일로 - 기타,승용,남,20세,경상,승합,남,24세,경상
2021052100100458,2021년 5월 21일 18시,금요일,대전광역시 대덕구 석봉동,경상사고,0,0,1,0,차대차 - 기타,안전운전불이행,건조,맑음,단일로 - 기타,승용,여,41세,상해없음,원동기,남,34세,경상
2021052100100460,2021년 5월 21일 18시,금요일,대전광역시 유성구 화암동,경상사고,0,0,1,0,차대차 - 측면충돌,안전운전불이행,건조,흐림,교차로 - 교차로안,승용,여,48세,상해없음,승용,남,25세,경상
2021052100100526,2021년 5월 21일 20시,금요일,대전광역시 유성구 봉명동,경상사고,0,0,1,0,차대차 - 측면충돌,안전운전불이행,건조,맑음,교차로 - 교차로부근,승용,여,68세,상해없음,승용,남,48세,경상
2021052100100581,2021년 5월 21일 22시,금요일,대전광역시 동구 가양동,경상사고,0,0,2,0,차대차 - 측면충돌,안전운전불이행,젖음/습기,맑음,교차로 - 교차로횡단보도내,승용,남,45세,경상,승용,여,36세,경상
2021052100100582,2021년 5월 21일 22시,금요일,대전광역시 유성구 대정동,경상사고,0,0,2,0,차대차 - 추돌,안전운전불이행,건조,맑음,교차로 - 교차로부근,화물,남,57세,기타불명,승용,남,28세,경상
2021052200100009,2021년 5월 22일 00시,토요일,대전광역시 대덕구 오정동,경상사고,0,0,1,0,차대차 - 추돌,안전운전불이행,건조,맑음,교차로 - 교차로부근,승용,남,37세,상해없음,승용,남,49세,경상
2021052200100022,2021년 5월 22일 01시,토요일,대전광역시 유성구 봉명동,경상사고,0,0,4,0,차대차 - 기타,신호위반,젖음/습기,흐림,교차로 - 교차로안,승용,여,49세,경상,승용,남,50세,경상
2021052200100070,2021년 5월 22일 07시,토요일,대전광역시 대덕구 대화동,경상사고,0,0,1,0,차대차 - 기타,신호위반,건조,맑음,교차로 - 교차로안,화물,남,73세,상해없음,화물,남,45세,경상
2021052200100109,2021년 5월 22일 09시,토요일,대전광역시 서구 변동,경상사고,0,0,1,0,차대차 - 추돌,안전운전불이행,건조,맑음,교차로 - 교차로부근,승용,여,67세,상해없음,승용,남,38세,경상
2021052200100141,2021년 5월 22일 10시,토요일,대전광역시 동구 성남동,경상사고,0,0,1,0,차대차 - 정면충돌,중앙선침범,건조,맑음,단일로 - 기타,이륜,남,48세,상해없음,승용,남,62세,경상
2021052200100142,2021년 5월 22일 10시,토요일,대전광역시 동구 가양동,경상사고,0,0,1,0,차대차 - 측면충돌,신호위반,건조,맑음,교차로 - 교차로안,이륜,남,68세,상해없음,이륜,남,26세,경상
2021052200100143,2021년 5월 22일 10시,토요일,대전광역시 동구 중동,경상사고,0,0,3,0,차대차 - 추돌,차로위반,건조,맑음,단일로 - 기타,승용,남,68세,기타불명,승용,남,22세,경상
2021052200100175,2021년 5월 22일 11시,토요일,대전광역시 서구 탄방동,중상사고,0,2,1,0,차대차 - 측면충돌,안전운전불이행,건조,맑음,단일로 - 기타,승용,여,73세,상해없음,승용,남,50세,경상
2021052200100214,2021년 5월 22일 12시,토요일,대전광역시 동구 가양동,경상사고,0,0,2,0,차대차 - 정면충돌,안전운전불이행,건조,맑음,단일로 - 기타,승용,여,65세,상해없음,특수,남,44세,경상
2021052200100215,2021년 5월 22일 12시,토요일,대전광역시 서구 도안동,중상사고,0,1,5,0,차대차 - 기타,안전운전불이행,건조,맑음,단일로 - 기타,승용,남,33세,상해없음,승용,여,50세,경상
2021052200100216,2021년 5월 22일 12시,토요일,대전광역시 대덕구 미호동,중상사고,0,1,0,0,차대사람 - 횡단중,안전운전불이행,건조,맑음,교차로 - 교차로안,승용,여,61세,상해없음,보행자,남,51세,중상
2021052200100257,2021년 5월 22일 13시,토요일,대전광역시 동구 가양동,중상사고,0,1,1,0,차대차 - 측면충돌,신호위반,건조,맑음,교차로 - 교차로안,승용,남,65세,상해없음,승용,남,53세,경상
2021052200100258,2021년 5월 22일 13시,토요일,대전광역시 동구 대성동,경상사고,0,0,2,0,차대차 - 기타,안전운전불이행,건조,맑음,교차로 - 교차로안,승용,여,46세,경상,이륜,남,33세,경상
2021052200100312,2021년 5월 22일 14시,토요일,대전광역시 서구 정림동,경상사고,0,0,1,0,차대차 - 측면충돌,안전운전불이행,건조,맑음,단일로 - 기타,승용,남,35세,상해없음,승용,남,42세,상해없음
2021052200100313,2021년 5월 22일 14시,토요일,대전광역시 유성구 봉명동,중상사고,0,1,0,0,차대차 - 기타,안전운전불이행,건조,맑음,교차로 - 교차로안,승용,남,39세,기타불명,자전거,남,66세,중상
2021052200100358,2021년 5월 22일 15시,토요일,대전광역시 동구 원동,경상사고,0,0,1,0,차대사람 - 차도통행중,보행자보호의무위반,건조,맑음,교차로 - 교차로안,승용,남,54세,상해없음,보행자,남,44세,경상
2021052200100359,2021년 5월 22일 15시,토요일,대전광역시 유성구 도룡동,중상사고,0,1,0,0,차대사람 - 기타,안전운전불이행,건조,맑음,단일로 - 기타,승용,여,37세,상해없음,보행자,여,78세,중상
2021052200100399,2021년 5월 22일 16시,토요일,대전광역시 동구 자양동,경상사고,0,0,1,0,차대사람 - 기타,안전운전불이행,건조,맑음,기타 - 기타,승용,남,54세,상해없음,보행자,여,53세,경상
2021052200100400,2021년 5월 22일 16시,토요일,대전광역시 서구 괴정동,중상사고,0,1,0,0,차대차 - 기타,안전운전불이행,건조,맑음,교차로 - 교차로부근,승용,여,32세,상해없음,이륜,남,28세,중상
2021052200100401,2021년 5월 22일 16시,토요일,대전광역시 서구 가장동,경상사고,0,0,1,0,차대사람 - 기타,안전운전불이행,건조,맑음,단일로 - 기타,기타불명,기타불명,미분류,기타불명,보행자,남,2세,경상
2021052200100444,2021년 5월 22일 17시,토요일,대전광역시 서구 도마동,경상사고,0,0,1,0,차대사람 - 횡단중,안전운전불이행,건조,맑음,단일로 - 기타,승용,남,64세,상해없음,보행자,남,73세,경상
2021052200100445,2021년 5월 22일 17시,토요일,대전광역시 대덕구 문평동,중상사고,0,1,0,0,차대차 - 측면충돌,교차로운행방법위반,건조,맑음,교차로 - 교차로안,승용,남,44세,상해없음,자전거,남,28세,중상
2021052200100488,2021년 5월 22일 18시,토요일,대전광역시 중구 유천동,경상사고,0,0,1,0,차대차 - 기타,안전운전불이행,건조,맑음,단일로 - 기타,승용,남,70세,상해없음,승용,남,40세,경상
2021052200100489,2021년 5월 22일 18시,토요일,대전광역시 유성구 구암동,경상사고,0,0,1,0,차대차 - 추돌,안전운전불이행,건조,맑음,교차로 - 교차로부근,승용,여,57세,상해없음,승용,남,52세,경상
2021052200100546,2021년 5월 22일 20시,토요일,대전광역시 중구 대흥동,경상사고,0,0,1,0,차대차 - 추돌,안전운전불이행,건조,흐림,단일로 - 기타,원동기,남,25세,상해없음,승용,남,24세,경상
2021052200100547,2021년 5월 22일 20시,토요일,대전광역시 동구 가오동,경상사고,0,0,1,0,차대차 - 측면충돌,기타,건조,맑음,단일로 - 기타,이륜,남,20세,경상,승용,남,25세,상해없음
2021052200100590,2021년 5월 22일 22시,토요일,대전광역시 중구 은행동,중상사고,0,1,2,0,차대차 - 측면충돌,안전운전불이행,건조,맑음,단일로 - 기타,승용,남,50세,상해없음,승용,남,18세,경상
2021052200100591,2021년 5월 22일 22시,토요일,대전광역시 서구 둔산동,경상사고,0,0,1,0,차대사람 - 기타,안전운전불이행,건조,맑음,교차로 - 교차로안,승용,남,20세,상해없음,보행자,여,25세,경상
2021052200100613,2021년 5월 22일 23시,토요일,대전광역시 서구 갈마동,경상사고,0,0,1,0,차대차 - 기타,안전운전불이행,건조,맑음,단일로 - 기타,승용,남,66세,상해없음,이륜,남,26세,경상
2021052300100025,2021년 5월 23일 04시,일요일,대전광역시 유성구 노은동,중상사고,0,1,0,0,차대차 - 측면충돌,신호위반,건조,맑음,교차로 - 교차로안,승용,여,58세,상해없음,승용,남,44세,중상
2021052300100085,2021년 5월 23일 10시,일요일,대전광역시 중구 선화동,중상사고,0,1,0,0,차대차 - 기타,안전거리미확보,건조,맑음,단일로 - 기타,승용,남,55세,상해없음,승용,여,69세,중상
2021052300100110,2021년 5월 23일 11시,일요일,대전광역시 중구 유천동,중상사고,0,1,0,0,차대차 - 기타,신호위반,건조,맑음,교차로 - 교차로부근,승용,남,72세,상해없음,이륜,남,19세,중상
2021052300100208,2021년 5월 23일 14시,일요일,대전광역시 동구 자양동,경상사고,0,0,3,0,차대차 - 기타,안전운전불이행,건조,맑음,교차로 - 교차로부근,승용,남,24세,상해없음,승용,남,28세,경상
2021052300100209,2021년 5월 23일 14시,일요일,대전광역시 유성구 노은동,경상사고,0,0,4,0,차대차 - 추돌,안전거리미확보,건조,맑음,교차로 - 교차로부근,원동기,남,37세,상해없음,승용,남,41세,경상
2021052300100234,2021년 5월 23일 15시,일요일,대전광역시 중구 유천동,경상사고,0,0,2,0,차대차 - 기타,안전운전불이행,건조,맑음,단일로 - 기타,승용,남,32세,상해없음,승용,남,30세,경상
2021052300100235,2021년 5월 23일 15시,일요일,대전광역시 중구 은행동,중상사고,0,1,0,0,차대사람 - 기타,안전운전불이행,건조,맑음,단일로 - 기타,승용,남,50세,기타불명,보행자,남,42세,중상
2021052300100258,2021년 5월 23일 16시,일요일,대전광역시 동구 소제동,경상사고,0,0,1,0,차대차 - 기타,안전운전불이행,건조,맑음,주차장 - 주차장,승용,남,71세,상해없음,승용,남,67세,경상
2021052300100345,2021년 5월 23일 19시,일요일,대전광역시 대덕구 목상동,경상사고,0,0,1,0,차대차 - 추돌,안전운전불이행,건조,맑음,교차로 - 교차로부근,승용,남,36세,상해없음,승용,여,49세,경상
2021052300100394,2021년 5월 23일 21시,일요일,대전광역시 동구 소제동,경상사고,0,0,3,0,차대차 - 기타,신호위반,건조,맑음,교차로 - 교차로안,이륜,남,46세,경상,승용,남,70세,경상
2021052300100418,2021년 5월 23일 22시,일요일,대전광역시 중구 대흥동,경상사고,0,0,2,0,차대차 - 기타,중앙선침범,건조,맑음,교차로 - 교차로안,승용,남,64세,기타불명,원동기,남,22세,경상
2021052300100419,2021년 5월 23일 22시,일요일,대전광역시 서구 탄방동,경상사고,0,0,1,0,차대차 - 측면충돌,신호위반,건조,맑음,교차로 - 교차로안,승용,남,31세,상해없음,승용,남,44세,경상
2021052400100036,2021년 5월 24일 06시,월요일,대전광역시 서구 탄방동,경상사고,0,0,1,0,차대차 - 측면충돌,안전운전불이행,건조,맑음,교차로 - 교차로안,승용,남,67세,상해없음,자전거,남,51세,경상
2021052400100054,2021년 5월 24일 07시,월요일,대전광역시 대덕구 오정동,경상사고,0,0,1,0,차대차 - 기타,안전운전불이행,건조,맑음,교차로 - 교차로안,승용,남,25세,상해없음,승용,여,45세,경상
2021052400100091,2021년 5월 24일 08시,월요일,대전광역시 서구 도안동,경상사고,0,0,1,0,차대사람 - 기타,안전운전불이행,건조,맑음,교차로 - 교차로부근,건설기계,남,46세,기타불명,보행자,남,45세,경상
2021052400100092,2021년 5월 24일 08시,월요일,대전광역시 서구 둔산동,중상사고,0,1,4,0,차대차 - 추돌,안전운전불이행,건조,맑음,교차로 - 교차로부근,승합,남,59세,상해없음,승용,여,49세,중상
2021052400100093,2021년 5월 24일 08시,월요일,대전광역시 서구 둔산동,경상사고,0,0,1,1,차대차 - 기타,직진우회전진행방해,건조,맑음,교차로 - 교차로안,승용,남,62세,부상신고,승용,여,49세,경상
2021052400100124,2021년 5월 24일 09시,월요일,대전광역시 중구 문화동,경상사고,0,0,3,0,차대차 - 기타,불법유턴,건조,맑음,단일로 - 기타,승합,남,56세,상해없음,승합,남,49세,경상
2021052400100152,2021년 5월 24일 10시,월요일,대전광역시 유성구 장대동,경상사고,0,0,2,0,차대차 - 기타,신호위반,건조,맑음,교차로 - 교차로부근,승용,여,50세,상해없음,승용,남,50세,경상
2021052400100180,2021년 5월 24일 11시,월요일,대전광역시 대덕구 법동,경상사고,0,0,1,0,차대차 - 후진중충돌,안전운전불이행,건조,맑음,단일로 - 기타,승합,남,55세,상해없음,자전거,남,75세,경상
2021052400100181,2021년 5월 24일 11시,월요일,대전광역시 서구 둔산동,중상사고,0,1,0,0,차대차 - 기타,안전운전불이행,건조,맑음,교차로 - 교차로횡단보도내,승용,여,38세,상해없음,자전거,여,22세,중상
2021052400100182,2021년 5월 24일 11시,월요일,대전광역시 서구 둔산동,경상사고,0,0,1,0,차대차 - 후진중충돌,안전운전불이행,건조,맑음,기타 - 기타,승용,남,70세,상해없음,승용,여,31세,경상
2021052400100183,2021년 5월 24일 11시,월요일,대전광역시 유성구 구암동,경상사고,0,0,1,0,차대차 - 측면충돌,안전운전불이행,건조,맑음,교차로 - 교차로안,이륜,남,53세,기타불명,승합,남,60세,경상
2021052400100212,2021년 5월 24일 12시,월요일,대전광역시 중구 유천동,경상사고,0,0,1,0,차대차 - 기타,교차로운행방법위반,건조,맑음,교차로 - 교차로안,화물,남,46세,상해없음,승용,여,67세,경상
2021052400100213,2021년 5월 24일 12시,월요일,대전광역시 동구 용전동,경상사고,0,0,2,0,차대차 - 기타,안전운전불이행,건조,맑음,단일로 - 기타,화물,남,37세,상해없음,승용,남,29세,경상
2021052400100286,2021년 5월 24일 14시,월요일,대전광역시 서구 관저동,중상사고,0,1,0,0,차대차 - 기타,불법유턴,건조,맑음,단일로 - 기타,화물,남,72세,상해없음,이륜,남,27세,중상
2021052400100331,2021년 5월 24일 15시,월요일,대전광역시 대덕구 송촌동,중상사고,0,1,0,0,차대차 - 기타,안전운전불이행,건조,맑음,교차로 - 교차로안,승용,여,34세,상해없음,이륜,남,39세,중상
2021052400100376,2021년 5월 24일 16시,월요일,대전광역시 유성구 장대동,중상사고,0,1,0,0,차대사람 - 횡단중,보행자보호의무위반,건조,맑음,교차로 - 교차로안,화물,여,53세,상해없음,보행자,남,8세,중상
2021052400100511,2021년 5월 24일 20시,월요일,대전광역시 서구 갈마동,경상사고,0,0,1,0,차대차 - 기타,안전운전불이행,건조,맑음,교차로 - 교차로안,승용,남,46세,상해없음,이륜,남,24세,경상
2021052500100027,2021년 5월 25일 02시,화요일,대전광역시 유성구 덕명동,경상사고,0,0,1,0,차대차 - 기타,안전운전불이행,건조,맑음,교차로 - 교차로안,건설기계,남,62세,상해없음,승용,여,61세,경상
2021052500100036,2021년 5월 25일 04시,화요일,대전광역시 유성구 반석동,경상사고,0,0,1,0,차대차 - 기타,안전운전불이행,건조,맑음,단일로 - 기타,승용,남,34세,상해없음,승용,여,54세,경상
2021052500100049,2021년 5월 25일 06시,화요일,대전광역시 서구 가장동,중상사고,0,1,0,0,차대차 - 추돌,안전운전불이행,건조,맑음,단일로 - 기타,승용,남,31세,상해없음,승용,남,25세,중상
2021052500100072,2021년 5월 25일 07시,화요일,대전광역시 중구 용두동,경상사고,0,0,1,0,차대차 - 정면충돌,안전운전불이행,건조,맑음,단일로 - 기타,승용,남,49세,상해없음,승용,남,62세,경상
2021052500100114,2021년 5월 25일 08시,화요일,대전광역시 서구 괴정동,경상사고,0,0,1,0,차대차 - 측면충돌,안전거리미확보,젖음/습기,맑음,단일로 - 기타,승용,여,48세,상해없음,승용,여,27세,경상
2021052500100147,2021년 5월 25일 09시,화요일,대전광역시 서구 도마동,경상사고,0,0,1,0,차대차 - 후진중충돌,안전운전불이행,건조,맑음,단일로 - 기타,화물,남,51세,상해없음,자전거,여,81세,경상
2021052500100148,2021년 5월 25일 09시,화요일,대전광역시 대덕구 오정동,경상사고,0,0,6,4,차대차 - 기타,신호위반,젖음/습기,비,교차로 - 교차로부근,화물,남,59세,상해없음,승합,남,43세,경상
2021052500100180,2021년 5월 25일 10시,화요일,대전광역시 중구 태평동,경상사고,0,0,1,0,차대사람 - 기타,안전운전불이행,건조,맑음,기타 - 기타,개인형이동수단(PM),남,30세,상해없음,보행자,여,70세,경상
2021052500100181,2021년 5월 25일 10시,화요일,대전광역시 동구 용운동,중상사고,0,1,0,0,차량단독 - 기타,안전운전불이행,건조,맑음,단일로 - 기타,승합,남,40세,기타불명,,,,
2021052500100309,2021년 5월 25일 14시,화요일,대전광역시 동구 삼성동,경상사고,0,0,1,0,차대차 - 추돌,안전운전불이행,건조,맑음,단일로 - 터널,승용,여,36세,상해없음,승용,여,52세,경상
2021052500100310,2021년 5월 25일 14시,화요일,대전광역시 서구 둔산동,경상사고,0,0,1,0,차대차 - 기타,신호위반,건조,맑음,교차로 - 교차로안,승용,남,73세,상해없음,이륜,남,40세,경상
2021052500100348,2021년 5월 25일 15시,화요일,대전광역시 서구 둔산동,경상사고,0,0,1,0,차대사람 - 기타,안전운전불이행,건조,맑음,기타 - 기타,승용,남,59세,상해없음,보행자,남,47세,경상
2021052500100349,2021년 5월 25일 15시,화요일,대전광역시 서구 탄방동,경상사고,0,0,2,0,차대차 - 기타,안전운전불이행,건조,맑음,단일로 - 기타,승용,여,48세,상해없음,승용,남,23세,경상
2021052500100487,2021년 5월 25일 18시,화요일,대전광역시 서구 갈마동,경상사고,0,0,1,0,차대차 - 기타,안전거리미확보,건조,맑음,단일로 - 기타,승용,여,38세,기타불명,승용,여,40세,경상
2021052500100521,2021년 5월 25일 19시,화요일,대전광역시 서구 괴정동,경상사고,0,0,2,0,차대차 - 측면충돌,신호위반,건조,맑음,교차로 - 교차로안,승용,여,49세,상해없음,승용,남,56세,상해없음
2021052500100544,2021년 5월 25일 20시,화요일,대전광역시 동구 원동,중상사고,0,1,0,0,차대사람 - 횡단중,안전운전불이행,건조,맑음,기타 - 기타,승용,여,31세,상해없음,보행자,남,64세,중상
2021052500100545,2021년 5월 25일 20시,화요일,대전광역시 서구 정림동,경상사고,0,0,1,0,차대차 - 측면충돌,안전거리미확보,건조,맑음,단일로 - 기타,승용,남,48세,기타불명,이륜,남,45세,경상
2021052500100568,2021년 5월 25일 21시,화요일,대전광역시 동구 성남동,경상사고,0,0,1,0,차대차 - 측면충돌,안전운전불이행,건조,맑음,단일로 - 기타,승용,남,46세,상해없음,승용,여,26세,경상
2021052500100569,2021년 5월 25일 21시,화요일,대전광역시 동구 가양동,경상사고,0,0,2,0,차대차 - 측면충돌,직진우회전진행방해,건조,맑음,교차로 - 교차로안,화물,남,55세,상해없음,승용,여,25세,경상
2021052500100589,2021년 5월 25일 22시,화요일,대전광역시 유성구 봉명동,경상사고,0,0,1,0,차대차 - 기타,안전거리미확보,건조,맑음,교차로 - 교차로부근,승용,남,59세,상해없음,원동기,남,24세,경상