사고번호,사고일시,요일,시군구,사고내용,사망자수,중상자수,경상자수,부상신고자수,사고유형,법규위반,노면상태,기상상태,도로형태,가해운전자 차종,가해운전자 성별,가해운전자 연령,가해운전자 상해정도,피해운전자 차종,피해운전자 성별,피해운전자 연령,피해운전자 상해정도
2021052600100008,2021년 5월 26일 00시,수요일,대전광역시 유성구 봉명동,경상사고,0,0,1,0,차대차 - 기타,안전운전불이행,건조,맑음,교차로 - 교차로부근,승용,여,43세,경상,승용,남,37세,상해없음
2021052600100111,2021년 5월 26일 08시,수요일,대전광역시 동구 판암동,경상사고,0,0,1,0,차대차 - 측면충돌,불법유턴,건조,맑음,단일로 - 기타,자전거,남,63세,경상,승용,여,29세,상해없음
2021052600100138,2021년 5월 26일 09시,수요일,대전광역시 유성구 안산동,중상사고,0,1,1,0,차량단독 - 공작물충돌,안전운전불이행,건조,맑음,단일로 - 기타,승용,여,25세,상해없음,,,,
2021052600100162,2021년 5월 26일 10시,수요일,대전광역시 서구 도안동,중상사고,0,1,0,0,차대사람 - 기타,안전운전불이행,건조,맑음,단일로 - 기타,자전거,남,26세,상해없음,보행자,여,64세,중상
2021052600100163,2021년 5월 26일 10시,수요일,대전광역시 유성구 복용동,경상사고,0,0,4,0,차대차 - 기타,직진우회전진행방해,건조,맑음,교차로 - 교차로부근,승용,남,73세,상해없음,승합,남,49세,경상
2021052600100220,2021년 5월 26일 12시,수요일,대전광역시 서구 괴정동,중상사고,0,1,0,0,차대차 - 기타,안전운전불이행,건조,맑음,단일로 - 기타,이륜,남,60세,상해없음,자전거,여,54세,중상
2021052600100277,2021년 5월 26일 14시,수요일,대전광역시 동구 인동,사망사고,1,2,0,0,차대차 - 기타,교차로운행방법위반,건조,맑음,교차로 - 교차로안,승용,남,62세,상해없음,이륜,남,70세,사망
2021052600100343,2021년 5월 26일 16시,수요일,대전광역시 서구 내동,경상사고,0,0,1,0,차대차 - 기타,신호위반,건조,맑음,교차로 - 교차로안,승용,남,66세,상해없음,이륜,남,38세,경상
2021052600100390,2021년 5월 26일 17시,수요일,대전광역시 중구 유천동,경상사고,0,0,1,0,차대사람 - 보도통행중,안전운전불이행,건조,맑음,단일로 - 기타,자전거,여,55세,상해없음,보행자,여,63세,경상
2021052600100391,2021년 5월 26일 17시,수요일,대전광역시 서구 복수동,경상사고,0,0,1,0,차대사람 - 횡단중,안전운전불이행,건조,맑음,단일로 - 기타,승용,남,40세,상해없음,보행자,여,10세,경상
2021052600100392,2021년 5월 26일 17시,수요일,대전광역시 서구 변동,경상사고,0,0,2,0,차대차 - 기타,안전운전불이행,건조,맑음,기타 - 기타,이륜,남,37세,경상,승용,여,22세,경상
2021052600100393,2021년 5월 26일 17시,수요일,대전광역시 서구 둔산동,중상사고,0,1,0,0,차대사람 - 기타,안전운전불이행,건조,맑음,단일로 - 기타,승용,남,50세,상해없음,보행자,여,58세,중상
2021052600100441,2021년 5월 26일 18시,수요일,대전광역시 중구 대흥동,사망사고,1,0,1,0,차대차 - 기타,안전운전불이행,건조,맑음,교차로 - 교차로안,승용,남,84세,사망,화물,남,48세,기타불명
2021052600100442,2021년 5월 26일 18시,수요일,대전광역시 동구 용전동,중상사고,0,1,1,0,차대차 - 추돌,기타,건조,맑음,단일로 - 기타,이륜,남,26세,중상,화물,남,61세,경상
2021052600100443,2021년 5월 26일 18시,수요일,대전광역시 서구 도마동,경상사고,0,0,1,0,차대차 - 기타,안전운전불이행,건조,맑음,교차로 - 교차로횡단보도내,승용,여,58세,상해없음,자전거,남,10세,경상
2021052600100444,2021년 5월 26일 18시,수요일,대전광역시 서구 갈마동,경상사고,0,0,1,0,차대차 - 기타,안전운전불이행,건조,맑음,단일로 - 기타,승용,여,47세,상해없음,승용,남,61세,경상
2021052600100445,2021년 5월 26일 18시,수요일,대전광역시 유성구 구암동,중상사고,0,1,0,0,차대차 - 측면충돌,교차로운행방법위반,건조,맑음,교차로 - 교차로안,승용,여,60세,상해없음,승용,남,31세,중상
2021052600100446,2021년 5월 26일 18시,수요일,대전광역시 유성구 송강동,경상사고,0,0,1,0,차대차 - 추돌,안전운전불이행,건조,맑음,기타 - 기타,승용,남,38세,상해없음,자전거,남,16세,경상
2021052600100466,2021년 5월 26일 19시,수요일,대전광역시 동구 가양동,경상사고,0,0,1,0,차대차 - 기타,교차로운행방법위반,건조,맑음,교차로 - 교차로안,승용,남,54세,상해없음,이륜,남,35세,경상
2021052600100467,2021년 5월 26일 19시,수요일,대전광역시 서구 둔산동,중상사고,0,1,1,0,차대차 - 기타,신호위반,건조,맑음,교차로 - 교차로안,승용,여,46세,경상,이륜,남,36세,중상
2021052600100468,2021년 5월 26일 19시,수요일,대전광역시 유성구 봉명동,경상사고,0,0,2,0,차대차 - 측면충돌,안전운전불이행,건조,맑음,교차로 - 교차로안,승용,남,69세,상해없음,승용,남,24세,경상
2021052600100514,2021년 5월 26일 21시,수요일,대전광역시 중구 용두동,경상사고,0,0,1,0,차대차 - 기타,안전운전불이행,건조,맑음,교차로 - 교차로안,이륜,남,56세,경상,승용,남,53세,상해없음
2021052600100515,2021년 5월 26일 21시,수요일,대전광역시 중구 태평동,경상사고,0,0,1,0,차대차 - 기타,신호위반,건조,맑음,교차로 - 교차로안,승용,남,29세,상해없음,승용,여,66세,경상
2021052600100553,2021년 5월 26일 22시,수요일,대전광역시 유성구 관평동,경상사고,0,0,1,0,차대차 - 기타,교차로운행방법위반,건조,맑음,교차로 - 교차로안,승용,남,59세,상해없음,자전거,남,53세,경상
2021052700100011,2021년 5월 27일 00시,목요일,대전광역시 대덕구 중리동,경상사고,0,0,3,0,차대차 - 기타,안전운전불이행,건조,맑음,단일로 - 기타,승용,남,34세,기타불명,승용,남,57세,경상
2021052700100057,2021년 5월 27일 07시,목요일,대전광역시 대덕구 덕암동,중상사고,0,2,0,0,차대차 - 기타,안전거리미확보,건조,맑음,단일로 - 기타,화물,남,50세,중상,승합,남,56세,중상
2021052700100058,2021년 5월 27일 07시,목요일,대전광역시 유성구 전민동,중상사고,0,1,0,0,차대차 - 측면충돌,안전운전불이행,건조,맑음,기타 - 기타,승용,여,63세,상해없음,자전거,남,51세,중상
2021052700100104,2021년 5월 27일 08시,목요일,대전광역시 동구 소제동,경상사고,0,0,1,0,차대차 - 측면충돌,안전운전불이행,젖음/습기,비,교차로 - 교차로안,승용,남,31세,경상,특수,남,60세,상해없음
2021052700100139,2021년 5월 27일 09시,목요일,대전광역시 유성구 덕명동,경상사고,0,0,1,0,차대차 - 측면충돌,교차로운행방법위반,젖음/습기,비,교차로 - 교차로안,승용,여,27세,상해없음,화물,남,55세,경상
2021052700100163,2021년 5월 27일 10시,목요일,대전광역시 서구 탄방동,경상사고,0,0,1,0,차대사람 - 횡단중,보행자보호의무위반,젖음/습기,비,교차로 - 교차로부근,승용,남,53세,상해없음,보행자,여,61세,경상
2021052700100164,2021년 5월 27일 10시,목요일,대전광역시 서구 만년동,경상사고,0,0,1,0,차대차 - 측면충돌,교차로운행방법위반,젖음/습기,비,교차로 - 교차로안,승용,남,70세,상해없음,승용,남,45세,경상
2021052700100261,2021년 5월 27일 13시,목요일,대전광역시 동구 정동,경상사고,0,0,1,0,차대차 - 기타,안전운전불이행,건조,맑음,기타 - 기타,승용,남,75세,상해없음,승용,여,55세,경상
2021052700100262,2021년 5월 27일 13시,목요일,대전광역시 동구 성남동,경상사고,0,0,1,0,차대차 - 측면충돌,교차로운행방법위반,건조,맑음,교차로 - 교차로안,자전거,남,68세,경상,승용,남,53세,상해없음
2021052700100263,2021년 5월 27일 13시,목요일,대전광역시 서구 갈마동,경상사고,0,0,1,0,차대차 - 기타,교차로운행방법위반,건조,맑음,교차로 - 교차로안,승용,남,47세,상해없음,이륜,남,38세,경상
2021052700100294,2021년 5월 27일 14시,목요일,대전광역시 중구 용두동,경상사고,0,0,1,0,차량단독 - 기타,안전운전불이행,건조,맑음,단일로 - 기타,승합,남,53세,상해없음,,,,
2021052700100295,2021년 5월 27일 14시,목요일,대전광역시 서구 용문동,경상사고,0,0,2,0,차대차 - 기타,신호위반,건조,흐림,교차로 - 교차로안,승용,여,58세,기타불명,승용,여,34세,경상
2021052700100296,2021년 5월 27일 14시,목요일,대전광역시 대덕구 송촌동,경상사고,0,0,1,0,차대차 - 정면충돌,안전운전불이행,건조,맑음,교차로 - 교차로부근,승용,남,32세,상해없음,자전거,남,13세,경상
2021052700100297,2021년 5월 27일 14시,목요일,대전광역시 유성구 노은동,경상사고,0,0,1,0,차대차 - 기타,안전운전불이행,건조,맑음,교차로 - 교차로횡단보도내,승용,여,48세,상해없음,자전거,여,11세,경상
2021052700100329,2021년 5월 27일 15시,목요일,대전광역시 동구 중동,경상사고,0,0,1,0,차대차 - 측면충돌,안전거리미확보,건조,맑음,교차로 - 교차로부근,승용,남,78세,상해없음,화물,남,61세,경상
2021052700100330,2021년 5월 27일 15시,목요일,대전광역시 서구 용문동,경상사고,0,0,1,0,차대차 - 기타,안전운전불이행,건조,맑음,단일로 - 기타,승용,남,34세,기타불명,승용,남,23세,경상
2021052700100331,2021년 5월 27일 15시,목요일,대전광역시 대덕구 오정동,중상사고,0,1,0,0,차대사람 - 횡단중,안전운전불이행,건조,맑음,교차로 - 교차로안,화물,남,48세,상해없음,보행자,남,64세,중상
2021052700100403,2021년 5월 27일 17시,목요일,대전광역시 대덕구 대화동,경상사고,0,0,1,0,차대사람 - 기타,안전운전불이행,건조,맑음,단일로 - 기타,승용,남,69세,상해없음,보행자,여,19세,경상
2021052700100404,2021년 5월 27일 17시,목요일,대전광역시 서구 둔산동,중상사고,0,1,0,0,차대차 - 측면충돌,안전운전불이행,건조,맑음,단일로 - 기타,승용,남,32세,상해없음,이륜,남,24세,중상
2021052700100445,2021년 5월 27일 18시,목요일,대전광역시 서구 탄방동,중상사고,0,1,0,0,차대차 - 기타,직진우회전진행방해,건조,맑음,교차로 - 교차로안,승용,여,33세,상해없음,승용,남,32세,중상
2021052700100578,2021년 5월 27일 23시,목요일,대전광역시 대덕구 법동,경상사고,0,0,2,0,차대차 - 기타,안전운전불이행,젖음/습기,흐림,교차로 - 교차로부근,승용,남,25세,상해없음,이륜,남,24세,경상
2021052800100017,2021년 5월 28일 01시,금요일,대전광역시 서구 도마동,중상사고,0,1,1,0,차대차 - 기타,안전운전불이행,건조,맑음,단일로 - 기타,승용,남,58세,기타불명,승용,남,56세,중상
2021052800100024,2021년 5월 28일 02시,금요일,대전광역시 서구 가장동,경상사고,0,0,2,0,차대차 - 기타,신호위반,건조,맑음,교차로 - 교차로안,이륜,남,24세,경상,화물,남,69세,경상
2021052800100119,2021년 5월 28일 08시,금요일,대전광역시 동구 용운동,경상사고,0,0,1,0,차대사람 - 길가장자리구역통행중,보행자보호의무위반,건조,맑음,단일로 - 기타,승용,여,34세,상해없음,보행자,여,53세,경상
2021052800100171,2021년 5월 28일 10시,금요일,대전광역시 중구 중촌동,중상사고,0,1,0,0,차대사람 - 횡단중,안전운전불이행,젖음/습기,비,교차로 - 교차로안,화물,남,61세,상해없음,보행자,여,54세,중상
2021052800100231,2021년 5월 28일 12시,금요일,대전광역시 동구 자양동,경상사고,0,0,1,0,차대차 - 기타,안전거리미확보,젖음/습기,비,단일로 - 기타,승용,남,64세,상해없음,승용,남,59세,경상
2021052800100232,2021년 5월 28일 12시,금요일,대전광역시 대덕구 법동,경상사고,0,0,2,0,차대차 - 기타,안전운전불이행,젖음/습기,비,교차로 - 교차로부근,화물,남,40세,상해없음,승용,여,33세,경상
2021052800100233,2021년 5월 28일 12시,금요일,대전광역시 유성구 봉명동,경상사고,0,0,2,0,차대차 - 기타,안전운전불이행,젖음/습기,맑음,교차로 - 교차로안,화물,남,63세,상해없음,승용,여,56세,경상
2021052800100276,2021년 5월 28일 13시,금요일,대전광역시 중구 대사동,경상사고,0,0,1,0,차대사람 - 차도통행중,안전운전불이행,젖음/습기,비,단일로 - 기타,승용,남,72세,상해없음,보행자,남,55세,경상
2021052800100277,2021년 5월 28일 13시,금요일,대전광역시 대덕구 오정동,경상사고,0,0,1,0,차대차 - 기타,안전운전불이행,건조,맑음,교차로 - 교차로부근,화물,남,46세,상해없음,승용,남,41세,경상
2021052800100318,2021년 5월 28일 14시,금요일,대전광역시 대덕구 오정동,경상사고,0,0,1,0,차대차 - 기타,안전운전불이행,젖음/습기,흐림,단일로 - 기타,화물,남,46세,상해없음,특수,남,25세,경상
2021052800100345,2021년 5월 28일 15시,금요일,대전광역시 서구 복수동,중상사고,0,1,0,0,차대사람 - 기타,안전운전불이행,건조,맑음,단일로 - 기타,이륜,남,40세,기타불명,보행자,여,69세,중상
2021052800100346,2021년 5월 28일 15시,금요일,대전광역시 유성구 봉명동,경상사고,0,0,1,0,차대차 - 기타,교차로운행방법위반,건조,맑음,교차로 - 교차로안,승용,남,61세,상해없음,이륜,남,31세,경상
2021052800100347,2021년 5월 28일 15시,금요일,대전광역시 유성구 구암동,경상사고,0,0,1,0,차대차 - 기타,안전운전불이행,건조,맑음,교차로 - 교차로부근,화물,남,39세,상해없음,승용,남,30세,상해없음
2021052800100348,2021년 5월 28일 15시,금요일,대전광역시 유성구 봉명동,경상사고,0,0,1,0,차대차 - 기타,기타,건조,맑음,교차로 - 교차로부근,특수,남,54세,상해없음,승용,남,64세,경상
2021052800100385,2021년 5월 28일 16시,금요일,대전광역시 유성구 봉명동,중상사고,0,1,0,0,차대차 - 기타,안전운전불이행,건조,맑음,교차로 - 교차로안,승용,남,40세,상해없음,승용,여,58세,중상
2021052800100386,2021년 5월 28일 16시,금요일,대전광역시 유성구 용계동,경상사고,0,0,1,0,차대차 - 기타,안전운전불이행,건조,흐림,단일로 - 지하차도(도로)내,화물,남,47세,기타불명,승용,남,62세,경상
2021052800100483,2021년 5월 28일 18시,금요일,대전광역시 대덕구 오정동,경상사고,0,0,2,0,차대차 - 측면충돌,안전거리미확보,건조,맑음,단일로 - 기타,승용,남,23세,상해없음,화물,남,38세,경상
2021052800100484,2021년 5월 28일 18시,금요일,대전광역시 서구 월평동,중상사고,0,1,0,0,차대사람 - 횡단중,안전운전불이행,건조,맑음,단일로 - 기타,승용,여,42세,상해없음,보행자,남,12세,중상
2021052800100528,2021년 5월 28일 19시,금요일,대전광역시 대덕구 읍내동,경상사고,0,0,2,0,차대차 - 측면충돌,신호위반,건조,맑음,교차로 - 교차로안,승용,남,41세,상해없음,승용,남,33세,경상
2021052800100558,2021년 5월 28일 20시,금요일,대전광역시 서구 둔산동,중상사고,0,1,0,0,차대차 - 기타,안전운전불이행,건조,맑음,교차로 - 교차로횡단보도내,자전거,남,14세,중상,승용,남,44세,상해없음
2021052800100559,2021년 5월 28일 20시,금요일,대전광역시 서구 갈마동,경상사고,0,0,1,0,차대차 - 측면충돌,안전거리미확보,건조,맑음,단일로 - 기타,승용,남,30세,상해없음,승용,여,28세,경상
2021052800100560,2021년 5월 28일 20시,금요일,대전광역시 유성구 봉명동,중상사고,0,1,0,0,차대차 - 추돌,중앙선침범,건조,맑음,단일로 - 기타,승용,남,31세,상해없음,이륜,남,23세,중상
2021052800100582,2021년 5월 28일 21시,금요일,대전광역시 유성구 어은동,중상사고,0,1,0,0,차대사람 - 보도통행중,보행자보호의무위반,건조,맑음,교차로 - 교차로횡단보도내,승용,남,63세,상해없음,보행자,여,84세,중상
2021052800100604,2021년 5월 28일 22시,금요일,대전광역시 유성구 장대동,경상사고,0,0,1,0,차대사람 - 횡단중,안전운전불이행,건조,맑음,단일로 - 기타,승용,여,64세,상해없음,보행자,남,33세,경상
2021052900100010,2021년 5월 29일 00시,토요일,대전광역시 유성구 화암동,경상사고,0,0,1,0,차대차 - 기타,안전거리미확보,건조,맑음,단일로 - 기타,승용,여,22세,상해없음,승용,남,57세,상해없음
2021052900100016,2021년 5월 29일 01시,토요일,대전광역시 동구 용전동,경상사고,0,0,1,0,차대차 - 추돌,안전거리미확보,건조,맑음,단일로 - 기타,승용,남,29세,상해없음,승용,남,65세,경상
2021052900100032,2021년 5월 29일 03시,토요일,대전광역시 중구 대흥동,중상사고,0,1,0,0,차량단독 - 기타,안전운전불이행,건조,맑음,단일로 - 기타,화물,남,63세,상해없음,,,,
2021052900100033,2021년 5월 29일 03시,토요일,대전광역시 서구 둔산동,경상사고,0,0,1,0,차대사람 - 보도통행중,기타,건조,맑음,기타 - 기타,이륜,남,18세,상해없음,보행자,남,21세,경상
2021052900100092,2021년 5월 29일 08시,토요일,대전광역시 대덕구 비래동,중상사고,0,1,0,0,차대차 - 기타,안전운전불이행,건조,맑음,교차로 - 교차로부근,승용,남,30세,상해없음,자전거,여,66세,중상
2021052900100093,2021년 5월 29일 08시,토요일,대전광역시 서구 탄방동,경상사고,0,0,1,0,차대차 - 기타,안전운전불이행,건조,맑음,교차로 - 교차로부근,승용,여,49세,기타불명,승용,여,40세,경상
2021052900100147,2021년 5월 29일 10시,토요일,대전광역시 유성구 봉명동,중상사고,0,1,0,0,차대차 - 기타,안전운전불이행,건조,맑음,기타 - 기타,승용,여,54세,상해없음,자전거,여,65세,중상
2021052900100265,2021년 5월 29일 13시,토요일,대전광역시 서구 가장동,경상사고,0,0,1,0,차대차 - 측면충돌,안전운전불이행,건조,맑음,교차로 - 교차로안,승용,여,57세,상해없음,이륜,남,21세,경상
2021052900100336,2021년 5월 29일 15시,토요일,대전광역시 유성구 장대동,경상사고,0,0,2,0,차대차 - 기타,안전거리미확보,건조,맑음,교차로 - 교차로부근,승용,여,36세,상해없음,승용,여,47세,경상
2021052900100371,2021년 5월 29일 16시,토요일,대전광역시 동구 용전동,경상사고,0,0,1,0,차대차 - 측면충돌,신호위반,건조,맑음,단일로 - 기타,승용,남,59세,상해없음,자전거,여,41세,경상
2021052900100372,2021년 5월 29일 16시,토요일,대전광역시 서구 관저동,경상사고,0,0,1,0,차대차 - 기타,신호위반,건조,맑음,교차로 - 교차로부근,승용,남,62세,상해없음,자전거,남,13세,경상
2021052900100373,2021년 5월 29일 16시,토요일,대전광역시 서구 둔산동,경상사고,0,0,1,0,차대차 - 기타,안전운전불이행,건조,맑음,교차로 - 교차로부근,이륜,남,16세,상해없음,화물,여,60세,경상
2021052900100413,2021년 5월 29일 17시,토요일,대전광역시 유성구 구암동,중상사고,0,1,0,0,차대차 - 추돌,안전운전불이행,건조,맑음,기타 - 기타,이륜,남,26세,상해없음,이륜,남,27세,중상
2021052900100510,2021년 5월 29일 20시,토요일,대전광역시 서구 정림동,경상사고,0,0,1,0,차대사람 - 기타,안전운전불이행,건조,맑음,단일로 - 기타,승용,남,33세,상해없음,보행자,남,27세,경상
2021052900100511,2021년 5월 29일 20시,토요일,대전광역시 유성구 상대동,경상사고,0,0,1,0,차대차 - 기타,안전운전불이행,건조,맑음,교차로 - 교차로부근,승용,남,40세,상해없음,이륜,남,28세,경상
2021052900100533,2021년 5월 29일 21시,토요일,대전광역시 서구 괴정동,경상사고,0,0,1,0,차대사람 - 차도통행중,안전운전불이행,건조,맑음,단일로 - 기타,승용,남,22세,상해없음,보행자,여,28세,경상
2021052900100563,2021년 5월 29일 22시,토요일,대전광역시 중구 선화동,경상사고,0,0,3,0,차대차 - 추돌,안전운전불이행,건조,맑음,교차로 - 교차로부근,승용,남,37세,상해없음,승용,남,35세,경상
2021053000100026,2021년 5월 30일 04시,일요일,대전광역시 유성구 봉명동,경상사고,0,0,2,0,차대차 - 기타,안전운전불이행,건조,맑음,교차로 - 교차로안,승용,남,19세,경상,승용,남,40세,경상
2021053000100029,2021년 5월 30일 05시,일요일,대전광역시 서구 정림동,경상사고,0,0,3,0,차대차 - 추돌,안전운전불이행,건조,맑음,단일로 - 기타,원동기,남,28세,경상,승용,여,45세,경상
2021053000100038,2021년 5월 30일 06시,일요일,대전광역시 서구 둔산동,경상사고,0,0,1,0,차대사람 - 길가장자리구역통행중,안전운전불이행,건조,맑음,단일로 - 기타,승용,남,19세,기타불명,보행자,여,18세,경상
2021053000100047,2021년 5월 30일 07시,일요일,대전광역시 중구 산성동,경상사고,0,0,1,0,차대차 - 측면충돌,직진우회전진행방해,건조,맑음,교차로 - 교차로안,승용,여,53세,상해없음,승용,남,38세,경상
2021053000100057,2021년 5월 30일 08시,일요일,대전광역시 서구 둔산동,경상사고,0,0,2,0,차대차 - 기타,안전거리미확보,건조,맑음,단일로 - 기타,승용,남,21세,상해없음,승용,남,29세,경상
2021053000100095,2021년 5월 30일 10시,일요일,대전광역시 중구 중촌동,경상사고,0,0,1,0,차대차 - 기타,안전운전불이행,건조,맑음,교차로 - 교차로안,승용,여,68세,상해없음,자전거,여,53세,경상
2021053000100122,2021년 5월 30일 11시,일요일,대전광역시 유성구 화암동,경상사고,0,0,1,0,차대차 - 기타,안전운전불이행,건조,맑음,단일로 - 기타,승용,남,24세,기타불명,승용,남,66세,상해없음
2021053000100185,2021년 5월 30일 13시,일요일,대전광역시 중구 유천동,중상사고,0,1,0,0,차대차 - 기타,안전운전불이행,건조,맑음,기타 - 기타,화물,남,47세,상해없음,승용,여,49세,중상
2021053000100226,2021년 5월 30일 14시,일요일,대전광역시 중구 문화동,부상신고사고,0,0,0,1,차대차 - 기타,기타,건조,맑음,교차로 - 교차로안,승용,여,58세,부상신고,승용,남,24세,상해없음
2021053000100266,2021년 5월 30일 15시,일요일,대전광역시 동구 가오동,중상사고,0,1,0,0,차대차 - 기타,안전운전불이행,건조,맑음,교차로 - 교차로부근,원동기,남,38세,중상,승용,여,53세,상해없음
2021053000100267,2021년 5월 30일 15시,일요일,대전광역시 서구 둔산동,경상사고,0,0,1,0,차대차 - 기타,안전운전불이행,건조,맑음,교차로 - 교차로안,승용,남,63세,상해없음,이륜,남,21세,경상
2021053000100268,2021년 5월 30일 15시,일요일,대전광역시 유성구 구암동,경상사고,0,0,3,0,차대차 - 추돌,안전운전불이행,건조,맑음,교차로 - 교차로부근,승용,여,29세,기타불명,승용,여,56세,경상
2021053000100298,2021년 5월 30일 16시,일요일,대전광역시 유성구 용산동,경상사고,0,0,2,0,차대차 - 추돌,안전운전불이행,건조,맑음,단일로 - 기타,기타불명,기타불명,미분류,기타불명,승용,남,62세,경상
2021053000100334,2021년 5월 30일 17시,일요일,대전광역시 동구 성남동,중상사고,0,1,0,0,차대차 - 측면충돌,신호위반,건조,맑음,교차로 - 교차로안,승합,남,58세,상해없음,이륜,남,85세,중상
2021053000100369,2021년 5월 30일 18시,일요일,대전광역시 유성구 송강동,경상사고,0,0,2,0,차대차 - 기타,안전운전불이행,건조,맑음,교차로 - 교차로안,이륜,남,31세,기타불명,승용,여,58세,경상
2021053000100425,2021년 5월 30일 20시,일요일,대전광역시 유성구 노은동,경상사고,0,0,1,0,차대차 - 추돌,안전운전불이행,건조,맑음,교차로 - 교차로부근,승용,남,58세,상해없음,승용,남,46세,경상
2021053000100449,2021년 5월 30일 21시,일요일,대전광역시 유성구 장대동,경상사고,0,0,2,0,차대차 - 측면충돌,안전운전불이행,젖음/습기,비,교차로 - 교차로안,승용,남,27세,상해없음,승용,여,53세,경상
2021053000100480,2021년 5월 30일 22시,일요일,대전광역시 서구 갈마동,경상사고,0,0,1,0,차대사람 - 기타,안전운전불이행,젖음/습기,비,교차로 - 교차로부근,승용,남,30세,상해없음,보행자,남,33세,경상
2021053100100035,2021년 5월 31일 06시,월요일,대전광역시 중구 목동,경상사고,0,0,1,0,차량단독 - 기타,기타,건조,맑음,단일로 - 기타,승합,남,56세,상해없음,,,,
2021053100100084,2021년 5월 31일 08시,월요일,대전광역시 중구 오류동,경상사고,0,0,2,0,차대차 - 기타,안전거리미확보,건조,맑음,단일로 - 기타,승용,남,60세,경상,승용,남,67세,경상
2021053100100118,2021년 5월 31일 09시,월요일,대전광역시 중구 옥계동,중상사고,0,1,0,0,차대차 - 측면충돌,안전운전불이행,건조,맑음,단일로 - 기타,승용,여,61세,상해없음,자전거,남,71세,중상
2021053100100119,2021년 5월 31일 09시,월요일,대전광역시 동구 원동,중상사고,0,1,0,0,차대사람 - 기타,안전운전불이행,건조,맑음,단일로 - 기타,자전거,남,87세,중상,보행자,여,57세,상해없음
2021053100100146,2021년 5월 31일 10시,월요일,대전광역시 대덕구 석봉동,경상사고,0,0,1,0,차대차 - 측면충돌,직진우회전진행방해,건조,맑음,교차로 - 교차로안,이륜,남,58세,경상,화물,남,61세,상해없음
2021053100100176,2021년 5월 31일 11시,월요일,대전광역시 동구 삼괴동,경상사고,0,0,1,0,차대차 - 측면충돌,안전운전불이행,건조,맑음,단일로 - 기타,승용,남,60세,상해없음,승용,여,62세,경상
2021053100100349,2021년 5월 31일 16시,월요일,대전광역시 유성구 지족동,중상사고,0,1,0,1,차대차 - 측면충돌,안전운전불이행,건조,맑음,기타 - 기타,자전거,여,59세,중상,자전거,여,25세,부상신고
2021053100100492,2021년 5월 31일 20시,월요일,대전광역시 동구 용전동,중상사고,0,1,1,0,차대차 - 측면충돌,직진우회전진행방해,건조,맑음,교차로 - 교차로안,승용,남,54세,상해없음,이륜,남,24세,경상
2021053100100493,2021년 5월 31일 20시,월요일,대전광역시 대덕구 석봉동,경상사고,0,0,1,0,차대차 - 측면충돌,신호위반,건조,맑음,교차로 - 교차로부근,화물,남,33세,상해없음,이륜,남,34세,경상
2021060100100019,2021년 6월 1일 01시,화요일,대전광역시 유성구 봉명동,경상사고,0,0,1,0,차대차 - 기타,안전운전불이행,건조,맑음,단일로 - 기타,승용,남,45세,상해없음,승용,남,28세,경상
2021060100100052,2021년 6월 1일 06시,화요일,대전광역시 유성구 봉산동,중상사고,0,1,0,0,차대차 - 기타,안전운전불이행,건조,맑음,단일로 - 기타,자전거,남,58세,중상,승용,여,59세,상해없음
2021060100100134,2021년 6월 1일 09시,화요일,대전광역시 동구 구도동,경상사고,0,0,1,0,차대차 - 측면충돌,차로위반,건조,맑음,단일로 - 기타,특수,남,63세,상해없음,승용,여,35세,경상
2021060100100150,2021년 6월 1일 09시,화요일,대전광역시 서구 관저동,중상사고,0,1,0,0,차대사람 - 횡단중,보행자보호의무위반,건조,맑음,단일로 - 기타,승용,여,28세,상해없음,보행자,여,73세,중상
2021060100100151,2021년 6월 1일 09시,화요일,대전광역시 유성구 장대동,중상사고,0,2,1,0,차대차 - 기타,안전운전불이행,건조,맑음,교차로 - 교차로부근,승용,여,45세,기타불명,승용,여,31세,중상
2021060100100203,2021년 6월 1일 11시,화요일,대전광역시 동구 용전동,경상사고,0,0,1,0,차대차 - 기타,안전운전불이행,건조,맑음,단일로 - 기타,화물,남,44세,상해없음,원동기,남,21세,경상
2021060100100204,2021년 6월 1일 11시,화요일,대전광역시 서구 도마동,경상사고,0,0,1,0,차대사람 - 기타,안전운전불이행,건조,맑음,기타 - 기타,특수,남,26세,상해없음,보행자,여,59세,경상
2021060100100239,2021년 6월 1일 12시,화요일,대전광역시 서구 용문동,경상사고,0,0,2,0,차대차 - 측면충돌,안전운전불이행,건조,맑음,교차로 - 교차로부근,승용,여,54세,상해없음,승용,여,69세,경상
2021060100100317,2021년 6월 1일 14시,화요일,대전광역시 서구 만년동,중상사고,0,1,0,0,차대차 - 기타,안전운전불이행,건조,맑음,단일로 - 기타,승용,남,34세,상해없음,승용,여,27세,중상
2021060100100318,2021년 6월 1일 14시,화요일,대전광역시 유성구 방동,경상사고,0,0,1,0,차대차 - 기타,안전거리미확보,건조,맑음,단일로 - 기타,승용,남,25세,상해없음,승용,여,69세,경상