사고번호,사고일시,요일,시군구,사고내용,사망자수,중상자수,경상자수,부상신고자수,사고유형,법규위반,노면상태,기상상태,도로형태,가해운전자 차종,가해운전자 성별,가해운전자 연령,가해운전자 상해정도,피해운전자 차종,피해운전자 성별,피해운전자 연령,피해운전자 상해정도
2021060100100357,2021년 6월 1일 15시,화요일,대전광역시 서구 정림동,경상사고,0,0,1,0,차대차 - 기타,직진우회전진행방해,건조,맑음,교차로 - 교차로안,승용,남,73세,상해없음,승용,남,62세,경상
2021060100100405,2021년 6월 1일 16시,화요일,대전광역시 대덕구 읍내동,경상사고,0,0,2,0,차대차 - 기타,안전운전불이행,건조,맑음,교차로 - 교차로안,승용,여,63세,상해없음,승용,남,43세,경상
2021060100100406,2021년 6월 1일 16시,화요일,대전광역시 유성구 구암동,경상사고,0,0,1,0,차대사람 - 기타,보행자보호의무위반,건조,맑음,교차로 - 교차로안,승용,여,60세,상해없음,보행자,여,68세,경상
2021060100100407,2021년 6월 1일 16시,화요일,대전광역시 유성구 관평동,중상사고,0,1,0,0,차대사람 - 횡단중,안전운전불이행,건조,맑음,단일로 - 기타,승용,여,48세,상해없음,보행자,남,13세,중상
2021060100100455,2021년 6월 1일 17시,화요일,대전광역시 서구 관저동,경상사고,0,0,2,0,차대차 - 기타,안전거리미확보,건조,맑음,교차로 - 교차로부근,화물,남,51세,상해없음,승용,남,81세,경상
2021060100100495,2021년 6월 1일 18시,화요일,대전광역시 중구 석교동,경상사고,0,0,1,0,차대차 - 기타,안전거리미확보,건조,맑음,교차로 - 교차로부근,이륜,남,72세,상해없음,이륜,남,31세,경상
2021060100100529,2021년 6월 1일 19시,화요일,대전광역시 중구 선화동,중상사고,0,1,0,0,차대차 - 측면충돌,안전운전불이행,건조,맑음,단일로 - 기타,승용,여,56세,상해없음,이륜,남,79세,중상
2021060100100562,2021년 6월 1일 20시,화요일,대전광역시 대덕구 송촌동,부상신고사고,0,0,0,1,차대차 - 추돌,안전운전불이행,건조,맑음,단일로 - 기타,승용,남,62세,부상신고,이륜,남,22세,상해없음
2021060100100586,2021년 6월 1일 21시,화요일,대전광역시 서구 월평동,경상사고,0,0,1,0,차대사람 - 보도통행중,보행자보호의무위반,건조,맑음,단일로 - 기타,화물,남,60세,상해없음,보행자,남,40세,경상
2021060100100587,2021년 6월 1일 21시,화요일,대전광역시 유성구 장대동,경상사고,0,0,1,0,차대차 - 기타,안전운전불이행,건조,맑음,단일로 - 기타,승용,여,30세,상해없음,승용,남,39세,경상
2021060200100013,2021년 6월 2일 00시,수요일,대전광역시 대덕구 신일동,중상사고,0,1,0,0,차대차 - 측면충돌,신호위반,건조,맑음,교차로 - 교차로안,승용,남,45세,상해없음,이륜,남,26세,중상
2021060200100042,2021년 6월 2일 06시,수요일,대전광역시 대덕구 읍내동,중상사고,0,2,0,0,차대차 - 정면충돌,중앙선침범,건조,맑음,단일로 - 기타,승용,남,68세,중상,승용,남,59세,중상
2021060200100062,2021년 6월 2일 07시,수요일,대전광역시 중구 오류동,경상사고,0,0,2,0,차대차 - 기타,안전운전불이행,건조,맑음,단일로 - 기타,화물,남,58세,상해없음,승용,남,58세,경상
2021060200100103,2021년 6월 2일 08시,수요일,대전광역시 유성구 봉명동,경상사고,0,0,1,0,차대사람 - 기타,안전운전불이행,건조,맑음,기타 - 기타,승용,남,66세,상해없음,보행자,여,27세,경상
2021060200100135,2021년 6월 2일 09시,수요일,대전광역시 서구 둔산동,경상사고,0,0,1,0,차대사람 - 기타,안전운전불이행,건조,맑음,교차로 - 교차로안,화물,남,66세,상해없음,보행자,남,75세,경상
2021060200100136,2021년 6월 2일 09시,수요일,대전광역시 유성구 원내동,경상사고,0,0,2,0,차대차 - 추돌,안전운전불이행,건조,맑음,기타 - 기타,화물,남,43세,상해없음,승용,남,52세,경상
2021060200100238,2021년 6월 2일 12시,수요일,대전광역시 서구 변동,경상사고,0,0,1,0,차대차 - 측면충돌,교차로운행방법위반,건조,맑음,교차로 - 교차로안,승용,남,58세,상해없음,승합,남,38세,경상
2021060200100239,2021년 6월 2일 12시,수요일,대전광역시 서구 가수원동,경상사고,0,0,1,0,차대차 - 측면충돌,신호위반,건조,맑음,교차로 - 교차로안,승합,남,68세,상해없음,승합,남,51세,경상
2021060200100266,2021년 6월 2일 13시,수요일,대전광역시 서구 월평동,경상사고,0,0,1,0,차대차 - 기타,안전운전불이행,건조,맑음,교차로 - 교차로부근,승용,남,78세,상해없음,승용,남,38세,경상
2021060200100268,2021년 6월 2일 13시,수요일,대전광역시 유성구 구암동,부상신고사고,0,0,0,1,차대차 - 추돌,안전운전불이행,건조,맑음,기타 - 기타,화물,남,45세,상해없음,승용,남,84세,부상신고
2021060200100308,2021년 6월 2일 14시,수요일,대전광역시 동구 용전동,중상사고,0,1,0,0,차대차 - 기타,신호위반,건조,맑음,단일로 - 기타,승용,남,52세,상해없음,원동기,여,66세,중상
2021060200100381,2021년 6월 2일 16시,수요일,대전광역시 동구 삼정동,경상사고,0,0,1,0,차대차 - 측면충돌,교차로운행방법위반,건조,맑음,교차로 - 교차로안,화물,남,59세,상해없음,승용,여,22세,경상
2021060200100435,2021년 6월 2일 17시,수요일,대전광역시 중구 선화동,경상사고,0,0,1,0,차대차 - 기타,신호위반,건조,맑음,교차로 - 교차로안,건설기계,남,51세,기타불명,승용,여,38세,경상
2021060200100436,2021년 6월 2일 17시,수요일,대전광역시 동구 가양동,경상사고,0,0,1,0,차대차 - 기타,직진우회전진행방해,건조,맑음,교차로 - 교차로안,승용,남,51세,상해없음,이륜,남,52세,경상
2021060200100491,2021년 6월 2일 18시,수요일,대전광역시 대덕구 덕암동,경상사고,0,0,1,0,차대차 - 측면충돌,중앙선침범,건조,맑음,단일로 - 기타,승용,여,63세,상해없음,승용,여,59세,경상
2021060200100528,2021년 6월 2일 19시,수요일,대전광역시 중구 용두동,중상사고,0,1,0,0,차량단독 - 기타,안전운전불이행,건조,맑음,단일로 - 기타,자전거,남,23세,중상,,,,
2021060200100529,2021년 6월 2일 19시,수요일,대전광역시 서구 월평동,중상사고,0,1,0,0,차대사람 - 횡단중,보행자보호의무위반,건조,맑음,교차로 - 교차로횡단보도내,이륜,남,30세,상해없음,보행자,여,58세,중상
2021060200100585,2021년 6월 2일 21시,수요일,대전광역시 서구 내동,중상사고,0,1,0,0,차대차 - 기타,안전운전불이행,건조,맑음,교차로 - 교차로안,화물,남,48세,상해없음,이륜,남,58세,중상
2021060200100607,2021년 6월 2일 22시,수요일,대전광역시 동구 구도동,중상사고,0,1,0,0,차대차 - 측면충돌,신호위반,건조,맑음,단일로 - 기타,화물,남,51세,상해없음,승용,여,57세,중상
2021060300100007,2021년 6월 3일 00시,목요일,대전광역시 유성구 노은동,중상사고,0,1,0,0,차대차 - 기타,신호위반,건조,맑음,교차로 - 교차로안,승용,남,28세,상해없음,승용,남,31세,중상
2021060300100019,2021년 6월 3일 01시,목요일,대전광역시 중구 대흥동,경상사고,0,0,1,0,차량단독 - 기타,안전운전불이행,건조,맑음,교차로 - 교차로부근,승용,남,46세,상해없음,,,,
2021060300100037,2021년 6월 3일 05시,목요일,대전광역시 서구 내동,경상사고,0,0,1,0,차대차 - 측면충돌,중앙선침범,건조,맑음,단일로 - 기타,승용,남,69세,상해없음,이륜,남,52세,경상
2021060300100101,2021년 6월 3일 08시,목요일,대전광역시 유성구 방동,중상사고,0,2,0,0,차대차 - 측면충돌,안전거리미확보,건조,흐림,단일로 - 기타,승용,여,47세,상해없음,화물,남,61세,중상
2021060300100115,2021년 6월 3일 08시,목요일,대전광역시 유성구 봉명동,중상사고,0,1,1,0,차대차 - 기타,교차로운행방법위반,건조,맑음,교차로 - 교차로안,승용,여,36세,경상,승용,여,56세,중상
2021060300100340,2021년 6월 3일 16시,목요일,대전광역시 동구 가양동,경상사고,0,0,1,0,차대차 - 기타,안전운전불이행,젖음/습기,비,단일로 - 기타,승용,남,68세,상해없음,승합,남,51세,경상
2021060300100341,2021년 6월 3일 16시,목요일,대전광역시 서구 관저동,경상사고,0,0,1,0,차대차 - 기타,신호위반,젖음/습기,비,교차로 - 교차로안,승용,여,52세,상해없음,승용,남,70세,경상
2021060300100342,2021년 6월 3일 16시,목요일,대전광역시 유성구 노은동,경상사고,0,0,1,0,차대차 - 추돌,기타,젖음/습기,비,교차로 - 교차로부근,승용,남,28세,상해없음,승용,남,63세,경상
2021060300100381,2021년 6월 3일 17시,목요일,대전광역시 중구 목동,경상사고,0,0,1,0,차대차 - 기타,안전운전불이행,젖음/습기,비,교차로 - 교차로부근,승용,남,51세,상해없음,승합,남,60세,경상
2021060300100382,2021년 6월 3일 17시,목요일,대전광역시 유성구 신성동,중상사고,0,1,0,0,차대사람 - 기타,안전운전불이행,젖음/습기,비,교차로 - 교차로부근,승용,남,59세,상해없음,보행자,여,10세,중상
2021060300100383,2021년 6월 3일 17시,목요일,대전광역시 유성구 원신흥동,경상사고,0,0,1,0,차대차 - 후진중충돌,안전운전불이행,젖음/습기,비,단일로 - 기타,승용,여,68세,상해없음,이륜,남,22세,경상
2021060300100384,2021년 6월 3일 17시,목요일,대전광역시 유성구 궁동,경상사고,0,0,1,0,차대사람 - 횡단중,안전운전불이행,젖음/습기,비,교차로 - 교차로안,승용,남,41세,상해없음,보행자,여,20세,경상
2021060300100433,2021년 6월 3일 18시,목요일,대전광역시 대덕구 오정동,경상사고,0,0,1,0,차대차 - 추돌,안전거리미확보,젖음/습기,비,단일로 - 기타,승용,남,62세,상해없음,승용,남,33세,경상
2021060300100434,2021년 6월 3일 18시,목요일,대전광역시 유성구 덕명동,경상사고,0,0,1,0,차대차 - 기타,신호위반,젖음/습기,비,교차로 - 교차로횡단보도내,승용,여,65세,상해없음,승용,남,29세,경상
2021060300100469,2021년 6월 3일 19시,목요일,대전광역시 유성구 원촌동,경상사고,0,0,1,0,차대차 - 측면충돌,안전운전불이행,젖음/습기,비,교차로 - 교차로안,승용,남,55세,상해없음,승용,남,26세,경상
2021060300100522,2021년 6월 3일 20시,목요일,대전광역시 유성구 덕명동,중상사고,0,2,3,0,차대사람 - 기타,안전운전불이행,젖음/습기,비,단일로 - 기타,승용,남,50세,상해없음,보행자,남,26세,중상
2021060300100571,2021년 6월 3일 21시,목요일,대전광역시 동구 성남동,경상사고,0,0,1,0,차대차 - 추돌,안전운전불이행,젖음/습기,비,단일로 - 기타,승용,남,26세,상해없음,승용,남,36세,경상
2021060300100620,2021년 6월 3일 22시,목요일,대전광역시 중구 태평동,경상사고,0,0,1,0,차대차 - 기타,중앙선침범,젖음/습기,비,기타 - 기타,승용,남,66세,기타불명,승용,남,49세,상해없음
2021060300100621,2021년 6월 3일 22시,목요일,대전광역시 대덕구 신탄진동,경상사고,0,0,1,0,차대차 - 기타,교차로운행방법위반,젖음/습기,비,교차로 - 교차로안,승용,여,29세,상해없음,승용,남,40세,경상
2021060300100622,2021년 6월 3일 22시,목요일,대전광역시 서구 월평동,경상사고,0,0,1,0,차대차 - 기타,안전운전불이행,젖음/습기,비,교차로 - 교차로안,승용,여,50세,기타불명,승용,남,66세,경상
2021060400100023,2021년 6월 4일 01시,금요일,대전광역시 동구 대동,경상사고,0,0,1,0,차대차 - 기타,중앙선침범,젖음/습기,비,교차로 - 교차로부근,승용,남,45세,상해없음,승용,남,66세,경상
2021060400100051,2021년 6월 4일 06시,금요일,대전광역시 유성구 전민동,경상사고,0,0,2,0,차대차 - 측면충돌,안전운전불이행,건조,맑음,기타 - 기타,승용,남,28세,상해없음,승용,여,65세,경상
2021060400100071,2021년 6월 4일 07시,금요일,대전광역시 대덕구 덕암동,경상사고,0,0,1,0,차대차 - 후진중충돌,안전운전불이행,건조,맑음,교차로 - 교차로안,승용,남,60세,상해없음,승용,남,30세,경상
2021060400100113,2021년 6월 4일 08시,금요일,대전광역시 중구 은행동,경상사고,0,0,1,0,차대차 - 기타,신호위반,건조,맑음,교차로 - 교차로안,승용,남,30세,상해없음,승용,남,56세,경상
2021060400100114,2021년 6월 4일 08시,금요일,대전광역시 유성구 둔곡동,중상사고,0,1,1,0,차대차 - 추돌,안전운전불이행,건조,맑음,단일로 - 기타,화물,남,59세,상해없음,승용,남,58세,중상
2021060400100145,2021년 6월 4일 09시,금요일,대전광역시 서구 용문동,경상사고,0,0,1,0,차대차 - 측면충돌,안전운전불이행,건조,맑음,단일로 - 기타,승용,여,30세,상해없음,승용,여,58세,경상
2021060400100146,2021년 6월 4일 09시,금요일,대전광역시 서구 갈마동,경상사고,0,0,1,0,차대차 - 기타,안전운전불이행,건조,맑음,단일로 - 기타,승용,남,22세,상해없음,승용,남,38세,경상
2021060400100147,2021년 6월 4일 09시,금요일,대전광역시 유성구 방동,경상사고,0,0,1,0,차대차 - 추돌,안전운전불이행,건조,맑음,교차로 - 교차로부근,승용,여,43세,상해없음,승용,여,65세,경상
2021060400100148,2021년 6월 4일 09시,금요일,대전광역시 유성구 학하동,경상사고,0,0,1,0,차량단독 - 기타,안전운전불이행,건조,맑음,단일로 - 기타,승합,남,36세,상해없음,,,,
2021060400100212,2021년 6월 4일 11시,금요일,대전광역시 서구 가수원동,경상사고,0,0,1,0,차대차 - 추돌,안전운전불이행,건조,맑음,교차로 - 교차로부근,승용,여,28세,상해없음,승용,남,64세,경상
2021060400100213,2021년 6월 4일 11시,금요일,대전광역시 서구 도마동,경상사고,0,0,1,0,차대차 - 기타,안전운전불이행,건조,맑음,교차로 - 교차로안,승용,여,49세,기타불명,이륜,남,40세,경상
2021060400100214,2021년 6월 4일 11시,금요일,대전광역시 서구 둔산동,중상사고,0,1,0,0,차대사람 - 보도통행중,보행자보호의무위반,건조,맑음,교차로 - 교차로안,승용,남,62세,상해없음,보행자,여,21세,중상
2021060400100238,2021년 6월 4일 12시,금요일,대전광역시 중구 안영동,경상사고,0,0,2,0,차대차 - 추돌,안전운전불이행,건조,맑음,단일로 - 기타,승용,남,57세,상해없음,승용,여,67세,경상
2021060400100239,2021년 6월 4일 12시,금요일,대전광역시 대덕구 신탄진동,중상사고,0,1,0,0,차대차 - 측면충돌,안전운전불이행,건조,맑음,기타 - 기타,승용,여,47세,상해없음,자전거,남,51세,중상
2021060400100240,2021년 6월 4일 12시,금요일,대전광역시 유성구 도룡동,경상사고,0,0,1,0,차대차 - 기타,안전거리미확보,건조,맑음,기타 - 기타,이륜,남,58세,상해없음,승용,여,42세,경상
2021060400100325,2021년 6월 4일 14시,금요일,대전광역시 중구 옥계동,경상사고,0,0,2,1,차대차 - 추돌,안전거리미확보,건조,맑음,단일로 - 기타,승용,여,69세,부상신고,화물,남,41세,경상
2021060400100372,2021년 6월 4일 15시,금요일,대전광역시 중구 오류동,경상사고,0,0,1,0,차대차 - 기타,안전운전불이행,건조,맑음,교차로 - 교차로안,승용,남,80세,상해없음,자전거,남,25세,경상
2021060400100374,2021년 6월 4일 15시,금요일,대전광역시 유성구 봉산동,경상사고,0,0,1,0,차대차 - 측면충돌,안전운전불이행,건조,맑음,단일로 - 기타,승용,남,33세,기타불명,특수,남,68세,경상
2021060400100541,2021년 6월 4일 18시,금요일,대전광역시 대덕구 송촌동,경상사고,0,0,1,0,차대사람 - 보도통행중,기타,건조,맑음,기타 - 기타,승용,남,60세,상해없음,보행자,여,24세,경상
2021060400100542,2021년 6월 4일 18시,금요일,대전광역시 유성구 궁동,중상사고,0,1,0,0,차대차 - 기타,안전운전불이행,건조,맑음,단일로 - 기타,승용,남,64세,상해없음,이륜,남,19세,중상
2021060400100606,2021년 6월 4일 20시,금요일,대전광역시 동구 가오동,중상사고,0,1,0,0,차대차 - 정면충돌,안전운전불이행,건조,맑음,교차로 - 교차로안,승용,여,60세,상해없음,이륜,남,20세,중상
2021060400100634,2021년 6월 4일 21시,금요일,대전광역시 동구 성남동,경상사고,0,0,1,0,차대차 - 추돌,안전운전불이행,건조,맑음,교차로 - 교차로안,승용,여,61세,상해없음,승용,남,23세,경상
2021060400100635,2021년 6월 4일 21시,금요일,대전광역시 서구 월평동,경상사고,0,0,1,0,차대차 - 후진중충돌,안전운전불이행,건조,맑음,교차로 - 교차로횡단보도내,기타불명,기타불명,미분류,기타불명,자전거,남,14세,경상
2021060400100636,2021년 6월 4일 21시,금요일,대전광역시 유성구 하기동,경상사고,0,0,2,0,차대차 - 기타,안전운전불이행,건조,맑음,교차로 - 교차로안,승용,남,60세,상해없음,화물,남,57세,경상
2021060400100668,2021년 6월 4일 22시,금요일,대전광역시 서구 월평동,경상사고,0,0,4,0,차대차 - 측면충돌,기타,건조,맑음,단일로 - 기타,승용,남,22세,경상,승용,남,69세,상해없음
2021060400100690,2021년 6월 4일 23시,금요일,대전광역시 중구 대흥동,경상사고,0,0,1,0,차대차 - 기타,안전거리미확보,건조,맑음,단일로 - 기타,승용,남,39세,상해없음,승합,남,51세,경상
2021060400100691,2021년 6월 4일 23시,금요일,대전광역시 서구 괴정동,중상사고,0,1,1,0,차대차 - 기타,안전운전불이행,건조,맑음,교차로 - 교차로안,승용,남,26세,상해없음,이륜,남,47세,중상
2021060500100028,2021년 6월 5일 01시,토요일,대전광역시 서구 탄방동,경상사고,0,0,6,0,차대차 - 측면충돌,교차로운행방법위반,건조,맑음,교차로 - 교차로부근,승용,남,64세,상해없음,승합,남,39세,경상
2021060500100036,2021년 6월 5일 02시,토요일,대전광역시 서구 갈마동,경상사고,0,0,1,0,차대차 - 기타,안전운전불이행,건조,맑음,교차로 - 교차로부근,승용,여,40세,기타불명,승용,남,43세,경상
2021060500100043,2021년 6월 5일 03시,토요일,대전광역시 서구 둔산동,경상사고,0,0,1,0,차대사람 - 기타,안전운전불이행,건조,맑음,단일로 - 기타,승용,남,18세,상해없음,보행자,여,20세,경상
2021060500100089,2021년 6월 5일 08시,토요일,대전광역시 중구 태평동,경상사고,0,0,3,0,차대차 - 측면충돌,신호위반,건조,맑음,단일로 - 교량,화물,남,48세,상해없음,승용,남,63세,경상
2021060500100112,2021년 6월 5일 09시,토요일,대전광역시 동구 인동,경상사고,0,0,1,0,차대차 - 측면충돌,신호위반,건조,맑음,교차로 - 교차로안,승합,여,55세,상해없음,승용,여,42세,경상
2021060500100113,2021년 6월 5일 09시,토요일,대전광역시 서구 괴정동,경상사고,0,0,1,0,차대차 - 기타,안전운전불이행,건조,맑음,교차로 - 교차로안,승용,여,62세,상해없음,개인형이동수단(PM),여,51세,경상
2021060500100114,2021년 6월 5일 09시,토요일,대전광역시 서구 월평동,중상사고,0,1,0,0,차대차 - 기타,교차로운행방법위반,건조,맑음,교차로 - 교차로안,승용,남,57세,상해없음,이륜,남,63세,중상
2021060500100115,2021년 6월 5일 09시,토요일,대전광역시 유성구 용산동,중상사고,0,1,0,0,차대차 - 기타,신호위반,건조,맑음,교차로 - 교차로안,승용,여,49세,상해없음,이륜,남,42세,중상
2021060500100202,2021년 6월 5일 11시,토요일,대전광역시 중구 유천동,경상사고,0,0,1,0,차대차 - 측면충돌,안전운전불이행,건조,맑음,교차로 - 교차로안,승용,남,31세,상해없음,이륜,남,40세,경상
2021060500100203,2021년 6월 5일 11시,토요일,대전광역시 대덕구 법동,경상사고,0,0,1,0,차대차 - 기타,신호위반,건조,맑음,교차로 - 교차로안,승용,남,67세,상해없음,승용,남,74세,경상
2021060500100249,2021년 6월 5일 12시,토요일,대전광역시 중구 사정동,경상사고,0,0,1,0,차대차 - 기타,안전운전불이행,건조,맑음,단일로 - 기타,승용,남,66세,상해없음,승용,남,74세,상해없음
2021060500100250,2021년 6월 5일 12시,토요일,대전광역시 서구 괴정동,경상사고,0,0,2,0,차대차 - 추돌,안전운전불이행,건조,맑음,단일로 - 기타,승용,남,66세,상해없음,승용,여,26세,경상
2021060500100251,2021년 6월 5일 12시,토요일,대전광역시 서구 탄방동,경상사고,0,0,1,0,차대차 - 기타,안전운전불이행,건조,맑음,교차로 - 교차로안,승용,남,75세,상해없음,화물,남,41세,경상
2021060500100252,2021년 6월 5일 12시,토요일,대전광역시 유성구 장대동,경상사고,0,0,4,0,차대차 - 기타,안전운전불이행,건조,맑음,교차로 - 교차로부근,화물,남,66세,상해없음,승용,여,41세,경상
2021060500100253,2021년 6월 5일 12시,토요일,대전광역시 유성구 대정동,경상사고,0,0,2,0,차대차 - 측면충돌,안전운전불이행,건조,맑음,단일로 - 기타,화물,남,35세,상해없음,승용,여,37세,경상
2021060500100308,2021년 6월 5일 13시,토요일,대전광역시 중구 오류동,중상사고,0,1,0,0,차대차 - 측면충돌,신호위반,건조,맑음,교차로 - 교차로안,승용,여,29세,상해없음,이륜,남,40세,중상
2021060500100352,2021년 6월 5일 14시,토요일,대전광역시 서구 내동,경상사고,0,0,1,0,차대차 - 측면충돌,안전운전불이행,건조,맑음,교차로 - 교차로부근,이륜,남,22세,기타불명,승합,남,46세,경상
2021060500100353,2021년 6월 5일 14시,토요일,대전광역시 서구 변동,경상사고,0,0,1,0,차대차 - 기타,안전거리미확보,건조,맑음,단일로 - 기타,승용,남,34세,상해없음,이륜,남,24세,경상
2021060500100393,2021년 6월 5일 15시,토요일,대전광역시 중구 대흥동,경상사고,0,0,2,0,차대차 - 추돌,안전운전불이행,건조,맑음,단일로 - 기타,승용,남,29세,상해없음,승용,남,64세,경상
2021060500100593,2021년 6월 5일 22시,토요일,대전광역시 서구 둔산동,경상사고,0,0,1,0,차대사람 - 차도통행중,안전운전불이행,건조,맑음,단일로 - 기타,승용,남,47세,상해없음,보행자,남,27세,경상
2021060500100594,2021년 6월 5일 22시,토요일,대전광역시 유성구 궁동,경상사고,0,0,1,0,차대차 - 측면충돌,신호위반,건조,맑음,교차로 - 교차로부근,승용,남,32세,상해없음,이륜,남,21세,경상
2021060600100010,2021년 6월 6일 00시,일요일,대전광역시 서구 갈마동,경상사고,0,0,1,0,차대차 - 기타,안전운전불이행,건조,맑음,단일로 - 기타,승용,남,32세,상해없음,이륜,남,31세,경상
2021060600100026,2021년 6월 6일 02시,일요일,대전광역시 서구 도마동,경상사고,0,0,1,0,차대차 - 기타,안전운전불이행,건조,맑음,기타 - 기타,승용,남,25세,상해없음,자전거,남,23세,경상
2021060600100051,2021년 6월 6일 06시,일요일,대전광역시 서구 변동,경상사고,0,0,1,0,차대사람 - 기타,안전운전불이행,건조,맑음,교차로 - 교차로부근,승용,남,33세,상해없음,보행자,여,70세,경상
2021060600100099,2021년 6월 6일 10시,일요일,대전광역시 서구 용문동,경상사고,0,0,1,0,차대차 - 측면충돌,안전운전불이행,건조,맑음,교차로 - 교차로부근,승용,남,82세,상해없음,승용,여,66세,경상
2021060600100143,2021년 6월 6일 12시,일요일,대전광역시 중구 용두동,경상사고,0,0,1,0,차대차 - 측면충돌,안전운전불이행,건조,맑음,단일로 - 기타,원동기,남,18세,상해없음,승용,여,48세,경상
2021060600100144,2021년 6월 6일 12시,일요일,대전광역시 유성구 구암동,경상사고,0,0,1,0,차대차 - 추돌,안전거리미확보,건조,맑음,단일로 - 기타,승용,남,27세,상해없음,승용,남,48세,경상
2021060600100243,2021년 6월 6일 15시,일요일,대전광역시 서구 가수원동,경상사고,0,0,1,0,차대차 - 측면충돌,안전운전불이행,건조,맑음,단일로 - 기타,승용,남,29세,상해없음,승용,남,30세,경상
2021060600100279,2021년 6월 6일 16시,일요일,대전광역시 서구 둔산동,경상사고,0,0,1,0,차대차 - 기타,안전운전불이행,건조,맑음,단일로 - 기타,승용,여,40세,상해없음,승용,남,26세,경상
2021060600100280,2021년 6월 6일 16시,일요일,대전광역시 서구 갈마동,경상사고,0,0,1,1,차대차 - 기타,신호위반,건조,맑음,교차로 - 교차로부근,이륜,남,50세,부상신고,승용,여,56세,경상
2021060600100281,2021년 6월 6일 16시,일요일,대전광역시 유성구 관평동,경상사고,0,0,1,0,차대차 - 기타,안전운전불이행,건조,맑음,교차로 - 교차로안,승용,여,42세,상해없음,이륜,남,24세,경상
2021060600100320,2021년 6월 6일 17시,일요일,대전광역시 서구 관저동,중상사고,0,1,0,0,차대차 - 측면충돌,신호위반,건조,맑음,교차로 - 교차로안,승용,남,26세,상해없음,이륜,남,17세,중상
2021060600100372,2021년 6월 6일 19시,일요일,대전광역시 서구 괴정동,경상사고,0,0,1,0,차대차 - 측면충돌,안전운전불이행,건조,맑음,단일로 - 기타,이륜,남,31세,상해없음,승용,남,59세,경상
2021060600100398,2021년 6월 6일 20시,일요일,대전광역시 중구 용두동,경상사고,0,0,1,0,차대차 - 측면충돌,신호위반,건조,맑음,교차로 - 교차로안,이륜,남,27세,상해없음,승용,남,67세,경상
2021060600100399,2021년 6월 6일 20시,일요일,대전광역시 동구 용전동,경상사고,0,0,1,0,차대차 - 기타,안전운전불이행,건조,맑음,단일로 - 기타,승용,남,61세,상해없음,승용,남,53세,경상
2021060700100151,2021년 6월 7일 10시,월요일,대전광역시 서구 둔산동,중상사고,0,1,0,0,차대차 - 기타,신호위반,건조,맑음,교차로 - 교차로횡단보도내,승용,여,56세,상해없음,자전거,남,52세,중상
2021060700100152,2021년 6월 7일 10시,월요일,대전광역시 유성구 장대동,경상사고,0,0,1,0,차대사람 - 기타,안전운전불이행,건조,맑음,기타 - 기타,승용,여,56세,상해없음,보행자,여,39세,경상
2021060700100190,2021년 6월 7일 11시,월요일,대전광역시 서구 가장동,경상사고,0,0,2,0,차대차 - 측면충돌,안전운전불이행,건조,맑음,단일로 - 기타,승용,남,55세,경상,승용,여,22세,경상
2021060700100191,2021년 6월 7일 11시,월요일,대전광역시 유성구 원촌동,중상사고,0,1,0,0,차대차 - 기타,안전운전불이행,건조,맑음,단일로 - 기타,승용,여,45세,상해없음,이륜,남,35세,중상
2021060700100192,2021년 6월 7일 11시,월요일,대전광역시 유성구 궁동,경상사고,0,0,2,0,차대차 - 측면충돌,중앙선침범,건조,맑음,교차로 - 교차로부근,이륜,남,51세,경상,승용,여,51세,경상
2021060700100226,2021년 6월 7일 12시,월요일,대전광역시 서구 둔산동,중상사고,0,1,0,0,차대차 - 기타,교차로운행방법위반,건조,맑음,교차로 - 교차로안,승용,여,44세,상해없음,이륜,남,30세,중상
2021060700100261,2021년 6월 7일 13시,월요일,대전광역시 중구 석교동,경상사고,0,0,3,0,차대차 - 기타,안전운전불이행,건조,맑음,교차로 - 교차로안,승용,남,46세,경상,승용,남,67세,경상
2021060700100262,2021년 6월 7일 13시,월요일,대전광역시 유성구 노은동,경상사고,0,0,1,0,차대차 - 기타,안전운전불이행,건조,맑음,단일로 - 기타,승용,여,52세,상해없음,승용,여,38세,상해없음
2021060700100292,2021년 6월 7일 14시,월요일,대전광역시 유성구 봉명동,경상사고,0,0,1,0,차대차 - 기타,기타,건조,맑음,교차로 - 교차로부근,승용,남,65세,상해없음,화물,남,42세,상해없음
2021060700100334,2021년 6월 7일 15시,월요일,대전광역시 동구 성남동,경상사고,0,0,1,0,차대차 - 측면충돌,안전거리미확보,건조,맑음,단일로 - 기타,승용,남,59세,상해없음,이륜,남,56세,경상
2021060700100387,2021년 6월 7일 16시,월요일,대전광역시 서구 둔산동,경상사고,0,0,1,0,차대사람 - 횡단중,신호위반,건조,맑음,교차로 - 교차로안,승용,남,66세,상해없음,보행자,여,27세,경상
2021060700100435,2021년 6월 7일 17시,월요일,대전광역시 서구 월평동,경상사고,0,0,1,0,차대차 - 기타,차로위반,건조,맑음,단일로 - 기타,승용,남,72세,상해없음,승용,남,38세,경상
2021060700100491,2021년 6월 7일 18시,월요일,대전광역시 중구 산성동,경상사고,0,0,1,0,차대차 - 기타,교차로운행방법위반,건조,맑음,교차로 - 교차로안,승용,남,47세,상해없음,원동기,남,24세,경상
2021060700100492,2021년 6월 7일 18시,월요일,대전광역시 서구 복수동,경상사고,0,0,1,0,차대차 - 추돌,신호위반,건조,맑음,교차로 - 교차로안,기타불명,기타불명,미분류,기타불명,승용,여,39세,경상