사고번호,사고일시,요일,시군구,사고내용,사망자수,중상자수,경상자수,부상신고자수,사고유형,법규위반,노면상태,기상상태,도로형태,가해운전자 차종,가해운전자 성별,가해운전자 연령,가해운전자 상해정도,피해운전자 차종,피해운전자 성별,피해운전자 연령,피해운전자 상해정도
2021062100100618,2021년 6월 21일 21시,월요일,대전광역시 서구 월평동,경상사고,0,0,1,0,차대차 - 기타,신호위반,건조,맑음,교차로 - 교차로안,승용,남,38세,상해없음,승용,남,32세,경상
2021062200100066,2021년 6월 22일 07시,화요일,대전광역시 유성구 전민동,경상사고,0,0,1,0,차대차 - 추돌,안전거리미확보,건조,맑음,교차로 - 교차로부근,승용,남,25세,상해없음,승용,남,57세,경상
2021062200100111,2021년 6월 22일 08시,화요일,대전광역시 동구 성남동,중상사고,0,1,0,0,차량단독 - 기타,안전운전불이행,건조,맑음,단일로 - 지하차도(도로)내,이륜,남,73세,중상,,,,
2021062200100112,2021년 6월 22일 08시,화요일,대전광역시 동구 천동,중상사고,0,1,0,0,차대사람 - 횡단중,보행자보호의무위반,건조,맑음,교차로 - 교차로횡단보도내,승용,여,52세,상해없음,보행자,여,29세,중상
2021062200100113,2021년 6월 22일 08시,화요일,대전광역시 유성구 원내동,중상사고,0,1,0,0,차대사람 - 기타,기타,건조,맑음,단일로 - 기타,승합,남,59세,상해없음,보행자,여,53세,중상
2021062200100114,2021년 6월 22일 08시,화요일,대전광역시 서구 둔산동,경상사고,0,0,1,0,차대차 - 측면충돌,중앙선침범,건조,맑음,교차로 - 교차로안,승용,남,24세,상해없음,승용,남,66세,경상
2021062200100146,2021년 6월 22일 09시,화요일,대전광역시 중구 중촌동,중상사고,0,1,0,0,차대사람 - 기타,보행자보호의무위반,건조,맑음,단일로 - 기타,승용,남,41세,상해없음,보행자,여,65세,중상
2021062200100147,2021년 6월 22일 09시,화요일,대전광역시 동구 대성동,경상사고,0,0,1,0,차대차 - 측면충돌,안전거리미확보,건조,맑음,단일로 - 기타,승용,남,69세,상해없음,건설기계,남,57세,경상
2021062200100148,2021년 6월 22일 09시,화요일,대전광역시 동구 용운동,중상사고,0,1,0,0,차대사람 - 횡단중,안전운전불이행,건조,맑음,교차로 - 교차로부근,승합,남,26세,상해없음,보행자,여,83세,중상
2021062200100178,2021년 6월 22일 10시,화요일,대전광역시 중구 문화동,경상사고,0,0,1,0,차대차 - 측면충돌,안전운전불이행,건조,맑음,단일로 - 기타,승용,남,58세,상해없음,승용,남,53세,경상
2021062200100221,2021년 6월 22일 11시,화요일,대전광역시 유성구 봉명동,경상사고,0,0,1,0,차대차 - 측면충돌,차로위반,건조,맑음,기타 - 기타,승용,여,71세,상해없음,승용,여,64세,경상
2021062200100222,2021년 6월 22일 11시,화요일,대전광역시 유성구 구암동,중상사고,0,1,0,0,차대차 - 측면충돌,안전운전불이행,건조,맑음,교차로 - 교차로횡단보도내,승용,남,78세,상해없음,자전거,남,74세,중상
2021062200100321,2021년 6월 22일 14시,화요일,대전광역시 동구 대동,경상사고,0,0,1,0,차대차 - 측면충돌,안전운전불이행,건조,맑음,단일로 - 기타,화물,남,62세,상해없음,화물,남,38세,경상
2021062200100356,2021년 6월 22일 15시,화요일,대전광역시 동구 성남동,경상사고,0,0,2,0,차대차 - 측면충돌,안전운전불이행,건조,맑음,교차로 - 교차로안,승용,남,60세,상해없음,승용,남,62세,경상
2021062200100357,2021년 6월 22일 15시,화요일,대전광역시 대덕구 덕암동,중상사고,0,1,0,0,차대사람 - 횡단중,보행자보호의무위반,건조,맑음,교차로 - 교차로부근,화물,남,59세,상해없음,보행자,여,70세,중상
2021062200100358,2021년 6월 22일 15시,화요일,대전광역시 유성구 지족동,경상사고,0,0,1,0,차대차 - 측면충돌,차로위반,건조,맑음,교차로 - 교차로부근,승용,여,37세,기타불명,승용,여,61세,경상
2021062200100394,2021년 6월 22일 16시,화요일,대전광역시 중구 선화동,경상사고,0,0,1,0,차대차 - 측면충돌,교차로운행방법위반,건조,맑음,교차로 - 교차로안,승용,남,73세,상해없음,원동기,남,30세,경상
2021062200100466,2021년 6월 22일 18시,화요일,대전광역시 서구 둔산동,경상사고,0,0,1,0,차대사람 - 기타,안전운전불이행,건조,맑음,단일로 - 기타,승용,여,39세,상해없음,보행자,여,32세,경상
2021062200100490,2021년 6월 22일 19시,화요일,대전광역시 중구 문화동,경상사고,0,0,1,0,차대사람 - 횡단중,안전운전불이행,건조,맑음,단일로 - 기타,승용,여,46세,상해없음,보행자,남,63세,경상
2021062200100554,2021년 6월 22일 21시,화요일,대전광역시 동구 판암동,경상사고,0,0,1,0,차대사람 - 기타,안전운전불이행,건조,맑음,단일로 - 기타,승용,남,71세,상해없음,보행자,남,48세,경상
2021062200100581,2021년 6월 22일 23시,화요일,대전광역시 서구 관저동,경상사고,0,0,1,0,차대사람 - 횡단중,신호위반,건조,맑음,교차로 - 교차로부근,승용,남,31세,상해없음,보행자,남,52세,경상
2021062300100033,2021년 6월 23일 04시,수요일,대전광역시 유성구 용산동,중상사고,0,1,0,0,차대차 - 기타,안전운전불이행,건조,맑음,기타 - 기타,승용,여,50세,상해없음,자전거,남,65세,중상
2021062300100093,2021년 6월 23일 08시,수요일,대전광역시 동구 가양동,중상사고,0,2,5,0,차대차 - 기타,직진우회전진행방해,건조,맑음,교차로 - 교차로안,승용,남,49세,상해없음,승합,남,37세,상해없음
2021062300100094,2021년 6월 23일 08시,수요일,대전광역시 서구 갈마동,경상사고,0,0,1,0,차대사람 - 횡단중,안전운전불이행,건조,맑음,단일로 - 기타,승용,남,36세,상해없음,보행자,남,64세,경상
2021062300100147,2021년 6월 23일 10시,수요일,대전광역시 대덕구 읍내동,중상사고,0,1,0,0,차대차 - 기타,신호위반,건조,맑음,교차로 - 교차로안,화물,남,67세,상해없음,화물,남,54세,중상
2021062300100181,2021년 6월 23일 11시,수요일,대전광역시 서구 내동,중상사고,0,1,0,0,차대사람 - 횡단중,신호위반,건조,맑음,단일로 - 기타,승합,남,52세,상해없음,보행자,여,61세,중상
2021062300100207,2021년 6월 23일 12시,수요일,대전광역시 서구 정림동,경상사고,0,0,1,0,차대차 - 측면충돌,안전운전불이행,젖음/습기,비,교차로 - 교차로안,승용,남,65세,상해없음,승용,남,40세,경상
2021062300100296,2021년 6월 23일 15시,수요일,대전광역시 중구 선화동,경상사고,0,0,1,0,차대차 - 기타,교차로운행방법위반,젖음/습기,비,교차로 - 교차로안,승용,남,51세,상해없음,승용,여,52세,경상
2021062300100297,2021년 6월 23일 15시,수요일,대전광역시 유성구 장대동,경상사고,0,0,3,0,차대차 - 기타,안전거리미확보,건조,맑음,단일로 - 기타,화물,남,40세,상해없음,화물,남,30세,경상
2021062300100419,2021년 6월 23일 18시,수요일,대전광역시 중구 중촌동,경상사고,0,0,1,0,차량단독 - 기타,기타,건조,맑음,단일로 - 기타,승합,남,52세,기타불명,,,,
2021062300100420,2021년 6월 23일 18시,수요일,대전광역시 서구 월평동,경상사고,0,0,1,0,차대차 - 기타,안전운전불이행,건조,맑음,교차로 - 교차로안,승용,남,39세,상해없음,원동기,남,26세,경상
2021062300100475,2021년 6월 23일 20시,수요일,대전광역시 대덕구 비래동,경상사고,0,0,1,0,차량단독 - 기타,안전운전불이행,건조,맑음,교차로 - 교차로부근,승용,남,60세,상해없음,,,,
2021062300100543,2021년 6월 23일 22시,수요일,대전광역시 유성구 봉명동,경상사고,0,0,1,0,차대사람 - 횡단중,보행자보호의무위반,건조,맑음,교차로 - 교차로횡단보도내,승용,남,44세,상해없음,보행자,여,32세,경상
2021062400100019,2021년 6월 24일 01시,목요일,대전광역시 유성구 교촌동,중상사고,0,1,0,0,차대차 - 추돌,안전운전불이행,건조,맑음,단일로 - 기타,승용,여,41세,상해없음,개인형이동수단(PM),남,37세,중상
2021062400100025,2021년 6월 24일 02시,목요일,대전광역시 유성구 봉명동,경상사고,0,0,2,0,차대차 - 후진중충돌,안전운전불이행,건조,맑음,단일로 - 기타,승용,남,25세,상해없음,승용,여,23세,경상
2021062400100082,2021년 6월 24일 07시,목요일,대전광역시 동구 용전동,경상사고,0,0,1,0,차대차 - 측면충돌,안전운전불이행,건조,맑음,교차로 - 교차로안,승용,남,63세,상해없음,자전거,남,54세,경상
2021062400100124,2021년 6월 24일 08시,목요일,대전광역시 서구 탄방동,경상사고,0,0,2,0,차대차 - 추돌,안전운전불이행,건조,맑음,단일로 - 기타,승용,남,28세,상해없음,승용,남,67세,경상
2021062400100125,2021년 6월 24일 08시,목요일,대전광역시 유성구 둔곡동,중상사고,0,1,1,0,차대차 - 추돌,안전운전불이행,건조,맑음,단일로 - 기타,승용,여,44세,상해없음,승용,여,23세,경상
2021062400100126,2021년 6월 24일 08시,목요일,대전광역시 유성구 신성동,경상사고,0,0,1,0,차대사람 - 기타,보행자보호의무위반,건조,맑음,단일로 - 기타,승용,여,21세,상해없음,보행자,남,15세,경상
2021062400100299,2021년 6월 24일 13시,목요일,대전광역시 유성구 방동,경상사고,0,0,1,0,차대차 - 추돌,안전운전불이행,건조,맑음,교차로 - 교차로안,화물,남,27세,상해없음,승용,남,46세,경상
2021062400100334,2021년 6월 24일 14시,목요일,대전광역시 중구 사정동,중상사고,0,1,0,0,차대차 - 정면충돌,중앙선침범,건조,맑음,교차로 - 교차로부근,승합,남,39세,상해없음,승용,남,73세,중상
2021062400100381,2021년 6월 24일 15시,목요일,대전광역시 동구 신흥동,중상사고,0,1,1,0,차대차 - 기타,안전거리미확보,건조,맑음,교차로 - 교차로부근,승용,남,51세,상해없음,화물,여,64세,중상
2021062400100461,2021년 6월 24일 17시,목요일,대전광역시 유성구 관평동,경상사고,0,0,1,0,차대차 - 기타,안전운전불이행,건조,맑음,단일로 - 기타,화물,남,60세,상해없음,승용,남,31세,경상
2021062400100510,2021년 6월 24일 18시,목요일,대전광역시 중구 안영동,경상사고,0,0,2,0,차대차 - 기타,안전거리미확보,건조,맑음,단일로 - 기타,승용,여,55세,상해없음,승용,남,55세,경상
2021062400100511,2021년 6월 24일 18시,목요일,대전광역시 유성구 봉명동,경상사고,0,0,1,0,차대차 - 측면충돌,안전운전불이행,건조,맑음,교차로 - 교차로부근,화물,남,45세,상해없음,이륜,남,20세,경상
2021062400100512,2021년 6월 24일 18시,목요일,대전광역시 유성구 지족동,경상사고,0,0,1,0,차대차 - 정면충돌,중앙선침범,건조,맑음,단일로 - 기타,승용,여,46세,상해없음,이륜,남,25세,경상
2021062400100552,2021년 6월 24일 19시,목요일,대전광역시 대덕구 중리동,경상사고,0,0,1,0,차대차 - 측면충돌,안전운전불이행,건조,맑음,교차로 - 교차로안,승용,남,57세,상해없음,승용,여,52세,경상
2021062400100586,2021년 6월 24일 20시,목요일,대전광역시 서구 월평동,경상사고,0,0,1,0,차대차 - 기타,안전운전불이행,건조,맑음,교차로 - 교차로안,건설기계,남,64세,상해없음,승용,남,25세,경상
2021062400100609,2021년 6월 24일 21시,목요일,대전광역시 중구 유천동,경상사고,0,0,2,0,차대차 - 기타,안전거리미확보,건조,맑음,교차로 - 교차로안,승용,여,49세,상해없음,승용,남,23세,경상
2021062400100647,2021년 6월 24일 22시,목요일,대전광역시 서구 둔산동,경상사고,0,0,1,0,차대차 - 기타,안전운전불이행,건조,맑음,교차로 - 교차로안,승용,남,68세,상해없음,이륜,남,21세,경상
2021062500100045,2021년 6월 25일 06시,금요일,대전광역시 중구 유천동,중상사고,0,1,0,0,차대차 - 기타,신호위반,건조,맑음,단일로 - 기타,화물,남,62세,상해없음,승용,여,51세,중상
2021062500100046,2021년 6월 25일 06시,금요일,대전광역시 대덕구 문평동,중상사고,0,1,0,0,차대차 - 기타,신호위반,건조,맑음,교차로 - 교차로안,이륜,남,19세,중상,승용,남,68세,상해없음
2021062500100072,2021년 6월 25일 07시,금요일,대전광역시 유성구 반석동,경상사고,0,0,1,0,차량단독 - 기타,기타,건조,맑음,단일로 - 기타,승합,남,45세,상해없음,,,,
2021062500100111,2021년 6월 25일 08시,금요일,대전광역시 대덕구 석봉동,중상사고,0,1,0,0,차대차 - 기타,신호위반,건조,맑음,교차로 - 교차로안,승용,남,27세,상해없음,승용,여,50세,중상
2021062500100113,2021년 6월 25일 08시,금요일,대전광역시 서구 월평동,경상사고,0,0,1,0,차대차 - 후진중충돌,안전운전불이행,건조,맑음,교차로 - 교차로부근,화물,남,69세,상해없음,승용,여,45세,경상
2021062500100114,2021년 6월 25일 08시,금요일,대전광역시 서구 둔산동,경상사고,0,0,1,0,차대사람 - 기타,안전운전불이행,건조,맑음,교차로 - 교차로부근,승용,남,64세,상해없음,보행자,여,13세,경상
2021062500100158,2021년 6월 25일 09시,금요일,대전광역시 동구 삼성동,중상사고,0,1,0,0,차대사람 - 차도통행중,안전운전불이행,건조,맑음,단일로 - 기타,승용,남,32세,상해없음,보행자,여,75세,중상
2021062500100188,2021년 6월 25일 10시,금요일,대전광역시 중구 유천동,중상사고,0,1,0,0,차대사람 - 기타,보행자보호의무위반,건조,맑음,교차로 - 교차로안,화물,남,52세,상해없음,보행자,남,63세,중상
2021062500100216,2021년 6월 25일 11시,금요일,대전광역시 유성구 복용동,경상사고,0,0,1,0,차대차 - 기타,신호위반,건조,맑음,교차로 - 교차로안,승용,남,51세,상해없음,승용,남,59세,경상
2021062500100287,2021년 6월 25일 13시,금요일,대전광역시 대덕구 오정동,경상사고,0,0,1,0,차대차 - 기타,안전거리미확보,건조,맑음,단일로 - 기타,승용,남,24세,상해없음,승용,남,51세,경상
2021062500100377,2021년 6월 25일 15시,금요일,대전광역시 중구 사정동,경상사고,0,0,1,0,차대차 - 측면충돌,신호위반,건조,맑음,교차로 - 교차로안,승용,남,59세,상해없음,승용,여,54세,경상
2021062500100424,2021년 6월 25일 16시,금요일,대전광역시 동구 정동,경상사고,0,0,4,0,차대차 - 측면충돌,안전운전불이행,건조,맑음,단일로 - 기타,승용,남,72세,상해없음,승용,남,29세,경상
2021062500100425,2021년 6월 25일 16시,금요일,대전광역시 동구 대동,경상사고,0,0,1,0,차대차 - 측면충돌,불법유턴,건조,맑음,교차로 - 교차로부근,자전거,남,77세,기타불명,승용,여,41세,경상
2021062500100426,2021년 6월 25일 16시,금요일,대전광역시 대덕구 와동,중상사고,0,1,0,0,차량단독 - 공작물충돌,안전운전불이행,건조,맑음,단일로 - 고가도로위,이륜,남,42세,중상,,,,
2021062500100427,2021년 6월 25일 16시,금요일,대전광역시 유성구 어은동,경상사고,0,0,1,0,차대차 - 기타,안전운전불이행,건조,맑음,교차로 - 교차로안,화물,남,62세,상해없음,승용,여,60세,경상
2021062500100428,2021년 6월 25일 16시,금요일,대전광역시 유성구 신봉동,중상사고,0,1,1,0,차대차 - 측면충돌,안전운전불이행,건조,맑음,교차로 - 교차로안,승용,남,40세,중상,승용,남,30세,경상
2021062500100482,2021년 6월 25일 17시,금요일,대전광역시 유성구 궁동,경상사고,0,0,1,0,차대차 - 기타,안전운전불이행,건조,맑음,단일로 - 기타,승용,여,49세,상해없음,화물,남,68세,경상
2021062500100543,2021년 6월 25일 18시,금요일,대전광역시 중구 목동,경상사고,0,0,1,0,차대차 - 측면충돌,안전거리미확보,건조,맑음,단일로 - 기타,승용,남,62세,상해없음,이륜,남,32세,경상
2021062500100544,2021년 6월 25일 18시,금요일,대전광역시 대덕구 중리동,경상사고,0,0,1,0,차대차 - 기타,안전운전불이행,건조,맑음,단일로 - 기타,승용,여,50세,상해없음,이륜,남,38세,경상
2021062500100545,2021년 6월 25일 18시,금요일,대전광역시 서구 둔산동,경상사고,0,0,1,0,차대차 - 추돌,안전운전불이행,건조,맑음,교차로 - 교차로부근,승용,남,66세,상해없음,특수,남,51세,경상
2021062500100579,2021년 6월 25일 19시,금요일,대전광역시 중구 대흥동,경상사고,0,0,1,0,차량단독 - 기타,안전운전불이행,젖음/습기,비,기타 - 기타,승합,남,57세,상해없음,,,,
2021062500100609,2021년 6월 25일 20시,금요일,대전광역시 동구 가양동,경상사고,0,0,1,0,차대차 - 측면충돌,안전운전불이행,젖음/습기,비,교차로 - 교차로안,승용,여,57세,기타불명,승용,남,59세,경상
2021062500100610,2021년 6월 25일 20시,금요일,대전광역시 서구 가수원동,중상사고,0,1,0,0,차대사람 - 횡단중,안전운전불이행,건조,맑음,교차로 - 교차로부근,화물,남,52세,상해없음,보행자,여,39세,중상
2021062500100611,2021년 6월 25일 20시,금요일,대전광역시 서구 관저동,경상사고,0,0,1,0,차대차 - 측면충돌,신호위반,건조,맑음,단일로 - 기타,승용,남,27세,상해없음,화물,남,62세,경상
2021062500100612,2021년 6월 25일 20시,금요일,대전광역시 유성구 방동,경상사고,0,0,2,0,차대차 - 측면충돌,안전운전불이행,건조,맑음,단일로 - 기타,승용,남,46세,상해없음,승용,여,32세,경상
2021062500100649,2021년 6월 25일 21시,금요일,대전광역시 서구 둔산동,경상사고,0,0,2,0,차대차 - 정면충돌,중앙선침범,젖음/습기,비,단일로 - 기타,승용,남,38세,상해없음,승용,남,65세,경상
2021062500100679,2021년 6월 25일 22시,금요일,대전광역시 중구 유천동,경상사고,0,0,3,0,차대차 - 정면충돌,중앙선침범,젖음/습기,비,교차로 - 교차로부근,승용,남,60세,상해없음,승용,남,43세,경상
2021062600100023,2021년 6월 26일 00시,토요일,대전광역시 동구 성남동,경상사고,0,0,5,0,차대차 - 추돌,안전운전불이행,젖음/습기,비,교차로 - 교차로부근,승용,여,62세,상해없음,승용,남,59세,경상
2021062600100024,2021년 6월 26일 00시,토요일,대전광역시 서구 갈마동,중상사고,0,1,0,0,차대차 - 추돌,안전운전불이행,젖음/습기,비,단일로 - 지하차도(도로)내,승용,남,26세,상해없음,이륜,남,49세,중상
2021062600100025,2021년 6월 26일 00시,토요일,대전광역시 유성구 방동,경상사고,0,0,1,0,차대차 - 기타,안전운전불이행,젖음/습기,비,단일로 - 기타,화물,남,45세,기타불명,승용,여,43세,경상
2021062600100043,2021년 6월 26일 01시,토요일,대전광역시 서구 탄방동,경상사고,0,0,1,0,차대차 - 기타,안전운전불이행,젖음/습기,비,단일로 - 기타,승용,여,52세,기타불명,화물,남,36세,경상
2021062600100054,2021년 6월 26일 02시,토요일,대전광역시 서구 만년동,경상사고,0,0,1,0,차대차 - 기타,중앙선침범,젖음/습기,비,단일로 - 기타,승용,남,28세,상해없음,승용,남,43세,경상
2021062600100061,2021년 6월 26일 03시,토요일,대전광역시 중구 용두동,중상사고,0,1,0,0,차량단독 - 전도전복 - 전도,안전운전불이행,젖음/습기,비,단일로 - 기타,이륜,남,29세,상해없음,,,,
2021062600100062,2021년 6월 26일 03시,토요일,대전광역시 대덕구 대화동,부상신고사고,0,0,0,1,차량단독 - 공작물충돌,안전운전불이행,젖음/습기,비,단일로 - 기타,승용,남,34세,부상신고,,,,
2021062600100063,2021년 6월 26일 03시,토요일,대전광역시 유성구 궁동,경상사고,0,0,1,0,차대차 - 측면충돌,불법유턴,젖음/습기,비,단일로 - 기타,승용,남,27세,상해없음,승용,남,64세,경상
2021062600100089,2021년 6월 26일 07시,토요일,대전광역시 유성구 교촌동,경상사고,0,0,1,0,차대차 - 추돌,안전운전불이행,젖음/습기,비,교차로 - 교차로부근,화물,남,53세,상해없음,화물,남,60세,경상
2021062600100105,2021년 6월 26일 08시,토요일,대전광역시 서구 둔산동,경상사고,0,0,1,0,차대차 - 후진중충돌,안전운전불이행,젖음/습기,흐림,교차로 - 교차로부근,승용,남,52세,기타불명,승용,남,28세,경상
2021062600100106,2021년 6월 26일 08시,토요일,대전광역시 유성구 용계동,경상사고,0,0,1,0,차대차 - 측면충돌,안전운전불이행,젖음/습기,비,단일로 - 기타,승용,남,63세,기타불명,승용,남,40세,경상
2021062600100136,2021년 6월 26일 09시,토요일,대전광역시 중구 산성동,경상사고,0,0,1,0,차대사람 - 기타,안전운전불이행,건조,맑음,단일로 - 기타,승용,기타불명,미분류,기타불명,보행자,여,70세,경상
2021062600100247,2021년 6월 26일 12시,토요일,대전광역시 중구 석교동,경상사고,0,0,3,0,차대차 - 기타,안전운전불이행,건조,맑음,교차로 - 교차로안,화물,남,63세,상해없음,승용,남,58세,경상
2021062600100248,2021년 6월 26일 12시,토요일,대전광역시 유성구 도룡동,중상사고,0,1,0,0,차대차 - 측면충돌,차로위반,건조,맑음,기타 - 기타,화물,남,46세,상해없음,승용,남,37세,중상
2021062600100287,2021년 6월 26일 13시,토요일,대전광역시 서구 복수동,경상사고,0,0,1,0,차대차 - 추돌,안전거리미확보,건조,맑음,기타 - 기타,승용,남,64세,상해없음,승용,남,24세,경상
2021062600100323,2021년 6월 26일 14시,토요일,대전광역시 대덕구 신탄진동,경상사고,0,0,1,0,차대차 - 측면충돌,안전운전불이행,건조,맑음,단일로 - 기타,승용,여,60세,상해없음,특수,남,52세,경상
2021062600100359,2021년 6월 26일 15시,토요일,대전광역시 서구 용문동,경상사고,0,0,1,0,차대차 - 측면충돌,안전거리미확보,건조,맑음,단일로 - 기타,승용,남,44세,상해없음,승용,남,46세,경상
2021062600100421,2021년 6월 26일 17시,토요일,대전광역시 서구 월평동,경상사고,0,0,1,0,차대사람 - 기타,보행자보호의무위반,건조,맑음,교차로 - 교차로횡단보도내,승용,여,42세,상해없음,보행자,여,41세,경상
2021062600100422,2021년 6월 26일 17시,토요일,대전광역시 서구 월평동,경상사고,0,0,2,0,차대차 - 기타,안전운전불이행,건조,맑음,단일로 - 기타,승용,여,29세,경상,승용,여,28세,경상
2021062600100502,2021년 6월 26일 19시,토요일,대전광역시 대덕구 중리동,경상사고,0,0,1,0,차대차 - 기타,안전운전불이행,건조,맑음,교차로 - 교차로안,자전거,남,55세,경상,승용,남,43세,상해없음
2021062600100535,2021년 6월 26일 20시,토요일,대전광역시 중구 용두동,경상사고,0,0,1,0,차대사람 - 횡단중,보행자보호의무위반,건조,맑음,교차로 - 교차로안,승용,여,59세,상해없음,보행자,여,25세,경상
2021062600100536,2021년 6월 26일 20시,토요일,대전광역시 중구 산성동,경상사고,0,0,2,0,차대차 - 기타,안전운전불이행,건조,맑음,기타 - 기타,승용,남,54세,상해없음,승용,남,27세,경상
2021062600100537,2021년 6월 26일 20시,토요일,대전광역시 대덕구 석봉동,경상사고,0,0,2,0,차대차 - 추돌,안전운전불이행,건조,맑음,교차로 - 교차로부근,승용,남,44세,상해없음,승용,남,52세,경상
2021062600100566,2021년 6월 26일 21시,토요일,대전광역시 동구 자양동,중상사고,0,1,0,0,차대차 - 기타,안전운전불이행,건조,맑음,교차로 - 교차로부근,승용,남,23세,상해없음,이륜,남,35세,중상
2021062600100567,2021년 6월 26일 21시,토요일,대전광역시 대덕구 오정동,경상사고,0,0,2,0,차대차 - 추돌,안전운전불이행,건조,맑음,단일로 - 기타,승용,남,53세,상해없음,승용,여,40세,경상
2021062600100568,2021년 6월 26일 21시,토요일,대전광역시 서구 탄방동,중상사고,0,1,0,0,차대사람 - 횡단중,안전운전불이행,건조,맑음,단일로 - 기타,이륜,남,24세,상해없음,보행자,여,58세,중상
2021062700100019,2021년 6월 27일 00시,일요일,대전광역시 동구 가양동,중상사고,0,1,0,0,차대차 - 추돌,기타,건조,맑음,단일로 - 기타,승용,남,23세,상해없음,이륜,남,19세,중상
2021062700100040,2021년 6월 27일 01시,일요일,대전광역시 유성구 송강동,경상사고,0,0,3,0,차대차 - 기타,안전거리미확보,건조,맑음,기타 - 기타,승용,남,34세,상해없음,승용,남,73세,상해없음
2021062700100044,2021년 6월 27일 02시,일요일,대전광역시 중구 유천동,경상사고,0,0,1,0,차대사람 - 기타,안전운전불이행,건조,맑음,기타 - 기타,승용,남,23세,상해없음,보행자,남,20세,경상
2021062700100045,2021년 6월 27일 02시,일요일,대전광역시 동구 성남동,중상사고,0,1,0,0,차대차 - 후진중충돌,안전거리미확보,건조,맑음,단일로 - 기타,승용,남,33세,기타불명,이륜,남,42세,중상
2021062700100161,2021년 6월 27일 11시,일요일,대전광역시 유성구 원신흥동,경상사고,0,0,1,0,차대차 - 기타,안전운전불이행,건조,맑음,교차로 - 교차로안,승용,남,28세,상해없음,승합,남,48세,경상
2021062700100191,2021년 6월 27일 12시,일요일,대전광역시 서구 도마동,중상사고,0,1,0,0,차대사람 - 기타,안전운전불이행,건조,맑음,교차로 - 교차로안,승용,남,39세,상해없음,보행자,남,79세,중상
2021062700100257,2021년 6월 27일 14시,일요일,대전광역시 유성구 구암동,경상사고,0,0,1,0,차대차 - 기타,안전운전불이행,건조,맑음,단일로 - 기타,화물,남,22세,상해없음,승용,남,69세,경상
2021062700100313,2021년 6월 27일 16시,일요일,대전광역시 대덕구 비래동,경상사고,0,0,4,0,차대차 - 추돌,안전거리미확보,건조,맑음,단일로 - 기타,승용,남,39세,경상,승용,여,34세,경상
2021062700100348,2021년 6월 27일 17시,일요일,대전광역시 중구 안영동,중상사고,0,1,0,0,차량단독 - 기타,안전운전불이행,건조,맑음,단일로 - 기타,원동기,남,30세,상해없음,,,,
2021062700100349,2021년 6월 27일 17시,일요일,대전광역시 대덕구 목상동,경상사고,0,0,2,0,차대차 - 측면충돌,신호위반,건조,맑음,교차로 - 교차로부근,승용,여,47세,상해없음,화물,남,64세,경상
2021062700100350,2021년 6월 27일 17시,일요일,대전광역시 유성구 장대동,경상사고,0,0,1,0,차대차 - 측면충돌,차로위반,건조,맑음,단일로 - 기타,승용,남,22세,상해없음,승용,남,37세,상해없음
2021062700100351,2021년 6월 27일 17시,일요일,대전광역시 유성구 상대동,경상사고,0,0,1,0,차대차 - 측면충돌,안전운전불이행,건조,맑음,단일로 - 기타,개인형이동수단(PM),남,16세,상해없음,자전거,여,9세,경상
2021062700100417,2021년 6월 27일 19시,일요일,대전광역시 유성구 노은동,경상사고,0,0,4,0,차대차 - 추돌,안전운전불이행,젖음/습기,비,교차로 - 교차로부근,승용,남,31세,상해없음,승용,남,39세,경상
2021062700100489,2021년 6월 27일 22시,일요일,대전광역시 중구 중촌동,중상사고,0,1,0,0,차대차 - 기타,신호위반,건조,맑음,교차로 - 교차로횡단보도내,이륜,남,21세,기타불명,자전거,남,21세,중상
2021062700100490,2021년 6월 27일 22시,일요일,대전광역시 동구 소제동,경상사고,0,0,1,0,차대차 - 기타,안전거리미확보,건조,맑음,교차로 - 교차로안,승용,남,52세,상해없음,승용,남,21세,경상
2021062700100491,2021년 6월 27일 22시,일요일,대전광역시 서구 가장동,경상사고,0,0,1,0,차대차 - 추돌,안전운전불이행,건조,맑음,단일로 - 기타,승용,남,22세,상해없음,이륜,남,48세,경상
2021062800100117,2021년 6월 28일 08시,월요일,대전광역시 중구 대흥동,부상신고사고,0,0,0,1,차대차 - 기타,안전운전불이행,건조,맑음,기타 - 기타,자전거,남,61세,부상신고,기타불명,여,65세,상해없음
2021062800100118,2021년 6월 28일 08시,월요일,대전광역시 대덕구 신탄진동,경상사고,0,0,1,0,차대차 - 추돌,안전거리미확보,건조,맑음,교차로 - 교차로안,화물,남,27세,상해없음,승용,남,69세,경상
2021062800100152,2021년 6월 28일 09시,월요일,대전광역시 중구 선화동,경상사고,0,0,1,0,차대차 - 추돌,안전거리미확보,건조,맑음,단일로 - 기타,이륜,남,78세,상해없음,승용,남,30세,경상
2021062800100153,2021년 6월 28일 09시,월요일,대전광역시 유성구 노은동,경상사고,0,0,1,0,차대차 - 측면충돌,신호위반,건조,맑음,단일로 - 기타,승용,여,54세,상해없음,특수,남,60세,경상