사고번호,사고일시,요일,시군구,사고내용,사망자수,중상자수,경상자수,부상신고자수,사고유형,법규위반,노면상태,기상상태,도로형태,가해운전자 차종,가해운전자 성별,가해운전자 연령,가해운전자 상해정도,피해운전자 차종,피해운전자 성별,피해운전자 연령,피해운전자 상해정도
2021062800100226,2021년 6월 28일 11시,월요일,대전광역시 유성구 봉산동,경상사고,0,0,1,0,차대차 - 기타,안전운전불이행,건조,맑음,단일로 - 기타,승합,남,62세,상해없음,자전거,남,49세,경상
2021062800100303,2021년 6월 28일 13시,월요일,대전광역시 유성구 봉명동,경상사고,0,0,1,0,차대사람 - 기타,기타,건조,맑음,단일로 - 기타,자전거,남,60세,상해없음,보행자,여,41세,경상
2021062800100342,2021년 6월 28일 14시,월요일,대전광역시 대덕구 오정동,경상사고,0,0,1,0,차대차 - 기타,교차로운행방법위반,건조,맑음,교차로 - 교차로안,승용,여,71세,상해없음,승용,남,44세,경상
2021062800100381,2021년 6월 28일 15시,월요일,대전광역시 동구 원동,경상사고,0,0,2,0,차대차 - 측면충돌,안전운전불이행,건조,맑음,교차로 - 교차로안,승용,여,34세,경상,승용,남,25세,경상
2021062800100382,2021년 6월 28일 15시,월요일,대전광역시 서구 갈마동,중상사고,0,2,0,0,차대차 - 측면충돌,안전운전불이행,건조,맑음,교차로 - 교차로안,승용,남,39세,상해없음,이륜,남,42세,중상
2021062800100431,2021년 6월 28일 16시,월요일,대전광역시 유성구 용산동,경상사고,0,0,2,0,차대차 - 측면충돌,신호위반,건조,맑음,교차로 - 교차로안,승용,여,29세,경상,화물,남,30세,경상
2021062800100480,2021년 6월 28일 17시,월요일,대전광역시 동구 대동,경상사고,0,0,1,0,차대차 - 후진중충돌,안전운전불이행,건조,맑음,교차로 - 교차로부근,승용,여,36세,상해없음,자전거,남,82세,경상
2021062800100481,2021년 6월 28일 17시,월요일,대전광역시 대덕구 송촌동,경상사고,0,0,1,0,차대차 - 추돌,안전운전불이행,건조,맑음,교차로 - 교차로부근,승용,남,80세,상해없음,승용,여,55세,경상
2021062800100525,2021년 6월 28일 18시,월요일,대전광역시 동구 용전동,경상사고,0,0,2,0,차대차 - 측면충돌,불법유턴,건조,맑음,교차로 - 교차로안,승용,여,53세,상해없음,승용,여,34세,경상
2021062800100526,2021년 6월 28일 18시,월요일,대전광역시 동구 가양동,경상사고,0,0,1,0,차대사람 - 횡단중,안전운전불이행,건조,맑음,교차로 - 교차로안,화물,남,53세,상해없음,보행자,남,39세,경상
2021062800100527,2021년 6월 28일 18시,월요일,대전광역시 대덕구 중리동,경상사고,0,0,1,0,차대사람 - 차도통행중,안전운전불이행,건조,맑음,단일로 - 기타,승용,여,49세,기타불명,보행자,여,30세,경상
2021062800100566,2021년 6월 28일 19시,월요일,대전광역시 유성구 장대동,중상사고,0,1,0,0,차대차 - 측면충돌,신호위반,건조,맑음,교차로 - 교차로안,승용,남,45세,기타불명,승용,여,53세,중상
2021062800100617,2021년 6월 28일 21시,월요일,대전광역시 동구 가양동,경상사고,0,0,1,0,차대사람 - 횡단중,안전운전불이행,건조,맑음,단일로 - 기타,승용,여,61세,상해없음,보행자,여,59세,경상
2021062800100619,2021년 6월 28일 21시,월요일,대전광역시 유성구 송강동,경상사고,0,0,1,0,차대차 - 측면충돌,안전거리미확보,건조,맑음,교차로 - 교차로부근,승합,남,56세,상해없음,승합,남,64세,상해없음
2021062900100014,2021년 6월 29일 01시,화요일,대전광역시 유성구 봉명동,중상사고,0,1,0,0,차대차 - 기타,안전운전불이행,건조,맑음,단일로 - 기타,이륜,남,43세,중상,승용,남,54세,상해없음
2021062900100070,2021년 6월 29일 07시,화요일,대전광역시 서구 둔산동,중상사고,0,1,0,0,차대차 - 측면충돌,신호위반,건조,맑음,교차로 - 교차로횡단보도내,승용,여,28세,상해없음,자전거,여,66세,중상
2021062900100071,2021년 6월 29일 07시,화요일,대전광역시 유성구 가정동,경상사고,0,0,1,0,차대차 - 기타,안전거리미확보,건조,맑음,단일로 - 기타,승용,남,65세,상해없음,승용,남,50세,경상
2021062900100109,2021년 6월 29일 08시,화요일,대전광역시 서구 괴정동,경상사고,0,0,1,0,차대사람 - 횡단중,신호위반,건조,맑음,교차로 - 교차로횡단보도내,승용,여,51세,상해없음,보행자,여,13세,경상
2021062900100110,2021년 6월 29일 08시,화요일,대전광역시 유성구 장대동,경상사고,0,0,2,0,차대차 - 측면충돌,안전운전불이행,건조,맑음,교차로 - 교차로안,승용,남,52세,상해없음,승용,남,40세,경상
2021062900100138,2021년 6월 29일 09시,화요일,대전광역시 서구 갈마동,경상사고,0,0,1,0,차대차 - 측면충돌,안전운전불이행,건조,맑음,교차로 - 교차로안,승용,남,64세,상해없음,승용,여,47세,경상
2021062900100236,2021년 6월 29일 12시,화요일,대전광역시 서구 둔산동,사망사고,1,0,0,0,차대사람 - 길가장자리구역통행중,안전운전불이행,건조,맑음,단일로 - 기타,승용,여,75세,상해없음,보행자,여,81세,사망
2021062900100237,2021년 6월 29일 12시,화요일,대전광역시 서구 월평동,경상사고,0,0,2,0,차대차 - 추돌,안전운전불이행,건조,맑음,단일로 - 기타,승용,남,50세,상해없음,승용,남,65세,경상
2021062900100262,2021년 6월 29일 13시,화요일,대전광역시 서구 월평동,경상사고,0,0,1,0,차대차 - 측면충돌,안전운전불이행,건조,맑음,교차로 - 교차로부근,승용,여,49세,상해없음,승용,남,57세,경상
2021062900100263,2021년 6월 29일 13시,화요일,대전광역시 유성구 가정동,경상사고,0,0,2,0,차대차 - 기타,신호위반,건조,맑음,단일로 - 기타,승용,여,50세,상해없음,승용,남,36세,경상
2021062900100315,2021년 6월 29일 14시,화요일,대전광역시 대덕구 중리동,경상사고,0,0,3,0,차대차 - 추돌,안전운전불이행,건조,맑음,교차로 - 교차로부근,화물,남,38세,상해없음,화물,남,45세,경상
2021062900100316,2021년 6월 29일 14시,화요일,대전광역시 유성구 방동,경상사고,0,0,2,0,차대차 - 측면충돌,안전운전불이행,젖음/습기,비,단일로 - 기타,승용,남,76세,기타불명,승용,여,50세,경상
2021062900100357,2021년 6월 29일 15시,화요일,대전광역시 중구 유천동,경상사고,0,0,1,0,차대차 - 측면충돌,안전거리미확보,건조,맑음,교차로 - 교차로안,승용,남,61세,상해없음,이륜,남,39세,경상
2021062900100358,2021년 6월 29일 15시,화요일,대전광역시 서구 복수동,경상사고,0,0,1,0,차대차 - 기타,안전운전불이행,젖음/습기,비,교차로 - 교차로안,기타불명,기타불명,미분류,기타불명,이륜,남,47세,경상
2021062900100405,2021년 6월 29일 16시,화요일,대전광역시 서구 둔산동,경상사고,0,0,1,0,차대차 - 추돌,안전운전불이행,건조,맑음,교차로 - 교차로부근,승용,여,34세,상해없음,승용,남,30세,경상
2021062900100406,2021년 6월 29일 16시,화요일,대전광역시 유성구 봉명동,경상사고,0,0,3,0,차대차 - 기타,안전운전불이행,건조,맑음,교차로 - 교차로안,이륜,남,29세,경상,승용,여,49세,경상
2021062900100461,2021년 6월 29일 17시,화요일,대전광역시 대덕구 법동,경상사고,0,0,1,0,차대사람 - 기타,안전운전불이행,건조,맑음,교차로 - 교차로부근,자전거,여,50세,상해없음,보행자,여,73세,경상
2021062900100521,2021년 6월 29일 18시,화요일,대전광역시 서구 탄방동,경상사고,0,0,1,0,차대차 - 기타,안전운전불이행,건조,맑음,교차로 - 교차로안,승합,남,55세,상해없음,승용,여,59세,경상
2021062900100522,2021년 6월 29일 18시,화요일,대전광역시 유성구 원내동,중상사고,0,3,5,0,차대차 - 기타,안전운전불이행,건조,맑음,단일로 - 기타,승용,남,54세,상해없음,승합,남,42세,경상
2021062900100556,2021년 6월 29일 19시,화요일,대전광역시 서구 갈마동,중상사고,0,1,0,0,차대차 - 측면충돌,안전운전불이행,젖음/습기,비,교차로 - 교차로부근,승용,남,55세,상해없음,개인형이동수단(PM),남,46세,중상
2021062900100581,2021년 6월 29일 20시,화요일,대전광역시 중구 유천동,부상신고사고,0,0,0,1,차대차 - 기타,불법유턴,건조,맑음,단일로 - 기타,자전거,여,23세,부상신고,승용,여,47세,상해없음
2021062900100610,2021년 6월 29일 21시,화요일,대전광역시 대덕구 오정동,경상사고,0,0,1,0,차대차 - 추돌,기타,기타,기타,단일로 - 교량,승용,남,42세,상해없음,승용,남,36세,경상
2021062900100611,2021년 6월 29일 21시,화요일,대전광역시 유성구 봉명동,경상사고,0,0,1,0,차대사람 - 기타,안전운전불이행,건조,맑음,단일로 - 기타,승용,여,27세,상해없음,보행자,남,34세,경상
2021062900100646,2021년 6월 29일 23시,화요일,대전광역시 중구 태평동,경상사고,0,0,1,0,차대차 - 추돌,안전운전불이행,건조,맑음,단일로 - 교량,승용,남,52세,상해없음,승용,남,39세,상해없음
2021062900100647,2021년 6월 29일 23시,화요일,대전광역시 동구 신흥동,경상사고,0,0,1,0,차대차 - 기타,안전거리미확보,건조,맑음,교차로 - 교차로부근,승용,남,25세,상해없음,승용,남,37세,경상
2021062900100648,2021년 6월 29일 23시,화요일,대전광역시 대덕구 문평동,중상사고,0,1,0,0,차대차 - 측면충돌,신호위반,건조,맑음,교차로 - 교차로안,승용,남,41세,상해없음,승용,남,41세,중상
2021063000100033,2021년 6월 30일 04시,수요일,대전광역시 유성구 궁동,경상사고,0,0,1,0,차대차 - 추돌,안전운전불이행,건조,맑음,단일로 - 기타,승용,여,23세,상해없음,승용,남,48세,경상
2021063000100070,2021년 6월 30일 07시,수요일,대전광역시 서구 도마동,중상사고,0,1,0,0,차대차 - 기타,안전거리미확보,건조,맑음,단일로 - 기타,승용,여,32세,상해없음,승용,여,55세,중상
2021063000100110,2021년 6월 30일 08시,수요일,대전광역시 동구 성남동,경상사고,0,0,3,0,차대차 - 추돌,안전운전불이행,건조,맑음,교차로 - 교차로부근,승용,여,56세,상해없음,승용,남,30세,경상
2021063000100111,2021년 6월 30일 08시,수요일,대전광역시 유성구 장대동,경상사고,0,0,2,0,차대차 - 측면충돌,교차로운행방법위반,건조,맑음,교차로 - 교차로부근,자전거,남,31세,경상,승용,여,58세,경상
2021063000100143,2021년 6월 30일 09시,수요일,대전광역시 서구 도마동,경상사고,0,0,1,0,차대차 - 측면충돌,신호위반,건조,맑음,교차로 - 교차로안,승용,여,38세,상해없음,승합,남,47세,경상
2021063000100144,2021년 6월 30일 09시,수요일,대전광역시 서구 정림동,경상사고,0,0,1,0,차대차 - 측면충돌,안전거리미확보,건조,맑음,단일로 - 기타,승용,남,43세,상해없음,승용,여,44세,경상
2021063000100145,2021년 6월 30일 09시,수요일,대전광역시 대덕구 문평동,경상사고,0,0,1,0,차대차 - 추돌,차로위반,건조,맑음,단일로 - 기타,화물,남,27세,상해없음,화물,남,67세,경상
2021063000100176,2021년 6월 30일 10시,수요일,대전광역시 동구 판암동,중상사고,0,1,0,0,차대사람 - 보도통행중,보행자보호의무위반,건조,맑음,교차로 - 교차로횡단보도내,승용,여,35세,상해없음,보행자,여,71세,중상
2021063000100177,2021년 6월 30일 10시,수요일,대전광역시 대덕구 중리동,중상사고,0,1,2,0,차대차 - 측면충돌,신호위반,건조,맑음,교차로 - 교차로안,승합,남,68세,상해없음,승용,여,53세,중상
2021063000100287,2021년 6월 30일 13시,수요일,대전광역시 서구 가수원동,경상사고,0,0,1,0,차대차 - 측면충돌,안전운전불이행,건조,맑음,단일로 - 기타,승용,남,41세,상해없음,이륜,남,23세,경상
2021063000100326,2021년 6월 30일 14시,수요일,대전광역시 서구 월평동,중상사고,0,1,0,0,차대차 - 기타,안전운전불이행,건조,맑음,교차로 - 교차로안,승용,남,62세,상해없음,이륜,남,43세,중상
2021063000100458,2021년 6월 30일 17시,수요일,대전광역시 중구 문화동,중상사고,0,1,1,0,차대차 - 추돌,안전거리미확보,건조,맑음,단일로 - 기타,승용,여,70세,상해없음,승용,여,56세,경상
2021063000100459,2021년 6월 30일 17시,수요일,대전광역시 대덕구 신대동,중상사고,0,1,1,0,차대차 - 추돌,안전운전불이행,건조,맑음,단일로 - 기타,승용,남,60세,상해없음,화물,남,43세,중상
2021063000100508,2021년 6월 30일 18시,수요일,대전광역시 대덕구 상서동,경상사고,0,0,2,1,차대차 - 기타,안전거리미확보,건조,맑음,단일로 - 기타,승용,여,28세,경상,승용,남,22세,경상
2021063000100535,2021년 6월 30일 19시,수요일,대전광역시 동구 천동,경상사고,0,0,2,0,차대차 - 측면충돌,안전운전불이행,젖음/습기,비,교차로 - 교차로안,승용,남,73세,상해없음,승합,남,43세,경상
2021063000100536,2021년 6월 30일 19시,수요일,대전광역시 서구 가수원동,중상사고,0,1,0,0,차대차 - 기타,직진우회전진행방해,건조,맑음,교차로 - 교차로안,승용,여,43세,상해없음,이륜,남,32세,중상
2021063000100570,2021년 6월 30일 20시,수요일,대전광역시 대덕구 와동,경상사고,0,0,3,0,차대차 - 추돌,안전운전불이행,젖음/습기,비,교차로 - 교차로부근,승용,남,65세,상해없음,승용,남,56세,경상
2021063000100591,2021년 6월 30일 21시,수요일,대전광역시 동구 용전동,중상사고,0,1,5,0,차대차 - 측면충돌,신호위반,건조,맑음,교차로 - 교차로안,승용,여,21세,상해없음,승용,남,58세,경상
2021063000100617,2021년 6월 30일 22시,수요일,대전광역시 중구 대흥동,경상사고,0,0,2,0,차대차 - 추돌,안전운전불이행,건조,맑음,교차로 - 교차로부근,승용,남,66세,상해없음,승용,여,31세,경상
2021063000100618,2021년 6월 30일 22시,수요일,대전광역시 유성구 도룡동,경상사고,0,0,1,0,차대차 - 추돌,안전운전불이행,건조,맑음,기타 - 기타,승용,남,26세,상해없음,승용,남,62세,경상
2021070100100115,2021년 7월 1일 08시,목요일,대전광역시 서구 갈마동,경상사고,0,0,2,0,차대차 - 측면충돌,중앙선침범,건조,맑음,교차로 - 교차로부근,승용,여,49세,상해없음,승용,여,41세,경상
2021070100100146,2021년 7월 1일 09시,목요일,대전광역시 서구 월평동,경상사고,0,0,2,0,차대차 - 측면충돌,안전거리미확보,건조,맑음,단일로 - 기타,화물,남,49세,상해없음,승용,남,21세,경상
2021070100100147,2021년 7월 1일 09시,목요일,대전광역시 서구 만년동,중상사고,0,1,4,0,차대차 - 기타,안전거리미확보,건조,맑음,단일로 - 기타,승용,여,49세,상해없음,승용,남,51세,경상
2021070100100176,2021년 7월 1일 10시,목요일,대전광역시 동구 판암동,중상사고,0,1,2,0,차대차 - 추돌,안전운전불이행,건조,맑음,단일로 - 기타,승용,남,61세,상해없음,승합,남,62세,경상
2021070100100210,2021년 7월 1일 11시,목요일,대전광역시 중구 선화동,경상사고,0,0,1,0,차대차 - 기타,신호위반,건조,맑음,교차로 - 교차로부근,승용,남,35세,상해없음,승합,남,44세,경상
2021070100100211,2021년 7월 1일 11시,목요일,대전광역시 동구 소제동,중상사고,0,1,0,0,차대차 - 측면충돌,신호위반,건조,맑음,단일로 - 기타,화물,남,45세,상해없음,자전거,남,71세,중상
2021070100100212,2021년 7월 1일 11시,목요일,대전광역시 동구 가양동,중상사고,0,1,0,0,차대차 - 기타,안전운전불이행,건조,맑음,단일로 - 기타,개인형이동수단(PM),남,17세,중상,승용,여,49세,상해없음
2021070100100213,2021년 7월 1일 11시,목요일,대전광역시 대덕구 오정동,경상사고,0,0,1,0,차대차 - 측면충돌,안전거리미확보,건조,맑음,단일로 - 교량,승용,여,71세,기타불명,승용,여,57세,경상
2021070100100214,2021년 7월 1일 11시,목요일,대전광역시 유성구 도룡동,중상사고,0,1,0,0,차대사람 - 기타,보행자보호의무위반,건조,맑음,단일로 - 기타,승용,여,34세,상해없음,보행자,여,68세,중상
2021070100100241,2021년 7월 1일 12시,목요일,대전광역시 서구 흑석동,경상사고,0,0,1,0,차대차 - 정면충돌,신호위반,건조,맑음,교차로 - 교차로안,승용,여,23세,상해없음,화물,남,63세,경상
2021070100100284,2021년 7월 1일 13시,목요일,대전광역시 동구 용전동,경상사고,0,0,1,0,차대차 - 기타,안전거리미확보,건조,맑음,단일로 - 기타,승용,여,49세,상해없음,이륜,남,32세,경상
2021070100100318,2021년 7월 1일 14시,목요일,대전광역시 서구 도마동,경상사고,0,0,1,0,차대차 - 기타,직진우회전진행방해,건조,맑음,교차로 - 교차로안,승용,여,32세,상해없음,승용,여,59세,경상
2021070100100319,2021년 7월 1일 14시,목요일,대전광역시 서구 탄방동,경상사고,0,0,3,0,차대차 - 기타,교차로운행방법위반,건조,맑음,교차로 - 교차로안,승용,여,45세,경상,승용,남,74세,경상
2021070100100320,2021년 7월 1일 14시,목요일,대전광역시 유성구 도룡동,경상사고,0,0,2,0,차대차 - 기타,교차로운행방법위반,건조,맑음,교차로 - 교차로안,승용,남,43세,상해없음,승용,남,36세,경상
2021070100100435,2021년 7월 1일 17시,목요일,대전광역시 대덕구 비래동,경상사고,0,0,1,0,차대차 - 기타,기타,건조,맑음,단일로 - 기타,승용,여,56세,상해없음,이륜,남,61세,경상
2021070100100436,2021년 7월 1일 17시,목요일,대전광역시 대덕구 오정동,경상사고,0,0,1,0,차대차 - 기타,신호위반,건조,맑음,단일로 - 기타,승용,남,58세,상해없음,승용,남,29세,경상
2021070100100437,2021년 7월 1일 17시,목요일,대전광역시 유성구 신성동,경상사고,0,0,1,0,차대차 - 기타,안전운전불이행,건조,맑음,단일로 - 기타,승용,여,52세,상해없음,자전거,남,59세,경상
2021070100100495,2021년 7월 1일 18시,목요일,대전광역시 동구 성남동,경상사고,0,0,1,0,차대차 - 기타,신호위반,건조,맑음,교차로 - 교차로안,승용,남,63세,상해없음,승용,남,28세,경상
2021070100100496,2021년 7월 1일 18시,목요일,대전광역시 대덕구 신일동,중상사고,0,2,1,0,차대차 - 추돌,안전거리미확보,건조,맑음,단일로 - 기타,승용,남,20세,상해없음,승용,여,42세,중상
2021070100100497,2021년 7월 1일 18시,목요일,대전광역시 유성구 관평동,경상사고,0,0,1,0,차대차 - 측면충돌,차로위반,건조,맑음,기타 - 기타,이륜,남,19세,상해없음,승용,여,35세,경상
2021070100100564,2021년 7월 1일 20시,목요일,대전광역시 서구 복수동,경상사고,0,0,1,0,차대차 - 추돌,안전운전불이행,건조,맑음,교차로 - 교차로안,승합,남,70세,상해없음,승합,남,58세,경상
2021070100100593,2021년 7월 1일 21시,목요일,대전광역시 서구 가수원동,경상사고,0,0,1,0,차대차 - 기타,안전운전불이행,건조,맑음,교차로 - 교차로부근,승용,남,40세,상해없음,원동기,남,46세,경상
2021070100100616,2021년 7월 1일 22시,목요일,대전광역시 유성구 궁동,경상사고,0,0,3,0,차대차 - 추돌,안전운전불이행,건조,맑음,교차로 - 교차로부근,승용,남,43세,상해없음,승용,남,55세,경상
2021070200100012,2021년 7월 2일 00시,금요일,대전광역시 유성구 지족동,경상사고,0,0,3,0,차대차 - 추돌,안전운전불이행,건조,맑음,단일로 - 기타,승용,남,47세,상해없음,승용,여,58세,경상
2021070200100070,2021년 7월 2일 07시,금요일,대전광역시 중구 중촌동,경상사고,0,0,1,0,차대차 - 추돌,안전운전불이행,건조,맑음,단일로 - 기타,원동기,남,58세,상해없음,원동기,남,40세,경상
2021070200100071,2021년 7월 2일 07시,금요일,대전광역시 서구 월평동,경상사고,0,0,2,0,차대차 - 추돌,안전운전불이행,건조,맑음,단일로 - 기타,승용,남,32세,상해없음,승용,남,48세,경상
2021070200100072,2021년 7월 2일 07시,금요일,대전광역시 서구 탄방동,경상사고,0,0,1,0,차대차 - 추돌,안전운전불이행,건조,맑음,단일로 - 기타,승용,남,64세,상해없음,승용,여,53세,경상
2021070200100113,2021년 7월 2일 08시,금요일,대전광역시 대덕구 송촌동,경상사고,0,0,4,0,차대차 - 측면충돌,신호위반,건조,맑음,교차로 - 교차로안,승용,남,68세,상해없음,승합,남,56세,경상
2021070200100114,2021년 7월 2일 08시,금요일,대전광역시 서구 월평동,경상사고,0,0,2,0,차대차 - 추돌,안전운전불이행,건조,맑음,단일로 - 기타,승용,여,41세,상해없음,승용,여,52세,경상
2021070200100148,2021년 7월 2일 09시,금요일,대전광역시 동구 용운동,중상사고,0,1,0,0,차대차 - 추돌,직진우회전진행방해,건조,맑음,교차로 - 교차로안,승용,여,37세,상해없음,승용,남,74세,중상
2021070200100187,2021년 7월 2일 11시,금요일,대전광역시 대덕구 법동,경상사고,0,0,1,0,차대차 - 측면충돌,안전운전불이행,건조,맑음,단일로 - 기타,화물,남,80세,상해없음,승용,남,36세,경상
2021070200100210,2021년 7월 2일 11시,금요일,대전광역시 서구 도마동,경상사고,0,0,1,0,차량단독 - 기타,기타,건조,맑음,단일로 - 기타,승합,여,55세,상해없음,,,,
2021070200100239,2021년 7월 2일 12시,금요일,대전광역시 중구 태평동,경상사고,0,0,1,0,차대차 - 기타,안전운전불이행,건조,맑음,교차로 - 교차로부근,사륜오토바이(ATV),남,81세,상해없음,승용,여,61세,경상
2021070200100240,2021년 7월 2일 12시,금요일,대전광역시 서구 복수동,경상사고,0,0,1,0,차대차 - 기타,신호위반,건조,맑음,교차로 - 교차로안,승용,남,50세,상해없음,이륜,남,30세,경상
2021070200100280,2021년 7월 2일 13시,금요일,대전광역시 유성구 구암동,경상사고,0,0,1,0,차대차 - 측면충돌,안전거리미확보,건조,맑음,기타 - 기타,승용,남,54세,상해없음,승용,남,33세,경상
2021070200100281,2021년 7월 2일 13시,금요일,대전광역시 유성구 궁동,중상사고,0,1,1,0,차대차 - 추돌,안전운전불이행,건조,맑음,단일로 - 기타,승용,남,23세,상해없음,승용,남,64세,경상
2021070200100407,2021년 7월 2일 16시,금요일,대전광역시 중구 부사동,경상사고,0,0,1,0,차대사람 - 길가장자리구역통행중,안전운전불이행,건조,맑음,단일로 - 기타,승합,남,43세,상해없음,보행자,여,87세,경상
2021070200100408,2021년 7월 2일 16시,금요일,대전광역시 동구 용전동,경상사고,0,0,1,0,차대차 - 측면충돌,안전거리미확보,건조,맑음,교차로 - 교차로부근,승용,남,72세,상해없음,승합,남,66세,경상
2021070200100409,2021년 7월 2일 16시,금요일,대전광역시 서구 월평동,경상사고,0,0,1,0,차대사람 - 기타,불법유턴,건조,맑음,단일로 - 기타,승용,남,55세,상해없음,보행자,남,26세,경상
2021070200100461,2021년 7월 2일 17시,금요일,대전광역시 유성구 원내동,부상신고사고,0,0,0,1,차대차 - 측면충돌,안전거리미확보,건조,맑음,기타 - 기타,승용,여,55세,상해없음,화물,남,67세,부상신고
2021070200100462,2021년 7월 2일 17시,금요일,대전광역시 유성구 원신흥동,경상사고,0,0,1,0,차대차 - 기타,안전운전불이행,건조,맑음,기타 - 기타,승용,여,39세,상해없음,승용,여,30세,경상
2021070200100530,2021년 7월 2일 18시,금요일,대전광역시 대덕구 비래동,경상사고,0,0,1,0,차대차 - 기타,교차로운행방법위반,건조,맑음,교차로 - 교차로안,승용,여,51세,상해없음,승합,남,51세,상해없음
2021070200100531,2021년 7월 2일 18시,금요일,대전광역시 서구 갈마동,경상사고,0,0,1,1,차대차 - 기타,안전운전불이행,건조,맑음,단일로 - 기타,승용,남,33세,상해없음,승용,남,45세,부상신고
2021070200100585,2021년 7월 2일 19시,금요일,대전광역시 중구 선화동,중상사고,0,1,0,0,차대차 - 기타,신호위반,건조,맑음,교차로 - 교차로안,승용,남,28세,상해없음,이륜,남,51세,중상
2021070200100586,2021년 7월 2일 19시,금요일,대전광역시 대덕구 신일동,중상사고,0,1,0,0,차대차 - 측면충돌,불법유턴,건조,맑음,교차로 - 교차로부근,특수,남,31세,상해없음,이륜,남,19세,중상
2021070200100587,2021년 7월 2일 19시,금요일,대전광역시 유성구 학하동,경상사고,0,0,1,0,차대차 - 측면충돌,신호위반,건조,맑음,교차로 - 교차로안,승용,여,34세,상해없음,승용,여,38세,경상
2021070200100588,2021년 7월 2일 19시,금요일,대전광역시 유성구 도룡동,경상사고,0,0,1,0,차대차 - 기타,안전운전불이행,건조,맑음,단일로 - 기타,승용,여,44세,상해없음,승용,남,36세,경상
2021070200100634,2021년 7월 2일 20시,금요일,대전광역시 서구 도마동,경상사고,0,0,1,0,차대차 - 측면충돌,신호위반,건조,맑음,교차로 - 교차로안,승용,여,21세,상해없음,승용,여,25세,경상
2021070200100635,2021년 7월 2일 20시,금요일,대전광역시 대덕구 읍내동,중상사고,0,1,0,0,차대차 - 측면충돌,중앙선침범,건조,맑음,단일로 - 기타,특수,남,54세,상해없음,이륜,남,42세,중상
2021070200100636,2021년 7월 2일 20시,금요일,대전광역시 유성구 반석동,경상사고,0,0,1,0,차대차 - 기타,안전운전불이행,건조,맑음,교차로 - 교차로부근,이륜,남,49세,경상,승용,남,23세,상해없음
2021070200100669,2021년 7월 2일 21시,금요일,대전광역시 동구 소제동,경상사고,0,0,1,0,차대차 - 측면충돌,신호위반,건조,맑음,단일로 - 기타,승합,남,57세,상해없음,승용,여,29세,경상
2021070200100670,2021년 7월 2일 21시,금요일,대전광역시 서구 가수원동,중상사고,0,1,0,0,차대차 - 기타,신호위반,건조,맑음,교차로 - 교차로안,승용,남,32세,상해없음,승용,여,49세,중상
2021070200100671,2021년 7월 2일 21시,금요일,대전광역시 유성구 관평동,사망사고,1,2,0,0,차대사람 - 횡단중,기타,건조,맑음,교차로 - 교차로안,승용,남,37세,중상,보행자,남,51세,사망
2021070200100704,2021년 7월 2일 22시,금요일,대전광역시 서구 둔산동,경상사고,0,0,1,0,차대차 - 기타,안전운전불이행,건조,맑음,단일로 - 기타,승용,남,57세,상해없음,이륜,남,23세,경상
2021070200100737,2021년 7월 2일 23시,금요일,대전광역시 중구 태평동,중상사고,0,2,0,0,차대차 - 기타,기타,건조,맑음,단일로 - 기타,이륜,남,26세,중상,승용,남,59세,중상
2021070300100088,2021년 7월 3일 08시,토요일,대전광역시 서구 갈마동,경상사고,0,0,1,0,차대사람 - 기타,보행자보호의무위반,건조,맑음,교차로 - 교차로횡단보도내,승용,남,69세,기타불명,보행자,여,55세,경상
2021070300100114,2021년 7월 3일 09시,토요일,대전광역시 중구 중촌동,경상사고,0,0,1,0,차대차 - 추돌,안전거리미확보,건조,맑음,단일로 - 기타,승용,남,44세,상해없음,승용,여,49세,경상
2021070300100132,2021년 7월 3일 10시,토요일,대전광역시 중구 안영동,경상사고,0,0,2,0,차대차 - 측면충돌,차로위반,건조,맑음,교차로 - 교차로부근,건설기계,남,59세,상해없음,이륜,남,70세,경상
2021070300100221,2021년 7월 3일 12시,토요일,대전광역시 동구 자양동,경상사고,0,0,3,0,차대차 - 기타,안전운전불이행,건조,맑음,단일로 - 기타,승용,남,38세,상해없음,승용,남,38세,경상
2021070300100257,2021년 7월 3일 13시,토요일,대전광역시 중구 오류동,중상사고,0,1,2,0,차대차 - 기타,안전운전불이행,건조,맑음,교차로 - 교차로안,승용,여,63세,기타불명,승용,남,47세,중상
2021070300100258,2021년 7월 3일 13시,토요일,대전광역시 서구 도안동,중상사고,0,1,2,0,차대사람 - 횡단중,보행자보호의무위반,젖음/습기,비,교차로 - 교차로횡단보도내,승용,여,42세,상해없음,보행자,여,30세,중상
2021070300100259,2021년 7월 3일 13시,토요일,대전광역시 대덕구 읍내동,경상사고,0,0,1,0,차대차 - 기타,안전운전불이행,건조,흐림,교차로 - 교차로부근,승용,남,39세,상해없음,자전거,남,66세,경상
2021070300100300,2021년 7월 3일 14시,토요일,대전광역시 동구 가양동,경상사고,0,0,1,0,차대사람 - 기타,신호위반,건조,맑음,단일로 - 기타,승용,남,52세,상해없음,보행자,여,28세,경상
2021070300100335,2021년 7월 3일 15시,토요일,대전광역시 유성구 장대동,경상사고,0,0,1,0,차대차 - 추돌,안전운전불이행,젖음/습기,비,단일로 - 기타,이륜,남,29세,상해없음,승용,남,64세,경상