사고번호,사고일시,요일,시군구,사고내용,사망자수,중상자수,경상자수,부상신고자수,사고유형,법규위반,노면상태,기상상태,도로형태,가해운전자 차종,가해운전자 성별,가해운전자 연령,가해운전자 상해정도,피해운전자 차종,피해운전자 성별,피해운전자 연령,피해운전자 상해정도
2021070300100370,2021년 7월 3일 16시,토요일,대전광역시 동구 용전동,중상사고,0,1,0,0,차량단독 - 기타,기타,젖음/습기,비,기타 - 기타,승합,남,51세,상해없음,,,,
2021070300100449,2021년 7월 3일 18시,토요일,대전광역시 중구 산성동,경상사고,0,0,1,0,차대차 - 기타,직진우회전진행방해,젖음/습기,비,교차로 - 교차로안,이륜,남,49세,경상,승용,남,34세,상해없음
2021070300100450,2021년 7월 3일 18시,토요일,대전광역시 대덕구 상서동,중상사고,0,1,0,0,차대차 - 기타,불법유턴,젖음/습기,비,단일로 - 기타,승용,남,27세,상해없음,이륜,남,51세,중상
2021070300100451,2021년 7월 3일 18시,토요일,대전광역시 유성구 용산동,경상사고,0,0,3,0,차대차 - 추돌,안전운전불이행,젖음/습기,비,단일로 - 기타,화물,남,39세,상해없음,승용,남,31세,경상
2021070300100504,2021년 7월 3일 19시,토요일,대전광역시 서구 도안동,경상사고,0,0,1,0,차대차 - 기타,안전운전불이행,젖음/습기,비,교차로 - 교차로부근,승용,남,48세,상해없음,이륜,남,20세,경상
2021070300100505,2021년 7월 3일 19시,토요일,대전광역시 서구 탄방동,중상사고,0,1,0,0,차대차 - 기타,안전거리미확보,젖음/습기,비,단일로 - 기타,화물,남,62세,상해없음,화물,남,46세,중상
2021070300100506,2021년 7월 3일 19시,토요일,대전광역시 서구 둔산동,경상사고,0,0,1,0,차대사람 - 횡단중,보행자보호의무위반,젖음/습기,비,교차로 - 교차로횡단보도내,승용,남,50세,상해없음,보행자,남,27세,경상
2021070300100549,2021년 7월 3일 20시,토요일,대전광역시 중구 대흥동,부상신고사고,0,0,0,1,차량단독 - 전도전복 - 전도,안전운전불이행,젖음/습기,비,단일로 - 기타,원동기,남,38세,부상신고,,,,
2021070300100550,2021년 7월 3일 20시,토요일,대전광역시 동구 자양동,경상사고,0,0,1,0,차대사람 - 횡단중,신호위반,젖음/습기,비,교차로 - 교차로안,이륜,남,20세,상해없음,보행자,남,24세,경상
2021070300100551,2021년 7월 3일 20시,토요일,대전광역시 유성구 신성동,중상사고,0,1,0,0,차대차 - 측면충돌,신호위반,젖음/습기,비,교차로 - 교차로안,승용,남,33세,상해없음,원동기,남,37세,중상
2021070300100593,2021년 7월 3일 21시,토요일,대전광역시 유성구 봉명동,경상사고,0,0,2,0,차대차 - 측면충돌,신호위반,젖음/습기,비,교차로 - 교차로안,승용,남,38세,상해없음,승용,여,61세,경상
2021070300100635,2021년 7월 3일 22시,토요일,대전광역시 유성구 장대동,경상사고,0,0,1,0,차대차 - 측면충돌,신호위반,젖음/습기,비,교차로 - 교차로안,승용,남,27세,상해없음,승용,남,60세,상해없음
2021070300100665,2021년 7월 3일 23시,토요일,대전광역시 대덕구 중리동,경상사고,0,0,1,0,차대사람 - 횡단중,보행자보호의무위반,젖음/습기,비,교차로 - 교차로횡단보도내,승용,남,18세,상해없음,보행자,남,59세,경상
2021070300100666,2021년 7월 3일 23시,토요일,대전광역시 서구 둔산동,경상사고,0,0,2,0,차대차 - 추돌,안전거리미확보,젖음/습기,비,단일로 - 지하차도(도로)내,승용,남,37세,상해없음,승용,남,63세,경상
2021070400100024,2021년 7월 4일 00시,일요일,대전광역시 중구 중촌동,사망사고,1,1,0,0,차대사람 - 횡단중,기타,젖음/습기,비,교차로 - 교차로안,승용,남,50세,상해없음,보행자,여,69세,사망
2021070400100025,2021년 7월 4일 00시,일요일,대전광역시 서구 갈마동,경상사고,0,0,1,0,차대차 - 측면충돌,안전운전불이행,건조,맑음,교차로 - 교차로안,승용,남,33세,상해없음,승용,남,53세,경상
2021070400100026,2021년 7월 4일 00시,일요일,대전광역시 서구 월평동,중상사고,0,1,1,0,차대차 - 정면충돌,신호위반,젖음/습기,비,교차로 - 교차로안,승용,남,29세,상해없음,승용,남,39세,경상
2021070400100043,2021년 7월 4일 01시,일요일,대전광역시 중구 오류동,중상사고,0,1,2,1,차대차 - 추돌,안전운전불이행,젖음/습기,비,단일로 - 기타,승용,여,47세,부상신고,승용,남,56세,중상
2021070400100059,2021년 7월 4일 02시,일요일,대전광역시 중구 중촌동,경상사고,0,0,1,0,차대차 - 기타,중앙선침범,젖음/습기,비,단일로 - 기타,승용,남,31세,경상,승용,남,58세,상해없음
2021070400100063,2021년 7월 4일 03시,일요일,대전광역시 서구 둔산동,중상사고,0,1,0,0,차대차 - 측면충돌,안전운전불이행,젖음/습기,비,교차로 - 교차로안,승용,남,47세,상해없음,이륜,남,39세,중상
2021070400100103,2021년 7월 4일 09시,일요일,대전광역시 중구 부사동,경상사고,0,0,1,0,차대차 - 측면충돌,기타,젖음/습기,비,교차로 - 교차로횡단보도내,승용,남,37세,상해없음,자전거,남,10세,경상
2021070400100104,2021년 7월 4일 09시,일요일,대전광역시 대덕구 신탄진동,경상사고,0,0,1,0,차대차 - 기타,안전운전불이행,건조,맑음,교차로 - 교차로안,이륜,남,81세,경상,승용,여,47세,상해없음
2021070400100117,2021년 7월 4일 10시,일요일,대전광역시 서구 월평동,경상사고,0,0,2,0,차대차 - 기타,안전운전불이행,건조,맑음,교차로 - 교차로안,원동기,남,18세,기타불명,승용,남,64세,경상
2021070400100156,2021년 7월 4일 12시,일요일,대전광역시 유성구 봉명동,경상사고,0,0,1,0,차대차 - 기타,교차로운행방법위반,젖음/습기,비,교차로 - 교차로안,이륜,남,30세,경상,승합,남,27세,상해없음
2021070400100196,2021년 7월 4일 13시,일요일,대전광역시 서구 탄방동,경상사고,0,0,1,0,차대차 - 기타,안전운전불이행,젖음/습기,비,교차로 - 교차로부근,승용,남,27세,상해없음,원동기,남,52세,경상
2021070400100219,2021년 7월 4일 14시,일요일,대전광역시 서구 도마동,경상사고,0,0,1,0,차대차 - 측면충돌,교차로운행방법위반,건조,맑음,단일로 - 기타,승용,남,49세,상해없음,이륜,남,41세,경상
2021070400100220,2021년 7월 4일 14시,일요일,대전광역시 서구 관저동,경상사고,0,0,1,0,차대차 - 추돌,안전운전불이행,건조,맑음,단일로 - 기타,화물,남,50세,상해없음,승합,남,58세,경상
2021070400100260,2021년 7월 4일 15시,일요일,대전광역시 중구 오류동,경상사고,0,0,1,0,차대차 - 측면충돌,안전운전불이행,건조,맑음,단일로 - 기타,승용,남,72세,기타불명,화물,남,49세,경상
2021070400100261,2021년 7월 4일 15시,일요일,대전광역시 서구 둔산동,경상사고,0,0,1,0,차대차 - 기타,안전운전불이행,건조,맑음,교차로 - 교차로안,이륜,여,39세,상해없음,이륜,남,29세,경상
2021070400100349,2021년 7월 4일 18시,일요일,대전광역시 동구 용전동,경상사고,0,0,1,0,차대차 - 추돌,안전운전불이행,건조,맑음,교차로 - 교차로안,승용,남,42세,상해없음,원동기,남,33세,경상
2021070400100350,2021년 7월 4일 18시,일요일,대전광역시 유성구 지족동,중상사고,0,1,0,0,차대차 - 기타,중앙선침범,건조,맑음,교차로 - 교차로부근,승용,여,56세,상해없음,이륜,남,23세,중상
2021070400100450,2021년 7월 4일 22시,일요일,대전광역시 서구 만년동,경상사고,0,0,1,0,차대차 - 추돌,안전운전불이행,건조,맑음,단일로 - 기타,승용,남,61세,상해없음,승용,남,31세,경상
2021070400100451,2021년 7월 4일 22시,일요일,대전광역시 서구 갈마동,경상사고,0,0,1,0,차대차 - 측면충돌,안전거리미확보,건조,맑음,단일로 - 기타,이륜,남,17세,상해없음,이륜,남,42세,경상
2021070500100017,2021년 7월 5일 04시,월요일,대전광역시 서구 가장동,중상사고,0,1,0,0,차대사람 - 횡단중,신호위반,건조,맑음,교차로 - 교차로안,승용,남,61세,상해없음,보행자,남,77세,중상
2021070500100102,2021년 7월 5일 08시,월요일,대전광역시 중구 유천동,경상사고,0,0,2,0,차대차 - 기타,안전운전불이행,건조,맑음,교차로 - 교차로부근,화물,남,58세,상해없음,승용,여,50세,경상
2021070500100103,2021년 7월 5일 08시,월요일,대전광역시 중구 대사동,경상사고,0,0,1,0,차대사람 - 기타,신호위반,건조,맑음,교차로 - 교차로부근,승용,남,64세,상해없음,보행자,남,73세,경상
2021070500100143,2021년 7월 5일 09시,월요일,대전광역시 중구 오류동,경상사고,0,0,1,0,차대차 - 기타,안전거리미확보,건조,맑음,단일로 - 기타,승용,남,37세,상해없음,이륜,남,43세,경상
2021070500100213,2021년 7월 5일 11시,월요일,대전광역시 동구 용전동,중상사고,0,1,1,0,차대차 - 추돌,안전거리미확보,건조,맑음,단일로 - 기타,승용,여,52세,중상,승용,남,52세,경상
2021070500100214,2021년 7월 5일 11시,월요일,대전광역시 서구 도마동,경상사고,0,0,1,0,차대차 - 기타,안전운전불이행,건조,맑음,단일로 - 기타,승용,여,47세,상해없음,승합,남,35세,경상
2021070500100215,2021년 7월 5일 11시,월요일,대전광역시 대덕구 법동,경상사고,0,0,1,0,차대사람 - 횡단중,신호위반,건조,맑음,단일로 - 기타,이륜,남,45세,상해없음,보행자,여,80세,경상
2021070500100247,2021년 7월 5일 12시,월요일,대전광역시 서구 월평동,경상사고,0,0,1,0,차대차 - 기타,중앙선침범,건조,맑음,교차로 - 교차로부근,승용,여,48세,상해없음,이륜,남,39세,경상
2021070500100277,2021년 7월 5일 13시,월요일,대전광역시 중구 선화동,경상사고,0,0,2,0,차대차 - 기타,교차로운행방법위반,건조,맑음,교차로 - 교차로안,승용,남,64세,상해없음,승용,남,50세,경상
2021070500100278,2021년 7월 5일 13시,월요일,대전광역시 서구 변동,중상사고,0,1,0,0,차대차 - 측면충돌,중앙선침범,건조,맑음,단일로 - 기타,승용,남,48세,상해없음,승용,남,42세,중상
2021070500100313,2021년 7월 5일 14시,월요일,대전광역시 대덕구 오정동,중상사고,0,1,0,0,차대차 - 후진중충돌,안전운전불이행,건조,맑음,단일로 - 기타,승용,남,61세,상해없음,승용,여,54세,중상
2021070500100350,2021년 7월 5일 15시,월요일,대전광역시 대덕구 신일동,경상사고,0,0,1,0,차대사람 - 기타,안전운전불이행,건조,맑음,단일로 - 기타,화물,남,58세,상해없음,보행자,남,50세,경상
2021070500100387,2021년 7월 5일 16시,월요일,대전광역시 유성구 봉명동,경상사고,0,0,1,0,차대차 - 기타,안전운전불이행,건조,맑음,교차로 - 교차로안,승용,여,63세,상해없음,승합,남,37세,상해없음
2021070500100468,2021년 7월 5일 18시,월요일,대전광역시 동구 용운동,경상사고,0,0,2,0,차대차 - 기타,안전운전불이행,젖음/습기,비,교차로 - 교차로안,승용,남,33세,상해없음,승용,여,34세,경상
2021070500100526,2021년 7월 5일 20시,월요일,대전광역시 유성구 봉명동,경상사고,0,0,1,0,차대사람 - 횡단중,보행자보호의무위반,젖음/습기,비,교차로 - 교차로횡단보도내,이륜,남,50세,상해없음,보행자,남,53세,경상
2021070500100560,2021년 7월 5일 21시,월요일,대전광역시 동구 삼성동,경상사고,0,0,1,0,차대사람 - 기타,안전운전불이행,젖음/습기,비,단일로 - 교량,승용,남,52세,상해없음,보행자,남,53세,경상
2021070500100561,2021년 7월 5일 21시,월요일,대전광역시 서구 월평동,경상사고,0,0,2,0,차대사람 - 기타,안전운전불이행,젖음/습기,비,기타 - 기타,화물,남,49세,상해없음,보행자,여,51세,경상
2021070500100584,2021년 7월 5일 22시,월요일,대전광역시 서구 둔산동,경상사고,0,0,2,0,차대차 - 기타,직진우회전진행방해,젖음/습기,비,교차로 - 교차로안,화물,남,53세,경상,승용,남,43세,경상
2021070500100602,2021년 7월 5일 23시,월요일,대전광역시 중구 용두동,경상사고,0,0,1,0,차대차 - 기타,신호위반,젖음/습기,비,교차로 - 교차로안,승용,여,35세,상해없음,승용,남,41세,경상
2021070500100603,2021년 7월 5일 23시,월요일,대전광역시 서구 괴정동,경상사고,0,0,1,0,차대차 - 추돌,안전운전불이행,젖음/습기,비,교차로 - 교차로부근,승용,남,45세,상해없음,이륜,남,24세,경상
2021070600100011,2021년 7월 6일 00시,화요일,대전광역시 서구 탄방동,경상사고,0,0,1,0,차대사람 - 기타,안전운전불이행,젖음/습기,비,기타 - 기타,승용,여,47세,상해없음,보행자,남,58세,경상
2021070600100026,2021년 7월 6일 01시,화요일,대전광역시 서구 탄방동,중상사고,0,1,0,0,차대사람 - 기타,안전운전불이행,젖음/습기,비,기타 - 기타,이륜,남,46세,상해없음,보행자,남,38세,중상
2021070600100032,2021년 7월 6일 02시,화요일,대전광역시 유성구 지족동,경상사고,0,0,1,0,차대차 - 추돌,안전운전불이행,젖음/습기,흐림,교차로 - 교차로안,승용,남,50세,상해없음,승용,남,71세,경상
2021070600100120,2021년 7월 6일 08시,화요일,대전광역시 동구 가양동,경상사고,0,0,2,0,차대차 - 측면충돌,안전운전불이행,건조,맑음,교차로 - 교차로부근,승용,여,46세,경상,승용,여,59세,경상
2021070600100121,2021년 7월 6일 08시,화요일,대전광역시 유성구 노은동,경상사고,0,0,2,0,차대차 - 측면충돌,차로위반,건조,맑음,교차로 - 교차로부근,승용,남,52세,경상,화물,남,71세,경상
2021070600100162,2021년 7월 6일 10시,화요일,대전광역시 동구 자양동,경상사고,0,0,1,0,차대차 - 측면충돌,안전운전불이행,건조,맑음,단일로 - 기타,승용,남,38세,상해없음,승용,남,47세,경상
2021070600100163,2021년 7월 6일 10시,화요일,대전광역시 유성구 노은동,경상사고,0,0,1,0,차대차 - 측면충돌,신호위반,건조,맑음,교차로 - 교차로안,승용,남,27세,상해없음,승용,여,57세,경상
2021070600100164,2021년 7월 6일 10시,화요일,대전광역시 유성구 전민동,경상사고,0,0,1,0,차대차 - 측면충돌,안전운전불이행,건조,맑음,교차로 - 교차로안,승용,남,50세,상해없음,승용,남,53세,경상
2021070600100320,2021년 7월 6일 15시,화요일,대전광역시 중구 대사동,경상사고,0,0,2,0,차대차 - 추돌,안전운전불이행,젖음/습기,비,교차로 - 교차로부근,화물,여,54세,상해없음,승용,남,66세,경상
2021070600100321,2021년 7월 6일 15시,화요일,대전광역시 동구 삼성동,중상사고,0,1,0,0,차대사람 - 기타,안전운전불이행,젖음/습기,비,기타 - 기타,자전거,남,30세,상해없음,보행자,여,64세,중상
2021070600100322,2021년 7월 6일 15시,화요일,대전광역시 서구 둔산동,경상사고,0,0,3,0,차대차 - 추돌,안전운전불이행,젖음/습기,비,단일로 - 기타,승용,남,18세,상해없음,승용,남,27세,경상
2021070600100323,2021년 7월 6일 15시,화요일,대전광역시 서구 월평동,경상사고,0,0,1,0,차대차 - 측면충돌,직진우회전진행방해,젖음/습기,비,교차로 - 교차로안,승용,여,28세,기타불명,승용,남,53세,경상
2021070600100324,2021년 7월 6일 15시,화요일,대전광역시 유성구 장동,경상사고,0,0,3,0,차대차 - 추돌,안전운전불이행,건조,맑음,단일로 - 기타,승용,남,27세,상해없음,승용,여,45세,경상
2021070600100367,2021년 7월 6일 16시,화요일,대전광역시 중구 유천동,경상사고,0,0,1,0,차량단독 - 기타,안전운전불이행,젖음/습기,흐림,교차로 - 교차로안,승합,남,56세,기타불명,,,,
2021070600100368,2021년 7월 6일 16시,화요일,대전광역시 중구 선화동,중상사고,0,1,0,0,차대사람 - 기타,안전운전불이행,젖음/습기,비,단일로 - 기타,승용,남,37세,상해없음,보행자,여,78세,중상
2021070600100369,2021년 7월 6일 16시,화요일,대전광역시 서구 월평동,경상사고,0,0,1,0,차대차 - 기타,신호위반,건조,맑음,교차로 - 교차로안,승용,여,26세,상해없음,승용,여,73세,경상
2021070600100451,2021년 7월 6일 18시,화요일,대전광역시 서구 둔산동,경상사고,0,0,1,0,차대차 - 기타,안전운전불이행,젖음/습기,비,기타 - 기타,승용,여,34세,상해없음,승용,여,33세,경상
2021070600100452,2021년 7월 6일 18시,화요일,대전광역시 서구 갈마동,경상사고,0,0,1,0,차대차 - 기타,안전운전불이행,젖음/습기,비,교차로 - 교차로부근,승용,남,58세,상해없음,화물,남,42세,경상
2021070600100453,2021년 7월 6일 18시,화요일,대전광역시 서구 월평동,경상사고,0,0,1,0,차량단독 - 기타,안전운전불이행,젖음/습기,비,기타 - 기타,승합,남,53세,기타불명,,,,
2021070600100483,2021년 7월 6일 19시,화요일,대전광역시 중구 산성동,경상사고,0,0,1,0,차대차 - 기타,신호위반,젖음/습기,비,교차로 - 교차로부근,승용,남,42세,상해없음,이륜,남,27세,경상
2021070600100544,2021년 7월 6일 21시,화요일,대전광역시 서구 갈마동,중상사고,0,1,0,0,차대사람 - 횡단중,보행자보호의무위반,젖음/습기,맑음,단일로 - 기타,승용,남,26세,상해없음,보행자,여,54세,중상
2021070600100598,2021년 7월 6일 23시,화요일,대전광역시 유성구 봉명동,경상사고,0,0,1,0,차량단독 - 기타,안전운전불이행,젖음/습기,흐림,교차로 - 교차로부근,이륜,남,36세,경상,,,,
2021070700100010,2021년 7월 7일 00시,수요일,대전광역시 서구 월평동,중상사고,0,1,3,0,차대차 - 기타,신호위반,젖음/습기,비,교차로 - 교차로안,승용,여,46세,상해없음,승용,남,59세,경상
2021070700100022,2021년 7월 7일 02시,수요일,대전광역시 서구 둔산동,경상사고,0,0,1,0,차대차 - 기타,안전운전불이행,젖음/습기,비,교차로 - 교차로부근,승용,남,34세,상해없음,화물,남,62세,경상
2021070700100037,2021년 7월 7일 04시,수요일,대전광역시 서구 월평동,경상사고,0,0,1,0,차대차 - 측면충돌,신호위반,젖음/습기,비,교차로 - 교차로안,승용,남,29세,기타불명,화물,남,62세,경상
2021070700100110,2021년 7월 7일 08시,수요일,대전광역시 대덕구 읍내동,중상사고,0,1,0,0,차대차 - 기타,안전운전불이행,건조,맑음,단일로 - 기타,승용,남,27세,상해없음,원동기,여,65세,중상
2021070700100111,2021년 7월 7일 08시,수요일,대전광역시 대덕구 오정동,경상사고,0,0,1,0,차대차 - 기타,안전거리미확보,건조,맑음,교차로 - 교차로안,승용,여,28세,상해없음,승용,남,33세,경상
2021070700100112,2021년 7월 7일 08시,수요일,대전광역시 서구 둔산동,경상사고,0,0,1,0,차대차 - 기타,안전운전불이행,건조,맑음,교차로 - 교차로부근,승합,남,50세,기타불명,승용,여,52세,경상
2021070700100140,2021년 7월 7일 09시,수요일,대전광역시 동구 성남동,경상사고,0,0,1,0,차대차 - 정면충돌,교차로운행방법위반,건조,맑음,교차로 - 교차로안,승용,여,46세,상해없음,승용,여,52세,경상
2021070700100173,2021년 7월 7일 10시,수요일,대전광역시 유성구 노은동,중상사고,0,1,2,0,차대차 - 기타,교차로운행방법위반,건조,맑음,교차로 - 교차로안,승용,남,64세,경상,승용,여,45세,경상
2021070700100256,2021년 7월 7일 12시,수요일,대전광역시 서구 관저동,경상사고,0,0,3,0,차대차 - 측면충돌,안전운전불이행,건조,맑음,단일로 - 기타,승용,남,49세,상해없음,승용,여,38세,경상
2021070700100281,2021년 7월 7일 13시,수요일,대전광역시 서구 갈마동,경상사고,0,0,2,0,차대차 - 기타,안전운전불이행,건조,맑음,교차로 - 교차로안,승용,남,36세,경상,승용,남,67세,경상
2021070700100313,2021년 7월 7일 14시,수요일,대전광역시 유성구 관평동,경상사고,0,0,1,0,차대차 - 기타,안전운전불이행,건조,흐림,교차로 - 교차로부근,승용,남,48세,상해없음,자전거,남,13세,경상
2021070700100346,2021년 7월 7일 15시,수요일,대전광역시 중구 태평동,경상사고,0,0,2,0,차대차 - 측면충돌,신호위반,건조,맑음,교차로 - 교차로안,승용,여,49세,상해없음,승용,남,43세,경상
2021070700100347,2021년 7월 7일 15시,수요일,대전광역시 동구 신흥동,경상사고,0,0,1,0,차대차 - 기타,안전거리미확보,건조,맑음,단일로 - 기타,승용,남,74세,상해없음,화물,남,64세,경상
2021070700100483,2021년 7월 7일 18시,수요일,대전광역시 서구 괴정동,경상사고,0,0,1,0,차대차 - 기타,기타,건조,맑음,단일로 - 기타,승용,남,52세,상해없음,이륜,남,28세,경상
2021070700100484,2021년 7월 7일 18시,수요일,대전광역시 서구 도마동,경상사고,0,0,2,0,차대차 - 측면충돌,교차로운행방법위반,건조,맑음,교차로 - 교차로안,승용,남,28세,경상,승용,여,36세,경상
2021070700100485,2021년 7월 7일 18시,수요일,대전광역시 서구 둔산동,경상사고,0,0,1,0,차대차 - 기타,안전운전불이행,건조,맑음,교차로 - 교차로안,승용,남,53세,상해없음,승용,남,31세,경상
2021070700100522,2021년 7월 7일 19시,수요일,대전광역시 동구 가양동,경상사고,0,0,1,0,차대차 - 측면충돌,안전거리미확보,건조,맑음,교차로 - 교차로부근,승용,남,63세,상해없음,승용,남,29세,경상
2021070700100523,2021년 7월 7일 19시,수요일,대전광역시 대덕구 비래동,경상사고,0,0,2,0,차대차 - 기타,불법유턴,건조,맑음,단일로 - 기타,승용,여,64세,상해없음,승용,남,60세,상해없음
2021070700100565,2021년 7월 7일 20시,수요일,대전광역시 유성구 장대동,경상사고,0,0,3,0,차대차 - 측면충돌,신호위반,건조,맑음,교차로 - 교차로안,승용,남,27세,상해없음,승용,남,59세,경상
2021070700100595,2021년 7월 7일 21시,수요일,대전광역시 서구 용문동,경상사고,0,0,1,0,차량단독 - 공작물충돌,안전운전불이행,건조,맑음,교차로 - 교차로부근,승용,남,59세,상해없음,,,,
2021070700100627,2021년 7월 7일 22시,수요일,대전광역시 중구 대사동,경상사고,0,0,4,0,차대차 - 측면충돌,신호위반,건조,맑음,교차로 - 교차로안,승용,여,62세,상해없음,승용,남,58세,경상
2021070700100649,2021년 7월 7일 23시,수요일,대전광역시 유성구 전민동,경상사고,0,0,2,0,차대차 - 측면충돌,신호위반,건조,맑음,교차로 - 교차로안,승합,남,40세,상해없음,승용,남,48세,경상
2021070800100069,2021년 7월 8일 07시,목요일,대전광역시 서구 관저동,중상사고,0,1,0,0,차대사람 - 횡단중,보행자보호의무위반,건조,맑음,교차로 - 교차로횡단보도내,승용,여,35세,상해없음,보행자,남,80세,중상
2021070800100108,2021년 7월 8일 08시,목요일,대전광역시 중구 오류동,중상사고,0,1,0,0,차대차 - 측면충돌,안전운전불이행,건조,맑음,단일로 - 기타,승용,남,47세,상해없음,자전거,남,85세,중상
2021070800100109,2021년 7월 8일 08시,목요일,대전광역시 서구 괴정동,경상사고,0,0,1,0,차대차 - 측면충돌,중앙선침범,건조,맑음,단일로 - 기타,승용,남,37세,상해없음,승용,남,56세,경상
2021070800100110,2021년 7월 8일 08시,목요일,대전광역시 서구 갈마동,경상사고,0,0,1,0,차대차 - 기타,안전운전불이행,건조,맑음,단일로 - 기타,승용,여,47세,상해없음,승용,여,39세,경상
2021070800100111,2021년 7월 8일 08시,목요일,대전광역시 유성구 봉명동,경상사고,0,0,1,0,차대차 - 기타,안전운전불이행,건조,맑음,교차로 - 교차로안,승용,남,67세,상해없음,승용,남,35세,경상
2021070800100153,2021년 7월 8일 09시,목요일,대전광역시 대덕구 읍내동,중상사고,0,1,0,0,차대차 - 추돌,안전운전불이행,건조,맑음,단일로 - 기타,화물,남,44세,상해없음,승용,여,66세,중상
2021070800100154,2021년 7월 8일 09시,목요일,대전광역시 유성구 도룡동,경상사고,0,0,1,0,차대차 - 측면충돌,안전운전불이행,건조,맑음,단일로 - 기타,화물,남,52세,상해없음,승용,여,25세,경상
2021070800100250,2021년 7월 8일 12시,목요일,대전광역시 대덕구 오정동,경상사고,0,0,1,0,차대사람 - 횡단중,안전운전불이행,건조,맑음,기타 - 기타,승용,남,29세,기타불명,보행자,남,21세,경상
2021070800100251,2021년 7월 8일 12시,목요일,대전광역시 유성구 용계동,경상사고,0,0,2,1,차대차 - 추돌,안전운전불이행,건조,맑음,교차로 - 교차로부근,승용,남,36세,기타불명,승용,남,53세,부상신고
2021070800100252,2021년 7월 8일 12시,목요일,대전광역시 유성구 상대동,경상사고,0,0,1,0,차대차 - 기타,보행자보호의무위반,건조,맑음,교차로 - 교차로안,승용,여,59세,상해없음,자전거,여,9세,경상
2021070800100289,2021년 7월 8일 13시,목요일,대전광역시 서구 가수원동,중상사고,0,1,0,0,차대차 - 측면충돌,안전운전불이행,건조,맑음,교차로 - 교차로안,승합,남,64세,상해없음,이륜,남,67세,중상
2021070800100316,2021년 7월 8일 14시,목요일,대전광역시 동구 용전동,경상사고,0,0,1,0,차대차 - 추돌,안전운전불이행,건조,맑음,교차로 - 교차로부근,승용,남,58세,상해없음,승용,남,50세,경상
2021070800100317,2021년 7월 8일 14시,목요일,대전광역시 서구 둔산동,중상사고,0,1,0,0,차대차 - 추돌,안전운전불이행,건조,맑음,단일로 - 기타,승용,여,60세,기타불명,승용,남,44세,중상
2021070800100348,2021년 7월 8일 15시,목요일,대전광역시 서구 탄방동,경상사고,0,0,2,0,차대차 - 기타,안전운전불이행,건조,맑음,교차로 - 교차로안,승용,남,50세,상해없음,승합,남,60세,경상
2021070800100349,2021년 7월 8일 15시,목요일,대전광역시 유성구 구암동,경상사고,0,0,1,0,차대차 - 추돌,안전운전불이행,건조,맑음,교차로 - 교차로부근,승용,남,33세,상해없음,승용,여,49세,경상
2021070800100350,2021년 7월 8일 15시,목요일,대전광역시 유성구 봉명동,경상사고,0,0,1,0,차대차 - 측면충돌,신호위반,건조,맑음,교차로 - 교차로안,승용,남,49세,상해없음,이륜,남,45세,경상
2021070800100427,2021년 7월 8일 17시,목요일,대전광역시 중구 용두동,경상사고,0,0,1,0,차대차 - 측면충돌,신호위반,건조,맑음,단일로 - 기타,승용,여,30세,상해없음,자전거,여,55세,경상
2021070800100428,2021년 7월 8일 17시,목요일,대전광역시 중구 대흥동,경상사고,0,0,1,0,차대차 - 측면충돌,중앙선침범,건조,맑음,단일로 - 기타,자전거,남,75세,상해없음,승용,남,55세,경상
2021070800100429,2021년 7월 8일 17시,목요일,대전광역시 유성구 구암동,경상사고,0,0,1,0,차대사람 - 기타,안전운전불이행,건조,맑음,단일로 - 기타,자전거,여,9세,상해없음,보행자,여,79세,경상
2021070800100467,2021년 7월 8일 18시,목요일,대전광역시 대덕구 신탄진동,경상사고,0,0,2,0,차대차 - 기타,안전운전불이행,건조,맑음,단일로 - 기타,승용,여,26세,상해없음,승용,남,44세,경상
2021070800100468,2021년 7월 8일 18시,목요일,대전광역시 서구 갈마동,경상사고,0,0,1,0,차대차 - 기타,안전운전불이행,건조,맑음,교차로 - 교차로부근,이륜,남,22세,상해없음,개인형이동수단(PM),남,44세,경상
2021070800100494,2021년 7월 8일 19시,목요일,대전광역시 동구 대별동,경상사고,0,0,2,0,차대차 - 측면충돌,교차로운행방법위반,건조,맑음,교차로 - 교차로안,승용,남,30세,상해없음,승용,여,24세,경상
2021070800100495,2021년 7월 8일 19시,목요일,대전광역시 서구 갈마동,경상사고,0,0,1,0,차대차 - 기타,안전운전불이행,젖음/습기,비,단일로 - 기타,자전거,남,42세,경상,승용,남,48세,상해없음
2021070800100593,2021년 7월 8일 23시,목요일,대전광역시 서구 둔산동,경상사고,0,0,1,0,차대차 - 기타,중앙선침범,건조,맑음,단일로 - 기타,승용,여,31세,상해없음,이륜,남,27세,경상
2021070900100022,2021년 7월 9일 01시,금요일,대전광역시 서구 탄방동,경상사고,0,0,1,0,차대차 - 측면충돌,신호위반,젖음/습기,비,교차로 - 교차로안,이륜,남,22세,상해없음,승용,여,26세,경상
2021070900100062,2021년 7월 9일 07시,금요일,대전광역시 대덕구 오정동,경상사고,0,0,1,0,차대차 - 측면충돌,안전운전불이행,건조,맑음,단일로 - 기타,승용,남,68세,기타불명,이륜,남,43세,경상
2021070900100063,2021년 7월 9일 07시,금요일,대전광역시 유성구 상대동,경상사고,0,0,1,0,차대차 - 후진중충돌,안전운전불이행,건조,맑음,교차로 - 교차로안,승용,여,42세,상해없음,승용,여,25세,경상