사고번호,사고일시,요일,시군구,사고내용,사망자수,중상자수,경상자수,부상신고자수,사고유형,법규위반,노면상태,기상상태,도로형태,가해운전자 차종,가해운전자 성별,가해운전자 연령,가해운전자 상해정도,피해운전자 차종,피해운전자 성별,피해운전자 연령,피해운전자 상해정도
2021072000100475,2021년 7월 20일 19시,화요일,대전광역시 유성구 봉명동,경상사고,0,0,2,0,차대차 - 기타,안전운전불이행,건조,맑음,교차로 - 교차로안,승용,여,63세,기타불명,승용,남,45세,경상
2021072000100507,2021년 7월 20일 20시,화요일,대전광역시 서구 갈마동,경상사고,0,0,4,0,차대차 - 기타,안전거리미확보,건조,맑음,단일로 - 기타,이륜,남,31세,경상,승용,남,21세,경상
2021072000100532,2021년 7월 20일 21시,화요일,대전광역시 유성구 신성동,경상사고,0,0,2,0,차대차 - 기타,안전운전불이행,건조,맑음,교차로 - 교차로안,승용,남,56세,상해없음,승용,여,21세,경상
2021072000100533,2021년 7월 20일 21시,화요일,대전광역시 유성구 봉명동,경상사고,0,0,1,0,차대사람 - 횡단중,신호위반,건조,맑음,단일로 - 기타,승용,남,73세,상해없음,보행자,여,21세,경상
2021072000100563,2021년 7월 20일 23시,화요일,대전광역시 동구 용전동,경상사고,0,0,1,0,차대차 - 추돌,안전운전불이행,건조,맑음,교차로 - 교차로부근,승용,남,26세,상해없음,승용,남,41세,경상
2021072000100564,2021년 7월 20일 23시,화요일,대전광역시 서구 가수원동,중상사고,0,1,0,0,차대차 - 기타,직진우회전진행방해,건조,맑음,교차로 - 교차로안,승용,여,20세,상해없음,이륜,남,25세,중상
2021072100100014,2021년 7월 21일 00시,수요일,대전광역시 동구 중동,경상사고,0,0,1,0,차대차 - 측면충돌,안전거리미확보,건조,맑음,교차로 - 교차로부근,승용,남,16세,상해없음,승용,남,26세,경상
2021072100100015,2021년 7월 21일 00시,수요일,대전광역시 동구 용전동,중상사고,0,1,0,0,차대차 - 측면충돌,신호위반,건조,맑음,교차로 - 교차로안,승용,남,67세,상해없음,이륜,남,39세,중상
2021072100100045,2021년 7월 21일 06시,수요일,대전광역시 서구 도마동,중상사고,0,1,0,0,차대사람 - 횡단중,보행자보호의무위반,건조,맑음,교차로 - 교차로횡단보도내,화물,남,50세,상해없음,보행자,여,86세,중상
2021072100100152,2021년 7월 21일 09시,수요일,대전광역시 동구 용전동,경상사고,0,0,1,0,차대차 - 측면충돌,안전운전불이행,건조,맑음,단일로 - 기타,화물,남,43세,상해없음,자전거,남,74세,경상
2021072100100153,2021년 7월 21일 09시,수요일,대전광역시 서구 용문동,중상사고,0,1,0,0,차대차 - 기타,안전운전불이행,건조,맑음,단일로 - 기타,화물,남,59세,상해없음,승용,여,54세,중상
2021072100100154,2021년 7월 21일 09시,수요일,대전광역시 유성구 구암동,경상사고,0,0,1,0,차대차 - 측면충돌,안전운전불이행,건조,맑음,교차로 - 교차로부근,승용,남,66세,상해없음,승용,여,55세,경상
2021072100100196,2021년 7월 21일 10시,수요일,대전광역시 중구 문화동,경상사고,0,0,2,0,차대차 - 기타,신호위반,건조,맑음,단일로 - 기타,승용,남,28세,경상,승합,남,52세,경상
2021072100100197,2021년 7월 21일 10시,수요일,대전광역시 동구 중동,중상사고,0,1,1,0,차대차 - 기타,안전거리미확보,건조,맑음,단일로 - 기타,화물,남,22세,상해없음,승용,남,71세,경상
2021072100100198,2021년 7월 21일 10시,수요일,대전광역시 서구 갈마동,경상사고,0,0,4,0,차대차 - 측면충돌,신호위반,건조,맑음,교차로 - 교차로부근,승용,남,34세,상해없음,승용,남,31세,경상
2021072100100274,2021년 7월 21일 12시,수요일,대전광역시 동구 원동,경상사고,0,0,1,0,차대차 - 기타,안전운전불이행,건조,맑음,교차로 - 교차로안,승용,남,62세,상해없음,승용,남,32세,경상
2021072100100275,2021년 7월 21일 12시,수요일,대전광역시 서구 탄방동,경상사고,0,0,2,1,차대차 - 기타,중앙선침범,건조,맑음,단일로 - 기타,승용,여,58세,상해없음,승용,남,31세,경상
2021072100100276,2021년 7월 21일 12시,수요일,대전광역시 유성구 봉명동,중상사고,0,1,0,0,차대차 - 기타,안전운전불이행,건조,맑음,단일로 - 기타,이륜,남,30세,상해없음,자전거,남,23세,중상
2021072100100312,2021년 7월 21일 13시,수요일,대전광역시 유성구 봉명동,사망사고,1,0,0,0,차대차 - 측면충돌,안전운전불이행,건조,맑음,교차로 - 교차로안,승용,남,38세,상해없음,자전거,남,76세,사망
2021072100100495,2021년 7월 21일 17시,수요일,대전광역시 유성구 장대동,경상사고,0,0,1,0,차대차 - 기타,신호위반,건조,맑음,교차로 - 교차로안,이륜,남,18세,기타불명,승용,남,31세,경상
2021072100100547,2021년 7월 21일 18시,수요일,대전광역시 중구 문화동,중상사고,0,1,0,0,차대사람 - 기타,안전운전불이행,건조,맑음,단일로 - 기타,승용,여,49세,상해없음,보행자,남,10세,중상
2021072100100581,2021년 7월 21일 19시,수요일,대전광역시 동구 천동,경상사고,0,0,1,0,차대차 - 기타,안전거리미확보,건조,맑음,교차로 - 교차로안,승용,남,66세,상해없음,승용,남,25세,경상
2021072100100628,2021년 7월 21일 21시,수요일,대전광역시 유성구 자운동,경상사고,0,0,1,0,차대차 - 측면충돌,안전운전불이행,건조,흐림,단일로 - 기타,승용,남,59세,상해없음,승용,남,47세,경상
2021072100100659,2021년 7월 21일 22시,수요일,대전광역시 중구 오류동,경상사고,0,0,1,0,차대사람 - 기타,안전운전불이행,건조,맑음,교차로 - 교차로안,승용,여,56세,상해없음,보행자,남,23세,경상
2021072100100660,2021년 7월 21일 22시,수요일,대전광역시 서구 도마동,경상사고,0,0,1,0,차대차 - 측면충돌,신호위반,건조,맑음,교차로 - 교차로안,승용,남,37세,상해없음,승용,남,29세,경상
2021072200100037,2021년 7월 22일 05시,목요일,대전광역시 서구 도마동,중상사고,0,1,0,0,차대차 - 측면충돌,신호위반,건조,맑음,교차로 - 교차로안,승용,남,42세,상해없음,이륜,남,71세,중상
2021072200100073,2021년 7월 22일 07시,목요일,대전광역시 동구 대성동,경상사고,0,0,1,0,차대차 - 기타,안전거리미확보,건조,맑음,교차로 - 교차로안,승용,여,56세,상해없음,승용,여,25세,경상
2021072200100110,2021년 7월 22일 08시,목요일,대전광역시 동구 가양동,경상사고,0,0,1,0,차대차 - 측면충돌,교차로운행방법위반,건조,맑음,교차로 - 교차로안,화물,남,63세,상해없음,승용,여,30세,경상
2021072200100111,2021년 7월 22일 08시,목요일,대전광역시 유성구 노은동,경상사고,0,0,1,0,차대차 - 추돌,안전운전불이행,건조,맑음,단일로 - 지하차도(도로)내,승용,남,72세,상해없음,승용,남,39세,경상
2021072200100176,2021년 7월 22일 10시,목요일,대전광역시 서구 갈마동,경상사고,0,0,2,0,차대차 - 기타,안전운전불이행,건조,맑음,교차로 - 교차로안,승용,여,39세,경상,승용,남,38세,경상
2021072200100208,2021년 7월 22일 11시,목요일,대전광역시 동구 용전동,경상사고,0,0,1,0,차대차 - 기타,안전거리미확보,건조,맑음,교차로 - 교차로부근,승용,여,62세,상해없음,이륜,남,59세,경상
2021072200100247,2021년 7월 22일 12시,목요일,대전광역시 중구 태평동,중상사고,0,1,0,0,차대차 - 측면충돌,교차로운행방법위반,건조,맑음,교차로 - 교차로횡단보도내,승용,남,52세,상해없음,자전거,여,57세,중상
2021072200100289,2021년 7월 22일 13시,목요일,대전광역시 중구 대흥동,경상사고,0,0,2,0,차대차 - 측면충돌,중앙선침범,건조,맑음,교차로 - 교차로부근,승용,남,64세,상해없음,승용,여,26세,경상
2021072200100328,2021년 7월 22일 14시,목요일,대전광역시 중구 대흥동,경상사고,0,0,1,0,차대차 - 기타,불법유턴,건조,맑음,단일로 - 기타,승용,남,29세,상해없음,승용,여,37세,경상
2021072200100329,2021년 7월 22일 14시,목요일,대전광역시 중구 태평동,경상사고,0,0,2,0,차대차 - 기타,안전운전불이행,건조,맑음,단일로 - 교량,승용,여,50세,상해없음,승용,여,29세,경상
2021072200100552,2021년 7월 22일 19시,목요일,대전광역시 서구 도마동,중상사고,0,1,0,0,차대사람 - 횡단중,안전운전불이행,건조,맑음,단일로 - 기타,승용,남,38세,상해없음,보행자,여,10세,중상
2021072200100585,2021년 7월 22일 20시,목요일,대전광역시 서구 둔산동,경상사고,0,0,1,0,차대차 - 측면충돌,안전운전불이행,건조,맑음,교차로 - 교차로안,승용,남,71세,상해없음,승용,남,33세,경상
2021072200100637,2021년 7월 22일 22시,목요일,대전광역시 중구 오류동,경상사고,0,0,1,0,차대차 - 측면충돌,신호위반,건조,맑음,교차로 - 교차로안,승합,남,62세,상해없음,승용,남,62세,경상
2021072300100011,2021년 7월 23일 00시,금요일,대전광역시 대덕구 상서동,경상사고,0,0,1,0,차대차 - 추돌,안전운전불이행,건조,맑음,교차로 - 교차로부근,화물,남,50세,상해없음,승용,남,43세,경상
2021072300100102,2021년 7월 23일 08시,금요일,대전광역시 서구 탄방동,경상사고,0,0,1,0,차대차 - 기타,안전운전불이행,건조,맑음,기타 - 기타,승용,남,28세,기타불명,이륜,남,52세,경상
2021072300100173,2021년 7월 23일 10시,금요일,대전광역시 동구 자양동,경상사고,0,0,1,0,차대차 - 기타,안전운전불이행,건조,맑음,교차로 - 교차로부근,화물,남,72세,상해없음,승용,여,53세,경상
2021072300100174,2021년 7월 23일 10시,금요일,대전광역시 대덕구 오정동,경상사고,0,0,1,0,차대차 - 측면충돌,직진우회전진행방해,건조,맑음,교차로 - 교차로안,승용,남,63세,상해없음,화물,남,64세,경상
2021072300100204,2021년 7월 23일 11시,금요일,대전광역시 서구 관저동,경상사고,0,0,1,0,차대사람 - 횡단중,안전운전불이행,건조,맑음,교차로 - 교차로부근,화물,남,81세,기타불명,보행자,여,24세,경상
2021072300100205,2021년 7월 23일 11시,금요일,대전광역시 서구 월평동,중상사고,0,1,0,0,차대차 - 추돌,안전운전불이행,건조,맑음,단일로 - 기타,승용,여,55세,상해없음,승용,여,43세,중상
2021072300100207,2021년 7월 23일 11시,금요일,대전광역시 유성구 관평동,경상사고,0,0,1,0,차대차 - 기타,안전운전불이행,건조,맑음,기타 - 기타,화물,남,28세,기타불명,승용,여,33세,경상
2021072300100242,2021년 7월 23일 12시,금요일,대전광역시 동구 추동,중상사고,0,1,0,0,차량단독 - 기타,안전운전불이행,건조,맑음,단일로 - 기타,자전거,남,51세,중상,,,,
2021072300100243,2021년 7월 23일 12시,금요일,대전광역시 유성구 봉명동,경상사고,0,0,1,0,차대차 - 측면충돌,안전운전불이행,건조,맑음,기타 - 기타,승합,여,49세,상해없음,승용,남,60세,경상
2021072300100282,2021년 7월 23일 13시,금요일,대전광역시 대덕구 오정동,경상사고,0,0,2,0,차대차 - 측면충돌,안전운전불이행,건조,맑음,교차로 - 교차로안,승용,여,60세,경상,승용,남,31세,경상
2021072300100283,2021년 7월 23일 13시,금요일,대전광역시 서구 둔산동,경상사고,0,0,1,0,차대차 - 기타,안전거리미확보,건조,맑음,교차로 - 교차로안,승용,남,70세,상해없음,승용,여,56세,경상
2021072300100284,2021년 7월 23일 13시,금요일,대전광역시 유성구 관평동,경상사고,0,0,1,0,차대차 - 기타,안전운전불이행,건조,맑음,교차로 - 교차로부근,화물,남,68세,상해없음,승용,남,65세,경상
2021072300100317,2021년 7월 23일 14시,금요일,대전광역시 서구 괴정동,경상사고,0,0,1,0,차대차 - 측면충돌,안전운전불이행,건조,맑음,단일로 - 기타,승용,여,43세,기타불명,승용,여,37세,경상
2021072300100318,2021년 7월 23일 14시,금요일,대전광역시 서구 둔산동,경상사고,0,0,2,0,차대차 - 측면충돌,안전운전불이행,건조,맑음,교차로 - 교차로부근,승용,여,55세,경상,승용,여,59세,경상
2021072300100319,2021년 7월 23일 14시,금요일,대전광역시 유성구 지족동,중상사고,0,1,2,0,차대차 - 추돌,안전운전불이행,건조,맑음,기타 - 기타,승용,여,29세,경상,승용,여,44세,중상
2021072300100355,2021년 7월 23일 15시,금요일,대전광역시 서구 둔산동,경상사고,0,0,1,0,차대사람 - 횡단중,보행자보호의무위반,건조,맑음,단일로 - 기타,이륜,남,65세,상해없음,보행자,여,10세,경상
2021072300100455,2021년 7월 23일 17시,금요일,대전광역시 중구 용두동,경상사고,0,0,1,0,차대차 - 측면충돌,신호위반,건조,맑음,교차로 - 교차로안,화물,남,60세,상해없음,이륜,남,45세,경상
2021072300100456,2021년 7월 23일 17시,금요일,대전광역시 중구 대흥동,경상사고,0,0,2,0,차대차 - 기타,안전운전불이행,건조,맑음,단일로 - 기타,승용,여,43세,상해없음,승용,남,42세,상해없음
2021072300100516,2021년 7월 23일 18시,금요일,대전광역시 서구 용문동,경상사고,0,0,1,0,차대차 - 측면충돌,안전운전불이행,건조,맑음,교차로 - 교차로안,승용,남,54세,상해없음,이륜,남,28세,경상
2021072300100517,2021년 7월 23일 18시,금요일,대전광역시 서구 갈마동,경상사고,0,0,1,0,차대차 - 측면충돌,안전운전불이행,건조,맑음,단일로 - 기타,승용,남,35세,상해없음,승용,남,39세,경상
2021072300100518,2021년 7월 23일 18시,금요일,대전광역시 유성구 구성동,경상사고,0,0,1,0,차대차 - 기타,신호위반,건조,맑음,교차로 - 교차로안,이륜,남,28세,상해없음,승용,남,28세,경상
2021072300100519,2021년 7월 23일 18시,금요일,대전광역시 유성구 봉명동,경상사고,0,0,1,0,차대차 - 측면충돌,안전거리미확보,건조,맑음,단일로 - 기타,승용,남,35세,상해없음,이륜,남,23세,경상
2021072300100520,2021년 7월 23일 18시,금요일,대전광역시 유성구 봉명동,경상사고,0,0,2,0,차대차 - 기타,안전운전불이행,건조,맑음,교차로 - 교차로부근,건설기계,남,55세,상해없음,승용,남,22세,경상
2021072300100563,2021년 7월 23일 19시,금요일,대전광역시 유성구 봉명동,경상사고,0,0,1,0,차대차 - 측면충돌,안전운전불이행,건조,맑음,교차로 - 교차로횡단보도내,자전거,남,34세,경상,승용,여,34세,상해없음
2021072300100597,2021년 7월 23일 20시,금요일,대전광역시 동구 삼괴동,사망사고,1,0,0,0,차대사람 - 기타,안전운전불이행,건조,맑음,단일로 - 기타,승용,남,69세,상해없음,보행자,남,85세,사망
2021072300100598,2021년 7월 23일 20시,금요일,대전광역시 동구 신흥동,중상사고,0,1,0,0,차대차 - 추돌,안전운전불이행,건조,맑음,교차로 - 교차로부근,이륜,여,67세,중상,이륜,남,25세,상해없음
2021072300100599,2021년 7월 23일 20시,금요일,대전광역시 대덕구 송촌동,경상사고,0,0,1,0,차대사람 - 기타,안전운전불이행,건조,맑음,교차로 - 교차로안,화물,남,50세,기타불명,보행자,여,69세,경상
2021072300100600,2021년 7월 23일 20시,금요일,대전광역시 서구 둔산동,경상사고,0,0,1,0,차대차 - 기타,안전거리미확보,건조,맑음,단일로 - 기타,승합,남,57세,상해없음,승용,여,31세,경상
2021072300100620,2021년 7월 23일 21시,금요일,대전광역시 중구 태평동,경상사고,0,0,1,0,차대차 - 기타,교차로운행방법위반,건조,맑음,교차로 - 교차로부근,승합,남,68세,상해없음,승용,남,55세,경상
2021072400100046,2021년 7월 24일 06시,토요일,대전광역시 유성구 원내동,경상사고,0,0,2,0,차대차 - 기타,직진우회전진행방해,건조,맑음,교차로 - 교차로안,화물,남,58세,상해없음,승합,남,50세,경상
2021072400100101,2021년 7월 24일 09시,토요일,대전광역시 서구 용문동,경상사고,0,0,1,0,차대차 - 기타,안전운전불이행,건조,맑음,단일로 - 기타,화물,남,66세,상해없음,승용,여,30세,경상
2021072400100102,2021년 7월 24일 09시,토요일,대전광역시 유성구 봉명동,중상사고,0,1,1,0,차대차 - 측면충돌,신호위반,건조,맑음,교차로 - 교차로부근,승용,여,56세,상해없음,승합,남,48세,경상
2021072400100136,2021년 7월 24일 10시,토요일,대전광역시 서구 도마동,경상사고,0,0,2,0,차대사람 - 기타,보행자보호의무위반,건조,맑음,교차로 - 교차로횡단보도내,승용,남,78세,상해없음,보행자,남,60세,경상
2021072400100188,2021년 7월 24일 11시,토요일,대전광역시 중구 중촌동,경상사고,0,0,2,0,차대차 - 측면충돌,안전운전불이행,건조,맑음,교차로 - 교차로안,승용,여,42세,상해없음,승용,남,23세,경상
2021072400100263,2021년 7월 24일 13시,토요일,대전광역시 유성구 도룡동,경상사고,0,0,2,0,차대차 - 측면충돌,안전운전불이행,건조,맑음,교차로 - 교차로부근,승용,남,56세,상해없음,승용,남,44세,경상
2021072400100310,2021년 7월 24일 14시,토요일,대전광역시 동구 가양동,경상사고,0,0,1,0,차대차 - 기타,안전운전불이행,건조,맑음,교차로 - 교차로안,이륜,남,22세,상해없음,승용,여,55세,경상
2021072400100376,2021년 7월 24일 16시,토요일,대전광역시 동구 용전동,중상사고,0,3,0,0,차대차 - 기타,교차로운행방법위반,건조,맑음,교차로 - 교차로안,승용,남,48세,상해없음,승용,남,29세,중상
2021072400100377,2021년 7월 24일 16시,토요일,대전광역시 대덕구 중리동,경상사고,0,0,1,0,차대차 - 기타,안전운전불이행,건조,맑음,교차로 - 교차로안,화물,남,60세,상해없음,자전거,남,73세,경상
2021072400100378,2021년 7월 24일 16시,토요일,대전광역시 유성구 지족동,경상사고,0,0,1,0,차대차 - 추돌,안전운전불이행,건조,맑음,단일로 - 기타,승용,남,58세,상해없음,승용,여,36세,경상
2021072400100418,2021년 7월 24일 17시,토요일,대전광역시 유성구 원신흥동,경상사고,0,0,3,0,차대차 - 추돌,안전운전불이행,건조,맑음,교차로 - 교차로안,승용,여,56세,상해없음,승용,남,28세,경상
2021072400100455,2021년 7월 24일 18시,토요일,대전광역시 유성구 덕명동,경상사고,0,0,2,0,차대차 - 후진중충돌,안전운전불이행,건조,맑음,교차로 - 교차로부근,승용,남,67세,기타불명,승용,남,47세,경상
2021072400100484,2021년 7월 24일 19시,토요일,대전광역시 서구 갈마동,경상사고,0,0,1,0,차대사람 - 기타,안전운전불이행,건조,맑음,교차로 - 교차로부근,승용,남,53세,상해없음,보행자,남,32세,경상
2021072400100547,2021년 7월 24일 21시,토요일,대전광역시 중구 용두동,경상사고,0,0,1,0,차대차 - 추돌,안전운전불이행,건조,맑음,단일로 - 기타,승용,남,37세,상해없음,승용,남,36세,경상
2021072400100575,2021년 7월 24일 22시,토요일,대전광역시 서구 월평동,경상사고,0,0,1,0,차대차 - 기타,안전거리미확보,건조,맑음,단일로 - 교량,승용,남,34세,상해없음,이륜,남,60세,경상
2021072400100576,2021년 7월 24일 22시,토요일,대전광역시 유성구 봉명동,경상사고,0,0,1,0,차대차 - 기타,안전운전불이행,건조,맑음,교차로 - 교차로안,승용,남,20세,기타불명,승용,여,25세,경상
2021072400100591,2021년 7월 24일 23시,토요일,대전광역시 서구 도마동,중상사고,0,1,0,0,차대사람 - 기타,신호위반,건조,맑음,교차로 - 교차로부근,승용,남,61세,상해없음,보행자,남,66세,중상
2021072500100108,2021년 7월 25일 11시,일요일,대전광역시 서구 갈마동,중상사고,0,1,0,0,차대차 - 기타,직진우회전진행방해,건조,맑음,교차로 - 교차로안,원동기,남,22세,기타불명,승용,여,54세,중상
2021072500100206,2021년 7월 25일 14시,일요일,대전광역시 서구 관저동,경상사고,0,0,1,0,차대차 - 추돌,안전거리미확보,건조,맑음,단일로 - 기타,승용,남,23세,상해없음,이륜,남,47세,경상
2021072500100207,2021년 7월 25일 14시,일요일,대전광역시 서구 갈마동,중상사고,0,1,1,0,차대차 - 기타,안전운전불이행,건조,맑음,교차로 - 교차로안,승용,남,36세,경상,이륜,남,48세,중상
2021072500100269,2021년 7월 25일 16시,일요일,대전광역시 동구 용전동,경상사고,0,0,1,0,차대차 - 측면충돌,안전운전불이행,건조,맑음,단일로 - 기타,승용,남,55세,상해없음,승용,남,56세,경상
2021072500100270,2021년 7월 25일 16시,일요일,대전광역시 동구 대동,경상사고,0,0,1,0,차대차 - 측면충돌,기타,건조,맑음,교차로 - 교차로안,승용,여,53세,상해없음,승용,여,60세,경상
2021072500100271,2021년 7월 25일 16시,일요일,대전광역시 서구 복수동,중상사고,0,3,1,0,차대차 - 추돌,안전운전불이행,건조,맑음,교차로 - 교차로부근,승용,남,48세,상해없음,승용,여,55세,경상
2021072500100272,2021년 7월 25일 16시,일요일,대전광역시 서구 월평동,중상사고,0,1,0,0,차대차 - 측면충돌,신호위반,건조,맑음,교차로 - 교차로안,이륜,남,44세,상해없음,이륜,남,27세,중상
2021072500100273,2021년 7월 25일 16시,일요일,대전광역시 유성구 장대동,경상사고,0,0,2,0,차대차 - 추돌,안전운전불이행,건조,맑음,단일로 - 기타,승용,여,21세,상해없음,승용,남,49세,경상
2021072500100306,2021년 7월 25일 17시,일요일,대전광역시 서구 탄방동,경상사고,0,0,1,0,차대차 - 기타,안전운전불이행,건조,맑음,단일로 - 기타,승용,여,62세,상해없음,승용,남,37세,경상
2021072600100008,2021년 7월 26일 00시,월요일,대전광역시 서구 월평동,경상사고,0,0,1,0,차대차 - 후진중충돌,불법유턴,건조,맑음,교차로 - 교차로안,승용,남,65세,상해없음,이륜,남,36세,경상
2021072600100060,2021년 7월 26일 07시,월요일,대전광역시 중구 산성동,경상사고,0,0,1,0,차대차 - 측면충돌,안전운전불이행,건조,맑음,단일로 - 기타,승용,여,26세,상해없음,자전거,여,45세,경상
2021072600100096,2021년 7월 26일 08시,월요일,대전광역시 중구 오류동,경상사고,0,0,1,0,차대사람 - 길가장자리구역통행중,안전운전불이행,건조,맑음,단일로 - 기타,승용,여,74세,상해없음,보행자,남,23세,경상
2021072600100136,2021년 7월 26일 09시,월요일,대전광역시 중구 유천동,경상사고,0,0,1,0,차대차 - 기타,안전거리미확보,건조,맑음,교차로 - 교차로부근,화물,남,78세,상해없음,승용,남,27세,경상
2021072600100137,2021년 7월 26일 09시,월요일,대전광역시 서구 둔산동,경상사고,0,0,1,0,차대차 - 추돌,신호위반,건조,맑음,교차로 - 교차로안,승용,여,60세,상해없음,승용,남,48세,경상
2021072600100138,2021년 7월 26일 09시,월요일,대전광역시 유성구 어은동,경상사고,0,0,3,0,차대차 - 측면충돌,차로위반,건조,맑음,교차로 - 교차로부근,승용,남,65세,상해없음,승용,남,36세,경상
2021072600100182,2021년 7월 26일 10시,월요일,대전광역시 서구 도마동,경상사고,0,0,1,0,차대차 - 기타,안전운전불이행,건조,맑음,단일로 - 기타,화물,남,60세,상해없음,화물,남,41세,경상
2021072600100266,2021년 7월 26일 12시,월요일,대전광역시 대덕구 오정동,경상사고,0,0,1,0,차대사람 - 길가장자리구역통행중,안전운전불이행,건조,맑음,단일로 - 기타,승용,남,76세,상해없음,보행자,남,78세,경상
2021072600100303,2021년 7월 26일 13시,월요일,대전광역시 동구 용운동,중상사고,0,1,1,0,차대차 - 기타,직진우회전진행방해,건조,맑음,교차로 - 교차로안,이륜,남,37세,중상,승용,남,44세,경상
2021072600100345,2021년 7월 26일 14시,월요일,대전광역시 대덕구 상서동,경상사고,0,0,1,0,차대차 - 기타,신호위반,건조,맑음,교차로 - 교차로안,승용,여,26세,상해없음,승용,남,44세,경상
2021072600100346,2021년 7월 26일 14시,월요일,대전광역시 서구 월평동,경상사고,0,0,1,0,차대차 - 기타,안전운전불이행,건조,맑음,교차로 - 교차로안,화물,남,40세,기타불명,원동기,남,20세,경상
2021072600100382,2021년 7월 26일 15시,월요일,대전광역시 대덕구 석봉동,중상사고,0,1,1,0,차대차 - 기타,신호위반,건조,맑음,교차로 - 교차로안,승용,남,22세,기타불명,승용,남,45세,중상
2021072600100461,2021년 7월 26일 17시,월요일,대전광역시 대덕구 비래동,중상사고,0,1,0,0,차대차 - 측면충돌,교차로운행방법위반,건조,맑음,교차로 - 교차로안,승용,남,54세,상해없음,승용,남,61세,중상
2021072600100462,2021년 7월 26일 17시,월요일,대전광역시 유성구 구암동,경상사고,0,0,3,0,차대차 - 추돌,안전운전불이행,건조,맑음,교차로 - 교차로부근,화물,남,55세,상해없음,승용,여,37세,경상
2021072600100510,2021년 7월 26일 18시,월요일,대전광역시 서구 둔산동,경상사고,0,0,1,0,차대차 - 기타,안전운전불이행,건조,맑음,단일로 - 기타,승용,남,70세,상해없음,기타불명,기타불명,미분류,기타불명
2021072600100597,2021년 7월 26일 21시,월요일,대전광역시 대덕구 대화동,경상사고,0,0,1,0,차대사람 - 기타,안전운전불이행,건조,맑음,기타 - 기타,승용,남,54세,기타불명,보행자,남,49세,경상
2021072600100622,2021년 7월 26일 22시,월요일,대전광역시 중구 유천동,경상사고,0,0,1,0,차대사람 - 기타,안전운전불이행,건조,흐림,단일로 - 기타,승용,여,60세,상해없음,보행자,남,36세,경상
2021072600100623,2021년 7월 26일 22시,월요일,대전광역시 서구 갈마동,경상사고,0,0,2,0,차대차 - 후진중충돌,안전운전불이행,건조,맑음,기타 - 기타,승용,남,30세,상해없음,승용,여,23세,상해없음
2021072700100017,2021년 7월 27일 02시,화요일,대전광역시 동구 대성동,중상사고,0,1,1,0,차량단독 - 공작물충돌,안전운전불이행,건조,맑음,단일로 - 기타,승용,남,24세,상해없음,,,,
2021072700100112,2021년 7월 27일 08시,화요일,대전광역시 중구 선화동,경상사고,0,0,1,0,차대차 - 기타,안전거리미확보,건조,맑음,교차로 - 교차로안,이륜,남,29세,상해없음,승용,여,48세,경상
2021072700100140,2021년 7월 27일 09시,화요일,대전광역시 동구 가오동,경상사고,0,0,1,0,차대차 - 기타,신호위반,건조,맑음,교차로 - 교차로안,승용,여,47세,상해없음,개인형이동수단(PM),남,62세,경상
2021072700100228,2021년 7월 27일 11시,화요일,대전광역시 중구 선화동,중상사고,0,1,0,0,차대차 - 기타,불법유턴,건조,맑음,단일로 - 기타,이륜,남,48세,상해없음,자전거,남,71세,중상
2021072700100229,2021년 7월 27일 11시,화요일,대전광역시 서구 만년동,경상사고,0,0,1,0,차대차 - 기타,안전운전불이행,건조,맑음,교차로 - 교차로안,승용,여,51세,기타불명,승용,남,32세,경상
2021072700100230,2021년 7월 27일 11시,화요일,대전광역시 유성구 가정동,경상사고,0,0,1,0,차대차 - 기타,신호위반,건조,맑음,교차로 - 교차로안,승용,남,52세,상해없음,승용,여,62세,경상
2021072700100231,2021년 7월 27일 11시,화요일,대전광역시 유성구 봉명동,경상사고,0,0,1,0,차대차 - 기타,안전운전불이행,건조,맑음,교차로 - 교차로안,이륜,남,56세,상해없음,화물,남,32세,경상
2021072700100268,2021년 7월 27일 12시,화요일,대전광역시 동구 판암동,경상사고,0,0,1,0,차대차 - 후진중충돌,안전운전불이행,건조,맑음,교차로 - 교차로안,화물,남,50세,상해없음,승합,남,51세,경상
2021072700100328,2021년 7월 27일 14시,화요일,대전광역시 중구 석교동,경상사고,0,0,1,0,차대차 - 기타,안전거리미확보,건조,맑음,단일로 - 기타,승용,남,63세,상해없음,원동기,남,24세,경상
2021072700100329,2021년 7월 27일 14시,화요일,대전광역시 중구 문화동,경상사고,0,0,1,0,차대차 - 기타,신호위반,건조,맑음,단일로 - 기타,승용,여,37세,상해없음,승용,남,30세,경상
2021072700100330,2021년 7월 27일 14시,화요일,대전광역시 유성구 봉명동,경상사고,0,0,2,0,차대차 - 추돌,안전운전불이행,건조,맑음,기타 - 기타,승용,남,19세,상해없음,승합,남,64세,경상
2021072700100364,2021년 7월 27일 15시,화요일,대전광역시 동구 용운동,경상사고,0,0,1,0,차대차 - 측면충돌,교차로운행방법위반,건조,맑음,교차로 - 교차로안,승합,남,56세,상해없음,승용,남,28세,경상