사고번호,사고일시,요일,시군구,사고내용,사망자수,중상자수,경상자수,부상신고자수,사고유형,법규위반,노면상태,기상상태,도로형태,가해운전자 차종,가해운전자 성별,가해운전자 연령,가해운전자 상해정도,피해운전자 차종,피해운전자 성별,피해운전자 연령,피해운전자 상해정도
2021072700100399,2021년 7월 27일 16시,화요일,대전광역시 서구 관저동,경상사고,0,0,1,0,차대차 - 기타,안전거리미확보,건조,맑음,단일로 - 기타,승용,여,47세,상해없음,승합,남,46세,상해없음
2021072700100446,2021년 7월 27일 17시,화요일,대전광역시 중구 태평동,중상사고,0,1,0,0,차대사람 - 기타,안전운전불이행,건조,맑음,단일로 - 기타,승용,남,62세,상해없음,보행자,남,62세,중상
2021072700100498,2021년 7월 27일 18시,화요일,대전광역시 동구 용전동,경상사고,0,0,1,0,차대차 - 측면충돌,안전운전불이행,건조,맑음,단일로 - 기타,승용,남,61세,상해없음,이륜,남,34세,경상
2021072700100499,2021년 7월 27일 18시,화요일,대전광역시 대덕구 오정동,경상사고,0,0,1,1,차대차 - 측면충돌,직진우회전진행방해,건조,맑음,교차로 - 교차로안,이륜,남,27세,부상신고,승용,남,46세,경상
2021072700100538,2021년 7월 27일 19시,화요일,대전광역시 대덕구 중리동,경상사고,0,0,1,0,차대차 - 기타,신호위반,건조,맑음,교차로 - 교차로안,승용,남,23세,상해없음,승용,남,68세,경상
2021072700100564,2021년 7월 27일 20시,화요일,대전광역시 대덕구 중리동,중상사고,0,1,0,0,차대차 - 측면충돌,안전거리미확보,건조,맑음,단일로 - 기타,승용,남,62세,상해없음,승용,남,31세,중상
2021072700100612,2021년 7월 27일 22시,화요일,대전광역시 중구 산성동,경상사고,0,0,2,0,차대차 - 기타,안전운전불이행,건조,맑음,단일로 - 기타,화물,여,55세,경상,원동기,남,34세,경상
2021072700100613,2021년 7월 27일 22시,화요일,대전광역시 유성구 봉명동,경상사고,0,0,2,0,차대차 - 기타,안전운전불이행,건조,맑음,기타 - 기타,승용,남,47세,상해없음,승용,남,25세,경상
2021072800100014,2021년 7월 28일 01시,수요일,대전광역시 대덕구 신일동,중상사고,0,1,1,0,차량단독 - 공작물충돌,안전운전불이행,건조,맑음,교차로 - 교차로안,승용,남,24세,상해없음,,,,
2021072800100025,2021년 7월 28일 04시,수요일,대전광역시 동구 삼성동,중상사고,0,1,0,0,차대사람 - 횡단중,안전운전불이행,건조,맑음,교차로 - 교차로부근,승용,남,66세,상해없음,보행자,남,64세,중상
2021072800100033,2021년 7월 28일 05시,수요일,대전광역시 서구 둔산동,경상사고,0,0,1,0,차대차 - 측면충돌,안전운전불이행,건조,맑음,교차로 - 교차로안,승용,남,64세,상해없음,자전거,남,64세,경상
2021072800100108,2021년 7월 28일 08시,수요일,대전광역시 대덕구 신대동,경상사고,0,0,1,0,차대차 - 후진중충돌,안전운전불이행,건조,맑음,교차로 - 교차로부근,승용,여,60세,상해없음,승용,남,30세,경상
2021072800100109,2021년 7월 28일 08시,수요일,대전광역시 서구 월평동,경상사고,0,0,2,0,차대차 - 기타,기타,건조,맑음,단일로 - 기타,승용,남,28세,경상,승용,남,43세,경상
2021072800100110,2021년 7월 28일 08시,수요일,대전광역시 유성구 노은동,중상사고,0,1,0,0,차대차 - 측면충돌,안전운전불이행,건조,맑음,단일로 - 기타,승용,여,57세,상해없음,자전거,여,64세,중상
2021072800100111,2021년 7월 28일 08시,수요일,대전광역시 유성구 신성동,경상사고,0,0,1,0,차대차 - 기타,신호위반,건조,맑음,교차로 - 교차로안,승용,남,50세,상해없음,자전거,남,46세,경상
2021072800100112,2021년 7월 28일 08시,수요일,대전광역시 유성구 세동,경상사고,0,0,1,0,차대차 - 추돌,안전운전불이행,건조,맑음,단일로 - 터널,승용,여,57세,기타불명,승용,남,51세,경상
2021072800100142,2021년 7월 28일 09시,수요일,대전광역시 대덕구 중리동,중상사고,0,1,0,0,차대차 - 정면충돌,안전거리미확보,건조,맑음,교차로 - 교차로부근,승용,남,51세,기타불명,승용,여,46세,중상
2021072800100202,2021년 7월 28일 11시,수요일,대전광역시 서구 탄방동,중상사고,0,1,0,0,차대차 - 기타,중앙선침범,건조,맑음,단일로 - 기타,승합,남,36세,상해없음,이륜,남,41세,중상
2021072800100203,2021년 7월 28일 11시,수요일,대전광역시 유성구 장대동,경상사고,0,0,5,0,차대차 - 추돌,안전운전불이행,건조,맑음,단일로 - 기타,승용,남,23세,경상,승용,남,51세,경상
2021072800100237,2021년 7월 28일 12시,수요일,대전광역시 동구 판암동,중상사고,0,2,0,0,차대차 - 측면충돌,신호위반,건조,맑음,교차로 - 교차로안,승용,남,51세,상해없음,이륜,남,41세,중상
2021072800100238,2021년 7월 28일 12시,수요일,대전광역시 동구 성남동,중상사고,0,1,1,0,차대차 - 측면충돌,신호위반,건조,맑음,단일로 - 지하차도(도로)내,승용,여,51세,중상,승용,남,29세,경상
2021072800100340,2021년 7월 28일 15시,수요일,대전광역시 유성구 원신흥동,중상사고,0,1,1,0,차대차 - 측면충돌,안전운전불이행,건조,맑음,교차로 - 교차로안,승용,여,61세,경상,이륜,남,41세,중상
2021072800100376,2021년 7월 28일 16시,수요일,대전광역시 동구 대동,경상사고,0,0,2,0,차대차 - 측면충돌,교차로운행방법위반,건조,맑음,교차로 - 교차로안,이륜,남,49세,상해없음,승용,여,53세,경상
2021072800100377,2021년 7월 28일 16시,수요일,대전광역시 유성구 봉명동,부상신고사고,0,0,0,1,차대차 - 추돌,신호위반,건조,맑음,교차로 - 교차로안,승용,여,43세,상해없음,이륜,남,22세,부상신고
2021072800100435,2021년 7월 28일 17시,수요일,대전광역시 대덕구 읍내동,경상사고,0,0,1,0,차대차 - 측면충돌,안전운전불이행,건조,맑음,단일로 - 기타,승용,남,58세,상해없음,승용,여,59세,경상
2021072800100489,2021년 7월 28일 18시,수요일,대전광역시 대덕구 중리동,경상사고,0,0,1,0,차대사람 - 차도통행중,안전운전불이행,건조,맑음,단일로 - 기타,승용,남,64세,상해없음,보행자,남,52세,경상
2021072800100490,2021년 7월 28일 18시,수요일,대전광역시 서구 탄방동,경상사고,0,0,2,0,차대차 - 측면충돌,안전거리미확보,건조,맑음,단일로 - 기타,승용,남,56세,경상,승용,남,23세,경상
2021072800100544,2021년 7월 28일 20시,수요일,대전광역시 서구 괴정동,경상사고,0,0,1,0,차대차 - 기타,안전운전불이행,건조,맑음,단일로 - 기타,승용,남,55세,상해없음,승용,남,37세,경상
2021072800100545,2021년 7월 28일 20시,수요일,대전광역시 서구 탄방동,경상사고,0,0,2,0,차대차 - 기타,안전운전불이행,건조,맑음,교차로 - 교차로부근,승용,남,70세,상해없음,승용,남,36세,경상
2021072900100037,2021년 7월 29일 05시,목요일,대전광역시 동구 소제동,중상사고,0,1,1,0,차대차 - 정면충돌,신호위반,건조,맑음,교차로 - 교차로안,승용,남,80세,상해없음,승용,남,66세,경상
2021072900100044,2021년 7월 29일 06시,목요일,대전광역시 서구 괴정동,경상사고,0,0,2,0,차대차 - 기타,중앙선침범,건조,맑음,교차로 - 교차로부근,승용,여,38세,상해없음,화물,남,63세,경상
2021072900100128,2021년 7월 29일 09시,목요일,대전광역시 중구 유천동,경상사고,0,0,1,0,차대차 - 기타,안전운전불이행,건조,맑음,교차로 - 교차로부근,화물,남,57세,상해없음,이륜,남,77세,경상
2021072900100198,2021년 7월 29일 11시,목요일,대전광역시 중구 오류동,경상사고,0,0,1,0,차대차 - 측면충돌,신호위반,건조,맑음,교차로 - 교차로부근,승용,남,66세,상해없음,승용,남,31세,경상
2021072900100199,2021년 7월 29일 11시,목요일,대전광역시 유성구 용산동,경상사고,0,0,1,0,차대차 - 추돌,안전운전불이행,건조,맑음,교차로 - 교차로부근,이륜,남,24세,상해없음,승용,여,40세,경상
2021072900100302,2021년 7월 29일 14시,목요일,대전광역시 중구 태평동,경상사고,0,0,3,0,차대차 - 측면충돌,안전거리미확보,건조,맑음,단일로 - 교량,승용,남,62세,상해없음,승용,남,23세,경상
2021072900100303,2021년 7월 29일 14시,목요일,대전광역시 서구 둔산동,경상사고,0,0,1,0,차대차 - 기타,안전운전불이행,건조,맑음,단일로 - 기타,승용,남,32세,상해없음,이륜,남,52세,경상
2021072900100330,2021년 7월 29일 15시,목요일,대전광역시 서구 탄방동,경상사고,0,0,1,0,차대차 - 기타,교차로운행방법위반,건조,맑음,교차로 - 교차로안,이륜,남,28세,경상,승용,남,24세,상해없음
2021072900100369,2021년 7월 29일 16시,목요일,대전광역시 동구 가오동,경상사고,0,0,1,0,차대차 - 측면충돌,직진우회전진행방해,건조,맑음,교차로 - 교차로안,승용,여,50세,경상,승용,남,60세,상해없음
2021072900100440,2021년 7월 29일 18시,목요일,대전광역시 서구 내동,경상사고,0,0,3,0,차대차 - 정면충돌,신호위반,건조,맑음,교차로 - 교차로안,승용,남,55세,상해없음,승용,남,30세,경상
2021072900100441,2021년 7월 29일 18시,목요일,대전광역시 유성구 전민동,경상사고,0,0,1,0,차대차 - 기타,교차로운행방법위반,건조,맑음,교차로 - 교차로안,승용,여,65세,기타불명,승용,남,30세,경상
2021072900100442,2021년 7월 29일 18시,목요일,대전광역시 유성구 봉명동,경상사고,0,0,1,0,차대차 - 후진중충돌,안전운전불이행,건조,맑음,단일로 - 기타,승용,남,51세,상해없음,승용,여,27세,경상
2021072900100471,2021년 7월 29일 19시,목요일,대전광역시 서구 복수동,경상사고,0,0,4,0,차대차 - 기타,교차로운행방법위반,건조,맑음,교차로 - 교차로안,화물,남,65세,상해없음,승합,남,52세,경상
2021072900100521,2021년 7월 29일 21시,목요일,대전광역시 동구 용전동,사망사고,1,0,0,0,차대사람 - 횡단중,안전운전불이행,건조,맑음,단일로 - 기타,승용,남,36세,상해없음,보행자,여,69세,사망
2021072900100522,2021년 7월 29일 21시,목요일,대전광역시 서구 월평동,경상사고,0,0,1,0,차대차 - 기타,신호위반,건조,맑음,교차로 - 교차로횡단보도내,승용,남,64세,상해없음,자전거,남,47세,경상
2021072900100570,2021년 7월 29일 23시,목요일,대전광역시 동구 삼정동,경상사고,0,0,2,0,차대차 - 기타,안전운전불이행,건조,맑음,단일로 - 기타,승용,남,19세,상해없음,승용,남,31세,경상
2021073000100011,2021년 7월 30일 02시,금요일,대전광역시 대덕구 오정동,중상사고,0,1,0,0,차량단독 - 공작물충돌,안전운전불이행,건조,맑음,단일로 - 기타,이륜,남,21세,중상,,,,
2021073000100039,2021년 7월 30일 06시,금요일,대전광역시 대덕구 오정동,중상사고,0,1,0,0,차대차 - 측면충돌,중앙선침범,건조,맑음,교차로 - 교차로안,농기계,남,61세,상해없음,자전거,여,72세,중상
2021073000100091,2021년 7월 30일 08시,금요일,대전광역시 동구 용전동,중상사고,0,1,2,0,차대차 - 측면충돌,직진우회전진행방해,건조,맑음,교차로 - 교차로안,승용,여,61세,경상,승용,남,28세,중상
2021073000100092,2021년 7월 30일 08시,금요일,대전광역시 서구 탄방동,경상사고,0,0,1,0,차대차 - 추돌,안전거리미확보,건조,맑음,단일로 - 기타,승용,남,34세,상해없음,승용,남,34세,경상
2021073000100114,2021년 7월 30일 09시,금요일,대전광역시 서구 변동,경상사고,0,0,1,0,차대차 - 측면충돌,안전운전불이행,건조,맑음,교차로 - 교차로횡단보도내,승용,남,72세,상해없음,승합,남,47세,경상
2021073000100115,2021년 7월 30일 09시,금요일,대전광역시 서구 용문동,경상사고,0,0,1,0,차대차 - 기타,교차로운행방법위반,건조,맑음,교차로 - 교차로안,화물,남,48세,상해없음,승용,여,49세,경상
2021073000100186,2021년 7월 30일 11시,금요일,대전광역시 유성구 학하동,중상사고,0,3,1,0,차대차 - 측면충돌,신호위반,건조,맑음,교차로 - 교차로안,승용,남,65세,경상,승용,여,54세,중상
2021073000100187,2021년 7월 30일 11시,금요일,대전광역시 유성구 장대동,경상사고,0,0,1,0,차대차 - 기타,안전운전불이행,건조,맑음,교차로 - 교차로부근,승용,여,53세,상해없음,승용,남,30세,경상
2021073000100227,2021년 7월 30일 12시,금요일,대전광역시 동구 가오동,중상사고,0,1,0,0,차대차 - 측면충돌,안전운전불이행,건조,맑음,단일로 - 기타,승용,남,32세,상해없음,이륜,남,31세,중상
2021073000100228,2021년 7월 30일 12시,금요일,대전광역시 서구 정림동,경상사고,0,0,1,0,차대차 - 추돌,안전운전불이행,건조,맑음,교차로 - 교차로부근,승용,남,71세,상해없음,승용,남,21세,경상
2021073000100272,2021년 7월 30일 13시,금요일,대전광역시 서구 둔산동,경상사고,0,0,1,0,차대차 - 기타,안전운전불이행,건조,맑음,교차로 - 교차로안,승용,여,35세,상해없음,승용,남,26세,경상
2021073000100273,2021년 7월 30일 13시,금요일,대전광역시 서구 탄방동,경상사고,0,0,1,0,차대차 - 기타,안전운전불이행,건조,맑음,단일로 - 기타,승용,남,26세,상해없음,이륜,여,36세,경상
2021073000100274,2021년 7월 30일 13시,금요일,대전광역시 유성구 원신흥동,경상사고,0,0,1,0,차대차 - 측면충돌,신호위반,건조,맑음,교차로 - 교차로안,승용,여,69세,상해없음,이륜,남,47세,경상
2021073000100308,2021년 7월 30일 14시,금요일,대전광역시 서구 도마동,경상사고,0,0,1,0,차대사람 - 기타,안전운전불이행,건조,맑음,기타 - 기타,자전거,남,62세,기타불명,보행자,남,69세,경상
2021073000100342,2021년 7월 30일 15시,금요일,대전광역시 중구 산성동,중상사고,0,1,0,0,차대차 - 정면충돌,중앙선침범,건조,맑음,단일로 - 기타,승용,남,70세,상해없음,이륜,남,45세,중상
2021073000100430,2021년 7월 30일 17시,금요일,대전광역시 대덕구 목상동,경상사고,0,0,2,0,차대차 - 추돌,안전운전불이행,건조,맑음,교차로 - 교차로부근,승용,여,31세,상해없음,화물,남,53세,경상
2021073000100431,2021년 7월 30일 17시,금요일,대전광역시 서구 둔산동,경상사고,0,0,1,0,차대사람 - 횡단중,안전운전불이행,건조,맑음,교차로 - 교차로안,승용,남,53세,상해없음,보행자,남,17세,경상
2021073000100432,2021년 7월 30일 17시,금요일,대전광역시 유성구 원내동,경상사고,0,0,1,0,차대차 - 추돌,안전거리미확보,건조,맑음,단일로 - 기타,승용,여,40세,상해없음,승용,남,66세,경상
2021073000100433,2021년 7월 30일 17시,금요일,대전광역시 유성구 장대동,경상사고,0,0,3,0,차대차 - 추돌,안전거리미확보,건조,맑음,단일로 - 지하차도(도로)내,화물,남,59세,상해없음,승용,여,24세,경상
2021073000100471,2021년 7월 30일 18시,금요일,대전광역시 유성구 둔곡동,중상사고,0,2,0,0,차대차 - 기타,안전운전불이행,건조,맑음,교차로 - 교차로안,승용,남,27세,상해없음,승용,여,28세,중상
2021073000100532,2021년 7월 30일 20시,금요일,대전광역시 동구 가양동,경상사고,0,0,1,0,차대차 - 후진중충돌,안전운전불이행,건조,맑음,교차로 - 교차로안,승용,여,29세,상해없음,승용,남,25세,경상
2021073000100533,2021년 7월 30일 20시,금요일,대전광역시 서구 둔산동,경상사고,0,0,1,0,차대차 - 기타,안전운전불이행,건조,맑음,단일로 - 기타,이륜,남,26세,상해없음,이륜,남,30세,경상
2021073000100565,2021년 7월 30일 21시,금요일,대전광역시 동구 대성동,경상사고,0,0,1,0,차대차 - 추돌,안전운전불이행,건조,맑음,교차로 - 교차로부근,승용,남,40세,상해없음,승용,남,34세,경상
2021073000100625,2021년 7월 30일 23시,금요일,대전광역시 동구 정동,경상사고,0,0,2,0,차대차 - 정면충돌,중앙선침범,건조,맑음,교차로 - 교차로안,승용,남,41세,상해없음,승용,남,58세,경상
2021073100100013,2021년 7월 31일 00시,토요일,대전광역시 유성구 봉명동,경상사고,0,0,2,0,차대차 - 추돌,안전운전불이행,젖음/습기,비,교차로 - 교차로부근,승용,여,30세,상해없음,승용,남,31세,경상
2021073100100026,2021년 7월 31일 01시,토요일,대전광역시 대덕구 중리동,경상사고,0,0,1,0,차대차 - 측면충돌,중앙선침범,건조,맑음,단일로 - 기타,승용,여,50세,상해없음,승용,남,38세,경상
2021073100100027,2021년 7월 31일 01시,토요일,대전광역시 유성구 문지동,중상사고,0,1,0,0,차대사람 - 기타,안전운전불이행,젖음/습기,비,단일로 - 기타,승용,여,63세,상해없음,보행자,남,35세,중상
2021073100100049,2021년 7월 31일 05시,토요일,대전광역시 서구 둔산동,경상사고,0,0,1,0,차대차 - 측면충돌,신호위반,건조,맑음,교차로 - 교차로안,승용,남,20세,상해없음,승용,남,63세,경상
2021073100100072,2021년 7월 31일 07시,토요일,대전광역시 중구 문화동,부상신고사고,0,0,0,1,차대사람 - 차도통행중,안전운전불이행,건조,맑음,단일로 - 기타,승용,남,30세,상해없음,보행자,여,87세,부상신고
2021073100100156,2021년 7월 31일 11시,토요일,대전광역시 유성구 장대동,중상사고,0,2,2,2,차대차 - 추돌,안전운전불이행,건조,맑음,기타 - 기타,승용,남,48세,기타불명,승용,여,56세,경상
2021073100100207,2021년 7월 31일 12시,토요일,대전광역시 대덕구 신탄진동,경상사고,0,0,1,0,차대차 - 측면충돌,차로위반,건조,맑음,단일로 - 기타,승합,남,51세,상해없음,승용,남,71세,경상
2021073100100208,2021년 7월 31일 12시,토요일,대전광역시 대덕구 덕암동,경상사고,0,0,2,0,차대차 - 측면충돌,안전운전불이행,건조,맑음,단일로 - 기타,승용,여,36세,경상,화물,남,53세,경상
2021073100100209,2021년 7월 31일 12시,토요일,대전광역시 서구 탄방동,중상사고,0,1,0,0,차량단독 - 공작물충돌,안전운전불이행,건조,맑음,단일로 - 기타,승용,남,66세,상해없음,,,,
2021073100100210,2021년 7월 31일 12시,토요일,대전광역시 유성구 봉명동,경상사고,0,0,2,0,차대차 - 측면충돌,신호위반,건조,맑음,교차로 - 교차로안,승용,여,32세,상해없음,승용,남,38세,경상
2021073100100258,2021년 7월 31일 13시,토요일,대전광역시 서구 탄방동,중상사고,0,1,1,0,차대차 - 기타,교차로운행방법위반,건조,맑음,교차로 - 교차로안,승용,여,32세,경상,이륜,여,27세,중상
2021073100100433,2021년 7월 31일 18시,토요일,대전광역시 서구 도마동,경상사고,0,0,2,0,차대차 - 추돌,안전운전불이행,건조,맑음,단일로 - 기타,화물,남,47세,상해없음,승용,남,32세,경상
2021073100100434,2021년 7월 31일 18시,토요일,대전광역시 유성구 지족동,경상사고,0,0,1,0,차대차 - 추돌,안전운전불이행,건조,맑음,단일로 - 지하차도(도로)내,승용,남,54세,상해없음,승용,여,28세,상해없음
2021073100100465,2021년 7월 31일 19시,토요일,대전광역시 대덕구 석봉동,경상사고,0,0,1,0,차대차 - 기타,중앙선침범,건조,맑음,기타 - 기타,승용,남,55세,상해없음,화물,남,61세,경상
2021073100100466,2021년 7월 31일 19시,토요일,대전광역시 서구 둔산동,경상사고,0,0,1,0,차대차 - 기타,안전운전불이행,건조,맑음,단일로 - 기타,승용,남,61세,상해없음,화물,남,42세,경상
2021073100100529,2021년 7월 31일 21시,토요일,대전광역시 동구 용전동,경상사고,0,0,2,0,차대차 - 측면충돌,직진우회전진행방해,건조,맑음,교차로 - 교차로안,이륜,남,39세,경상,승용,여,32세,경상
2021073100100566,2021년 7월 31일 23시,토요일,대전광역시 중구 유천동,중상사고,0,1,0,0,차대사람 - 횡단중,안전운전불이행,건조,맑음,단일로 - 기타,이륜,남,21세,상해없음,보행자,남,62세,중상
2021080100100073,2021년 8월 1일 09시,일요일,대전광역시 중구 대사동,경상사고,0,0,1,0,차대차 - 추돌,안전거리미확보,건조,맑음,단일로 - 기타,승용,여,64세,상해없음,승용,남,24세,경상
2021080100100120,2021년 8월 1일 11시,일요일,대전광역시 동구 천동,경상사고,0,0,3,0,차대차 - 측면충돌,안전운전불이행,건조,맑음,교차로 - 교차로횡단보도내,승합,남,51세,경상,승용,남,44세,경상
2021080100100170,2021년 8월 1일 13시,일요일,대전광역시 서구 내동,경상사고,0,0,2,0,차대차 - 추돌,안전거리미확보,건조,맑음,교차로 - 교차로부근,승용,여,71세,상해없음,승용,남,49세,경상
2021080100100171,2021년 8월 1일 13시,일요일,대전광역시 서구 둔산동,경상사고,0,0,1,0,차대사람 - 기타,보행자보호의무위반,건조,맑음,단일로 - 기타,승용,남,31세,상해없음,보행자,여,33세,경상
2021080100100172,2021년 8월 1일 13시,일요일,대전광역시 유성구 장대동,경상사고,0,0,2,0,차대차 - 기타,안전운전불이행,건조,맑음,교차로 - 교차로부근,건설기계,남,63세,상해없음,승용,여,29세,경상
2021080100100192,2021년 8월 1일 14시,일요일,대전광역시 서구 월평동,경상사고,0,0,2,0,차대차 - 기타,안전운전불이행,젖음/습기,비,단일로 - 교량,승용,남,37세,상해없음,승용,남,40세,경상
2021080100100213,2021년 8월 1일 15시,일요일,대전광역시 유성구 하기동,경상사고,0,0,1,0,차대차 - 측면충돌,안전운전불이행,건조,맑음,단일로 - 기타,승용,남,22세,상해없음,승용,남,62세,상해없음
2021080100100311,2021년 8월 1일 18시,일요일,대전광역시 서구 관저동,경상사고,0,0,1,0,차대차 - 기타,안전거리미확보,젖음/습기,비,단일로 - 기타,승용,남,52세,상해없음,원동기,남,21세,경상
2021080100100312,2021년 8월 1일 18시,일요일,대전광역시 서구 둔산동,경상사고,0,0,1,0,차대차 - 기타,직진우회전진행방해,젖음/습기,비,교차로 - 교차로안,승용,남,36세,상해없음,이륜,남,27세,경상
2021080100100313,2021년 8월 1일 18시,일요일,대전광역시 유성구 자운동,경상사고,0,0,1,0,차대차 - 기타,신호위반,젖음/습기,비,교차로 - 교차로안,이륜,남,16세,상해없음,승용,남,32세,경상
2021080100100388,2021년 8월 1일 20시,일요일,대전광역시 동구 가양동,경상사고,0,0,2,0,차대차 - 기타,신호위반,젖음/습기,비,교차로 - 교차로안,승용,남,34세,상해없음,승용,남,30세,경상
2021080100100389,2021년 8월 1일 20시,일요일,대전광역시 유성구 장대동,경상사고,0,0,1,0,차대차 - 기타,신호위반,젖음/습기,기타,교차로 - 교차로안,승용,남,31세,상해없음,승용,남,52세,경상
2021080100100424,2021년 8월 1일 21시,일요일,대전광역시 동구 중동,경상사고,0,0,3,0,차대차 - 기타,교차로운행방법위반,젖음/습기,맑음,교차로 - 교차로안,승용,남,31세,상해없음,승용,남,23세,경상
2021080100100461,2021년 8월 1일 23시,일요일,대전광역시 서구 관저동,경상사고,0,0,1,0,차대차 - 기타,안전운전불이행,건조,맑음,단일로 - 기타,승용,남,64세,경상,화물,남,45세,기타불명
2021080200100009,2021년 8월 2일 00시,월요일,대전광역시 동구 소제동,중상사고,0,1,0,0,차대차 - 기타,신호위반,젖음/습기,비,교차로 - 교차로안,이륜,남,22세,기타불명,승용,여,31세,중상
2021080200100062,2021년 8월 2일 07시,월요일,대전광역시 대덕구 중리동,경상사고,0,0,3,0,차대차 - 정면충돌,안전운전불이행,젖음/습기,비,단일로 - 기타,승용,여,24세,상해없음,화물,남,75세,경상
2021080200100063,2021년 8월 2일 07시,월요일,대전광역시 유성구 봉명동,경상사고,0,0,1,0,차대사람 - 기타,안전운전불이행,건조,맑음,기타 - 기타,자전거,남,44세,상해없음,보행자,남,73세,경상
2021080200100081,2021년 8월 2일 08시,월요일,대전광역시 중구 태평동,경상사고,0,0,2,0,차대차 - 기타,신호위반,젖음/습기,비,교차로 - 교차로안,승용,여,48세,상해없음,승용,남,61세,경상
2021080200100082,2021년 8월 2일 08시,월요일,대전광역시 대덕구 읍내동,경상사고,0,0,1,0,차대사람 - 기타,안전운전불이행,젖음/습기,비,기타 - 기타,승용,남,72세,상해없음,보행자,여,62세,경상
2021080200100115,2021년 8월 2일 09시,월요일,대전광역시 유성구 노은동,경상사고,0,0,1,0,차대차 - 측면충돌,안전운전불이행,젖음/습기,비,교차로 - 교차로부근,승용,남,81세,상해없음,승합,남,57세,경상
2021080200100137,2021년 8월 2일 10시,월요일,대전광역시 동구 소제동,중상사고,0,1,1,0,차대차 - 추돌,안전운전불이행,젖음/습기,비,단일로 - 기타,승용,남,28세,경상,승용,여,51세,중상
2021080200100173,2021년 8월 2일 11시,월요일,대전광역시 중구 옥계동,중상사고,0,2,0,0,차대차 - 측면충돌,안전거리미확보,건조,맑음,단일로 - 기타,화물,남,28세,상해없음,승용,남,69세,중상
2021080200100174,2021년 8월 2일 11시,월요일,대전광역시 서구 용문동,경상사고,0,0,1,0,차대차 - 측면충돌,안전거리미확보,젖음/습기,비,단일로 - 기타,승용,여,58세,상해없음,승용,남,28세,경상
2021080200100175,2021년 8월 2일 11시,월요일,대전광역시 서구 둔산동,경상사고,0,0,2,0,차대차 - 측면충돌,안전운전불이행,젖음/습기,비,단일로 - 기타,승용,여,63세,상해없음,특수,남,61세,경상
2021080200100217,2021년 8월 2일 12시,월요일,대전광역시 대덕구 중리동,경상사고,0,0,1,0,차대차 - 기타,안전운전불이행,젖음/습기,비,기타 - 기타,승용,남,70세,상해없음,승용,여,47세,경상
2021080200100218,2021년 8월 2일 12시,월요일,대전광역시 유성구 장대동,경상사고,0,0,1,0,차대차 - 측면충돌,기타,젖음/습기,비,교차로 - 교차로부근,승용,남,42세,상해없음,승용,남,38세,경상
2021080200100240,2021년 8월 2일 13시,월요일,대전광역시 유성구 화암동,경상사고,0,0,2,0,차대차 - 추돌,안전운전불이행,건조,맑음,단일로 - 기타,화물,남,55세,상해없음,승용,여,25세,경상
2021080200100253,2021년 8월 2일 13시,월요일,대전광역시 유성구 용계동,중상사고,0,1,2,0,차대차 - 추돌,안전운전불이행,건조,맑음,단일로 - 기타,화물,남,66세,상해없음,승용,남,58세,경상
2021080200100335,2021년 8월 2일 15시,월요일,대전광역시 대덕구 중리동,경상사고,0,0,1,0,차대사람 - 횡단중,중앙선침범,건조,맑음,단일로 - 기타,승용,남,47세,상해없음,보행자,여,78세,경상
2021080200100367,2021년 8월 2일 16시,월요일,대전광역시 서구 월평동,경상사고,0,0,2,0,차대차 - 측면충돌,안전운전불이행,젖음/습기,맑음,교차로 - 교차로안,승용,남,72세,상해없음,승용,남,31세,경상
2021080200100401,2021년 8월 2일 17시,월요일,대전광역시 유성구 덕명동,경상사고,0,0,2,0,차대차 - 추돌,안전운전불이행,젖음/습기,비,단일로 - 기타,승용,남,74세,상해없음,승용,남,32세,경상
2021080200100424,2021년 8월 2일 18시,월요일,대전광역시 대덕구 덕암동,중상사고,0,2,0,0,차대차 - 기타,중앙선침범,젖음/습기,비,단일로 - 지하차도(도로)내,화물,남,49세,상해없음,승용,남,47세,중상
2021080200100451,2021년 8월 2일 18시,월요일,대전광역시 중구 문화동,중상사고,0,1,0,0,차대차 - 기타,안전거리미확보,젖음/습기,비,단일로 - 기타,승용,남,69세,상해없음,원동기,남,49세,중상
2021080200100452,2021년 8월 2일 18시,월요일,대전광역시 서구 가장동,경상사고,0,0,1,0,차대차 - 기타,안전운전불이행,건조,맑음,교차로 - 교차로안,승용,남,55세,상해없음,승용,남,42세,경상
2021080200100453,2021년 8월 2일 18시,월요일,대전광역시 서구 갈마동,경상사고,0,0,1,0,차대차 - 기타,안전운전불이행,젖음/습기,흐림,단일로 - 기타,승용,남,49세,상해없음,승용,남,32세,경상
2021080200100454,2021년 8월 2일 18시,월요일,대전광역시 유성구 장대동,경상사고,0,0,2,0,차대차 - 추돌,안전거리미확보,젖음/습기,비,단일로 - 기타,화물,남,56세,기타불명,승용,여,33세,경상
2021080200100480,2021년 8월 2일 19시,월요일,대전광역시 서구 관저동,경상사고,0,0,1,0,차대차 - 추돌,안전운전불이행,건조,맑음,단일로 - 기타,승용,여,26세,상해없음,승용,여,25세,경상
2021080200100540,2021년 8월 2일 21시,월요일,대전광역시 유성구 도룡동,경상사고,0,0,1,0,차대차 - 기타,신호위반,젖음/습기,흐림,교차로 - 교차로안,승용,남,69세,상해없음,승용,여,45세,경상