사고번호,사고일시,요일,시군구,사고내용,사망자수,중상자수,경상자수,부상신고자수,사고유형,법규위반,노면상태,기상상태,도로형태,가해운전자 차종,가해운전자 성별,가해운전자 연령,가해운전자 상해정도,피해운전자 차종,피해운전자 성별,피해운전자 연령,피해운전자 상해정도
2021083000100313,2021년 8월 30일 15시,월요일,대전광역시 유성구 구암동,경상사고,0,0,2,0,차대차 - 측면충돌,차로위반,건조,맑음,단일로 - 기타,승용,여,68세,기타불명,승용,여,34세,경상
2021083000100349,2021년 8월 30일 16시,월요일,대전광역시 동구 원동,경상사고,0,0,1,0,차대차 - 추돌,안전운전불이행,건조,맑음,교차로 - 교차로부근,화물,남,69세,상해없음,승용,남,54세,경상
2021083000100350,2021년 8월 30일 16시,월요일,대전광역시 유성구 송강동,경상사고,0,0,1,0,차대사람 - 기타,안전운전불이행,건조,맑음,기타 - 기타,승용,남,49세,기타불명,보행자,여,46세,경상
2021083000100389,2021년 8월 30일 17시,월요일,대전광역시 동구 가양동,경상사고,0,0,1,0,차대사람 - 기타,안전운전불이행,건조,맑음,단일로 - 기타,개인형이동수단(PM),남,17세,상해없음,보행자,여,69세,경상
2021083000100431,2021년 8월 30일 18시,월요일,대전광역시 서구 내동,경상사고,0,0,2,0,차대차 - 기타,안전운전불이행,건조,맑음,교차로 - 교차로안,화물,남,51세,상해없음,승용,여,51세,경상
2021083000100565,2021년 8월 30일 23시,월요일,대전광역시 서구 월평동,경상사고,0,0,1,0,차대차 - 기타,안전운전불이행,건조,흐림,교차로 - 교차로부근,승용,여,22세,상해없음,승용,남,62세,경상
2021083100100009,2021년 8월 31일 00시,화요일,대전광역시 서구 정림동,경상사고,0,0,2,0,차대차 - 추돌,안전운전불이행,건조,맑음,단일로 - 기타,승용,남,61세,상해없음,승용,남,22세,경상
2021083100100091,2021년 8월 31일 08시,화요일,대전광역시 서구 갈마동,경상사고,0,0,2,0,차대차 - 기타,안전운전불이행,건조,맑음,단일로 - 기타,화물,남,52세,경상,승용,남,44세,경상
2021083100100092,2021년 8월 31일 08시,화요일,대전광역시 유성구 상대동,경상사고,0,0,2,0,차대차 - 추돌,안전운전불이행,건조,맑음,단일로 - 기타,승용,여,42세,상해없음,승용,남,45세,경상
2021083100100093,2021년 8월 31일 08시,화요일,대전광역시 유성구 봉명동,경상사고,0,0,2,0,차대차 - 측면충돌,신호위반,건조,맑음,교차로 - 교차로안,승용,남,80세,상해없음,승용,여,49세,경상
2021083100100125,2021년 8월 31일 09시,화요일,대전광역시 유성구 노은동,경상사고,0,0,2,0,차대차 - 기타,안전운전불이행,건조,맑음,단일로 - 기타,승용,남,55세,경상,승용,여,26세,경상
2021083100100160,2021년 8월 31일 10시,화요일,대전광역시 동구 소제동,경상사고,0,0,2,0,차대차 - 기타,중앙선침범,건조,맑음,교차로 - 교차로부근,승용,남,54세,상해없음,승용,남,22세,경상
2021083100100189,2021년 8월 31일 11시,화요일,대전광역시 동구 판암동,중상사고,0,1,0,0,차대사람 - 기타,안전운전불이행,건조,맑음,교차로 - 교차로안,승용,남,65세,상해없음,보행자,여,39세,중상
2021083100100190,2021년 8월 31일 11시,화요일,대전광역시 유성구 원내동,경상사고,0,0,1,0,차대차 - 측면충돌,신호위반,건조,맑음,교차로 - 교차로안,승용,여,40세,상해없음,이륜,남,26세,경상
2021083100100312,2021년 8월 31일 14시,화요일,대전광역시 대덕구 비래동,경상사고,0,0,3,0,차대차 - 측면충돌,교차로운행방법위반,건조,맑음,교차로 - 교차로안,승용,남,70세,상해없음,승용,남,41세,경상
2021083100100313,2021년 8월 31일 14시,화요일,대전광역시 대덕구 신탄진동,경상사고,0,0,2,0,차대차 - 측면충돌,안전운전불이행,건조,맑음,단일로 - 기타,승용,남,29세,상해없음,승용,남,61세,경상
2021083100100399,2021년 8월 31일 16시,화요일,대전광역시 유성구 전민동,경상사고,0,0,1,0,차대차 - 기타,교차로운행방법위반,건조,흐림,교차로 - 교차로안,승용,여,27세,상해없음,승용,여,43세,경상
2021083100100436,2021년 8월 31일 17시,화요일,대전광역시 서구 괴정동,경상사고,0,0,1,0,차대차 - 기타,중앙선침범,건조,맑음,교차로 - 교차로부근,승용,남,64세,상해없음,승용,여,54세,상해없음
2021083100100533,2021년 8월 31일 19시,화요일,대전광역시 유성구 봉명동,경상사고,0,0,1,0,차대차 - 기타,안전운전불이행,젖음/습기,비,단일로 - 기타,이륜,남,44세,상해없음,승용,남,34세,경상
2021083100100587,2021년 8월 31일 20시,화요일,대전광역시 유성구 봉명동,경상사고,0,0,3,0,차대차 - 기타,신호위반,젖음/습기,비,교차로 - 교차로안,승용,남,26세,상해없음,승용,남,23세,경상
2021083100100628,2021년 8월 31일 21시,화요일,대전광역시 동구 인동,경상사고,0,0,2,0,차대차 - 추돌,안전거리미확보,젖음/습기,비,교차로 - 교차로안,승용,남,60세,상해없음,승용,여,51세,경상
2021083100100629,2021년 8월 31일 21시,화요일,대전광역시 유성구 봉명동,중상사고,0,1,0,0,차대차 - 기타,안전거리미확보,건조,맑음,교차로 - 교차로안,이륜,남,26세,기타불명,이륜,남,39세,중상
2021083100100660,2021년 8월 31일 22시,화요일,대전광역시 중구 오류동,경상사고,0,0,2,0,차대차 - 추돌,안전운전불이행,건조,맑음,단일로 - 기타,승용,남,31세,상해없음,승합,남,30세,경상
2021083100100661,2021년 8월 31일 22시,화요일,대전광역시 중구 대흥동,경상사고,0,0,1,0,차대사람 - 기타,안전운전불이행,젖음/습기,흐림,단일로 - 기타,승용,남,19세,상해없음,보행자,남,23세,경상
2021090100100018,2021년 9월 1일 03시,수요일,대전광역시 서구 용문동,경상사고,0,0,1,0,차대차 - 추돌,안전운전불이행,젖음/습기,비,교차로 - 교차로부근,승용,남,36세,상해없음,승용,남,63세,경상
2021090100100026,2021년 9월 1일 05시,수요일,대전광역시 유성구 덕명동,경상사고,0,0,1,0,차대사람 - 횡단중,보행자보호의무위반,젖음/습기,비,교차로 - 교차로부근,승합,남,40세,기타불명,보행자,남,24세,경상
2021090100100035,2021년 9월 1일 06시,수요일,대전광역시 유성구 구암동,사망사고,1,0,0,0,차대사람 - 기타,신호위반,젖음/습기,비,단일로 - 기타,승합,남,60세,상해없음,보행자,여,74세,사망
2021090100100051,2021년 9월 1일 07시,수요일,대전광역시 동구 효동,경상사고,0,0,2,0,차대차 - 추돌,안전거리미확보,젖음/습기,비,단일로 - 기타,화물,남,46세,상해없음,승용,남,43세,경상
2021090100100085,2021년 9월 1일 08시,수요일,대전광역시 유성구 봉산동,경상사고,0,0,1,0,차대차 - 기타,안전운전불이행,젖음/습기,흐림,교차로 - 교차로부근,승용,남,66세,상해없음,개인형이동수단(PM),여,37세,경상
2021090100100107,2021년 9월 1일 09시,수요일,대전광역시 유성구 덕명동,중상사고,0,1,0,0,차량단독 - 기타,기타,젖음/습기,흐림,교차로 - 교차로부근,승용,남,51세,상해없음,,,,
2021090100100136,2021년 9월 1일 10시,수요일,대전광역시 유성구 방동,경상사고,0,0,1,0,차대차 - 추돌,안전거리미확보,젖음/습기,비,기타 - 기타,화물,남,70세,상해없음,화물,남,68세,경상
2021090100100162,2021년 9월 1일 11시,수요일,대전광역시 동구 가양동,경상사고,0,0,1,0,차대차 - 정면충돌,안전운전불이행,젖음/습기,맑음,교차로 - 교차로안,화물,남,52세,상해없음,승용,남,46세,경상
2021090100100163,2021년 9월 1일 11시,수요일,대전광역시 대덕구 신탄진동,경상사고,0,0,3,0,차대차 - 기타,신호위반,건조,맑음,교차로 - 교차로부근,승용,남,72세,경상,화물,남,37세,경상
2021090100100196,2021년 9월 1일 12시,수요일,대전광역시 서구 탄방동,경상사고,0,0,1,0,차대차 - 기타,안전운전불이행,젖음/습기,비,교차로 - 교차로부근,승용,남,40세,상해없음,이륜,남,31세,경상
2021090100100232,2021년 9월 1일 13시,수요일,대전광역시 대덕구 중리동,경상사고,0,0,2,0,차대차 - 측면충돌,안전운전불이행,건조,맑음,교차로 - 교차로안,승용,남,25세,경상,화물,남,69세,상해없음
2021090100100303,2021년 9월 1일 15시,수요일,대전광역시 동구 성남동,경상사고,0,0,1,0,차대차 - 기타,안전운전불이행,젖음/습기,흐림,단일로 - 기타,승용,남,46세,상해없음,이륜,남,39세,경상
2021090100100336,2021년 9월 1일 16시,수요일,대전광역시 서구 가장동,경상사고,0,0,1,0,차대차 - 측면충돌,교차로운행방법위반,건조,맑음,교차로 - 교차로안,승합,남,65세,상해없음,자전거,남,8세,경상
2021090100100337,2021년 9월 1일 16시,수요일,대전광역시 서구 월평동,중상사고,0,1,0,0,차대차 - 추돌,안전운전불이행,젖음/습기,흐림,단일로 - 기타,승용,남,61세,상해없음,승합,남,57세,중상
2021090100100398,2021년 9월 1일 18시,수요일,대전광역시 서구 둔산동,경상사고,0,0,1,0,차대사람 - 기타,안전운전불이행,건조,맑음,단일로 - 기타,승용,남,21세,상해없음,보행자,남,33세,경상
2021090100100399,2021년 9월 1일 18시,수요일,대전광역시 유성구 외삼동,경상사고,0,0,1,0,차대차 - 추돌,안전운전불이행,젖음/습기,흐림,단일로 - 기타,승용,남,24세,상해없음,승용,남,32세,경상
2021090100100435,2021년 9월 1일 19시,수요일,대전광역시 서구 관저동,중상사고,0,1,2,0,차대차 - 기타,중앙선침범,건조,맑음,교차로 - 교차로부근,이륜,남,23세,중상,승용,남,22세,경상
2021090100100436,2021년 9월 1일 19시,수요일,대전광역시 유성구 궁동,경상사고,0,0,1,0,차대차 - 측면충돌,안전운전불이행,건조,맑음,교차로 - 교차로안,원동기,남,27세,상해없음,승용,남,29세,경상
2021090100100437,2021년 9월 1일 19시,수요일,대전광역시 유성구 봉명동,경상사고,0,0,1,0,차대사람 - 횡단중,보행자보호의무위반,젖음/습기,비,교차로 - 교차로횡단보도내,승용,남,50세,상해없음,보행자,여,60세,경상
2021090100100467,2021년 9월 1일 20시,수요일,대전광역시 동구 가오동,중상사고,0,1,0,0,차량단독 - 기타,기타,건조,맑음,단일로 - 기타,승합,남,52세,상해없음,,,,
2021090100100468,2021년 9월 1일 20시,수요일,대전광역시 서구 탄방동,경상사고,0,0,2,0,차대차 - 측면충돌,신호위반,젖음/습기,비,교차로 - 교차로안,승용,여,57세,상해없음,승용,남,60세,경상
2021090100100469,2021년 9월 1일 20시,수요일,대전광역시 유성구 어은동,중상사고,0,1,1,0,차대차 - 측면충돌,안전운전불이행,젖음/습기,비,교차로 - 교차로안,이륜,남,35세,경상,이륜,남,49세,중상
2021090100100470,2021년 9월 1일 20시,수요일,대전광역시 유성구 방동,경상사고,0,0,1,0,차대차 - 추돌,안전거리미확보,건조,맑음,단일로 - 기타,승용,여,52세,상해없음,화물,남,46세,경상
2021090100100508,2021년 9월 1일 21시,수요일,대전광역시 유성구 장대동,경상사고,0,0,1,0,차대차 - 기타,신호위반,젖음/습기,비,교차로 - 교차로부근,승용,남,24세,상해없음,승용,남,32세,경상
2021090100100546,2021년 9월 1일 23시,수요일,대전광역시 서구 도안동,경상사고,0,0,1,0,차대차 - 기타,안전거리미확보,건조,맑음,교차로 - 교차로부근,승용,여,23세,상해없음,승용,남,59세,상해없음
2021090200100021,2021년 9월 2일 04시,목요일,대전광역시 유성구 송강동,경상사고,0,0,1,0,차대차 - 측면충돌,안전운전불이행,건조,맑음,교차로 - 교차로안,승용,남,64세,상해없음,자전거,남,57세,경상
2021090200100084,2021년 9월 2일 08시,목요일,대전광역시 대덕구 석봉동,경상사고,0,0,1,0,차대차 - 기타,안전운전불이행,건조,맑음,단일로 - 기타,승용,남,53세,상해없음,승용,여,27세,경상
2021090200100086,2021년 9월 2일 08시,목요일,대전광역시 유성구 봉명동,경상사고,0,0,1,0,차대차 - 기타,안전운전불이행,건조,맑음,단일로 - 기타,승용,남,66세,상해없음,승용,여,31세,경상
2021090200100114,2021년 9월 2일 09시,목요일,대전광역시 유성구 죽동,경상사고,0,0,1,0,차대차 - 추돌,안전운전불이행,건조,맑음,교차로 - 교차로부근,승용,여,59세,상해없음,승용,남,37세,경상
2021090200100173,2021년 9월 2일 11시,목요일,대전광역시 서구 월평동,경상사고,0,0,1,0,차대사람 - 기타,안전운전불이행,건조,맑음,단일로 - 기타,승용,남,66세,상해없음,보행자,남,26세,경상
2021090200100259,2021년 9월 2일 14시,목요일,대전광역시 서구 둔산동,경상사고,0,0,1,0,차대사람 - 기타,안전운전불이행,건조,맑음,기타 - 기타,이륜,남,33세,상해없음,보행자,남,41세,경상
2021090200100296,2021년 9월 2일 15시,목요일,대전광역시 서구 관저동,경상사고,0,0,1,0,차대차 - 측면충돌,안전운전불이행,건조,맑음,교차로 - 교차로부근,승용,여,51세,상해없음,승용,남,45세,경상
2021090200100330,2021년 9월 2일 16시,목요일,대전광역시 중구 대흥동,경상사고,0,0,6,0,차대차 - 기타,안전운전불이행,건조,맑음,단일로 - 기타,승용,남,55세,상해없음,승합,남,53세,경상
2021090200100378,2021년 9월 2일 17시,목요일,대전광역시 서구 월평동,중상사고,0,2,0,0,차대차 - 기타,중앙선침범,건조,맑음,교차로 - 교차로안,승용,여,37세,상해없음,승용,남,63세,중상
2021090200100428,2021년 9월 2일 18시,목요일,대전광역시 동구 삼성동,중상사고,0,1,1,0,차대차 - 정면충돌,중앙선침범,건조,흐림,교차로 - 교차로부근,개인형이동수단(PM),남,46세,중상,승용,여,27세,경상
2021090200100429,2021년 9월 2일 18시,목요일,대전광역시 서구 가수원동,경상사고,0,0,1,0,차대사람 - 기타,안전운전불이행,건조,맑음,교차로 - 교차로안,승용,남,67세,상해없음,보행자,여,59세,경상
2021090200100430,2021년 9월 2일 18시,목요일,대전광역시 서구 월평동,경상사고,0,0,1,0,차대차 - 기타,안전운전불이행,건조,흐림,교차로 - 교차로안,승용,여,56세,상해없음,이륜,남,60세,경상
2021090200100431,2021년 9월 2일 18시,목요일,대전광역시 서구 갈마동,경상사고,0,0,1,0,차대차 - 기타,안전거리미확보,건조,맑음,단일로 - 기타,승용,여,28세,상해없음,승용,남,37세,경상
2021090200100432,2021년 9월 2일 18시,목요일,대전광역시 유성구 봉명동,경상사고,0,0,1,0,차대차 - 기타,신호위반,건조,흐림,교차로 - 교차로횡단보도내,승용,남,78세,상해없음,승용,남,36세,경상
2021090300100009,2021년 9월 3일 00시,금요일,대전광역시 유성구 반석동,경상사고,0,0,1,0,차대차 - 추돌,안전운전불이행,건조,맑음,교차로 - 교차로부근,화물,남,50세,상해없음,화물,남,64세,경상
2021090300100061,2021년 9월 3일 07시,금요일,대전광역시 유성구 구암동,경상사고,0,0,1,0,차대차 - 측면충돌,안전운전불이행,건조,맑음,교차로 - 교차로안,승용,여,31세,상해없음,승용,여,53세,경상
2021090300100097,2021년 9월 3일 08시,금요일,대전광역시 서구 변동,경상사고,0,0,1,0,차대사람 - 기타,안전운전불이행,건조,맑음,기타 - 기타,승용,여,56세,상해없음,보행자,여,90세,경상
2021090300100098,2021년 9월 3일 08시,금요일,대전광역시 유성구 장대동,경상사고,0,0,3,0,차대차 - 기타,기타,건조,맑음,교차로 - 교차로안,승용,남,26세,경상,승용,남,31세,경상
2021090300100099,2021년 9월 3일 08시,금요일,대전광역시 유성구 장대동,경상사고,0,0,1,0,차대차 - 추돌,안전운전불이행,건조,맑음,단일로 - 기타,승용,여,27세,상해없음,승용,여,28세,경상
2021090300100127,2021년 9월 3일 09시,금요일,대전광역시 유성구 장대동,경상사고,0,0,1,0,차대차 - 기타,안전운전불이행,건조,맑음,단일로 - 기타,자전거,남,47세,상해없음,승용,남,36세,경상
2021090300100170,2021년 9월 3일 11시,금요일,대전광역시 중구 산성동,중상사고,0,1,0,0,차대사람 - 횡단중,보행자보호의무위반,건조,맑음,교차로 - 교차로횡단보도내,승용,여,56세,상해없음,보행자,남,12세,중상
2021090300100231,2021년 9월 3일 13시,금요일,대전광역시 중구 대사동,경상사고,0,0,1,0,차대사람 - 횡단중,신호위반,건조,맑음,교차로 - 교차로횡단보도내,승용,여,58세,상해없음,보행자,여,28세,경상
2021090300100263,2021년 9월 3일 14시,금요일,대전광역시 동구 용전동,경상사고,0,0,1,0,차대차 - 측면충돌,안전거리미확보,건조,맑음,교차로 - 교차로안,특수,남,57세,상해없음,승용,여,62세,경상
2021090300100336,2021년 9월 3일 16시,금요일,대전광역시 중구 문창동,경상사고,0,0,3,0,차대차 - 기타,안전운전불이행,건조,맑음,단일로 - 기타,승용,여,57세,상해없음,승용,남,25세,경상
2021090300100389,2021년 9월 3일 17시,금요일,대전광역시 유성구 장대동,경상사고,0,0,1,0,차대차 - 측면충돌,안전거리미확보,건조,맑음,단일로 - 기타,승용,여,41세,상해없음,승용,남,31세,경상
2021090300100450,2021년 9월 3일 18시,금요일,대전광역시 동구 천동,경상사고,0,0,1,0,차대사람 - 보도통행중,기타,건조,맑음,단일로 - 기타,자전거,남,9세,상해없음,보행자,여,80세,경상
2021090300100495,2021년 9월 3일 19시,금요일,대전광역시 유성구 장대동,경상사고,0,0,1,0,차대차 - 정면충돌,신호위반,건조,맑음,교차로 - 교차로안,승용,남,71세,상해없음,이륜,남,21세,경상
2021090300100527,2021년 9월 3일 20시,금요일,대전광역시 동구 가양동,경상사고,0,0,1,0,차대차 - 측면충돌,중앙선침범,건조,맑음,단일로 - 기타,화물,남,63세,상해없음,승용,남,70세,경상
2021090300100528,2021년 9월 3일 20시,금요일,대전광역시 대덕구 오정동,경상사고,0,0,3,0,차대차 - 측면충돌,안전운전불이행,건조,맑음,단일로 - 기타,승용,남,30세,상해없음,승용,남,59세,경상
2021090300100529,2021년 9월 3일 20시,금요일,대전광역시 유성구 노은동,중상사고,0,1,0,0,차대사람 - 횡단중,안전운전불이행,건조,맑음,단일로 - 기타,승용,남,26세,상해없음,보행자,여,63세,중상
2021090300100530,2021년 9월 3일 20시,금요일,대전광역시 유성구 관평동,부상신고사고,0,0,0,1,차대차 - 측면충돌,안전운전불이행,건조,맑음,교차로 - 교차로안,승용,남,61세,상해없음,화물,남,59세,부상신고
2021090300100569,2021년 9월 3일 21시,금요일,대전광역시 서구 변동,경상사고,0,0,1,0,차대차 - 측면충돌,중앙선침범,건조,맑음,단일로 - 기타,승용,남,26세,상해없음,승용,남,26세,경상
2021090300100610,2021년 9월 3일 23시,금요일,대전광역시 대덕구 중리동,중상사고,0,1,0,0,차대차 - 기타,신호위반,건조,맑음,교차로 - 교차로횡단보도내,승용,남,26세,상해없음,자전거,남,55세,중상
2021090400100035,2021년 9월 4일 04시,토요일,대전광역시 대덕구 상서동,경상사고,0,0,1,0,차대차 - 기타,중앙선침범,건조,맑음,교차로 - 교차로부근,화물,남,27세,상해없음,승용,남,53세,경상
2021090400100047,2021년 9월 4일 06시,토요일,대전광역시 유성구 복용동,경상사고,0,0,1,0,차대차 - 정면충돌,안전운전불이행,건조,맑음,기타 - 기타,이륜,남,69세,상해없음,승용,남,61세,경상
2021090400100055,2021년 9월 4일 07시,토요일,대전광역시 유성구 계산동,경상사고,0,0,3,0,차대차 - 측면충돌,기타,건조,맑음,교차로 - 교차로안,승용,남,29세,경상,승용,여,69세,경상
2021090400100129,2021년 9월 4일 10시,토요일,대전광역시 중구 선화동,경상사고,0,0,1,0,차량단독 - 기타,안전운전불이행,건조,맑음,기타 - 기타,승합,남,58세,상해없음,,,,
2021090400100203,2021년 9월 4일 12시,토요일,대전광역시 중구 대사동,경상사고,0,0,2,0,차대차 - 측면충돌,교차로운행방법위반,건조,맑음,교차로 - 교차로안,승용,여,53세,상해없음,승용,여,58세,경상
2021090400100204,2021년 9월 4일 12시,토요일,대전광역시 서구 용문동,경상사고,0,0,1,0,차대차 - 기타,안전운전불이행,건조,맑음,단일로 - 기타,화물,남,46세,상해없음,이륜,남,40세,경상
2021090400100238,2021년 9월 4일 13시,토요일,대전광역시 중구 유천동,경상사고,0,0,1,0,차대차 - 추돌,안전거리미확보,건조,맑음,단일로 - 기타,승용,남,60세,상해없음,승용,남,66세,상해없음
2021090400100269,2021년 9월 4일 14시,토요일,대전광역시 중구 산성동,경상사고,0,0,1,0,차대차 - 측면충돌,안전운전불이행,건조,맑음,교차로 - 교차로안,승용,남,43세,상해없음,이륜,남,62세,경상
2021090400100332,2021년 9월 4일 16시,토요일,대전광역시 동구 신흥동,중상사고,0,1,0,0,차대차 - 측면충돌,신호위반,건조,맑음,교차로 - 교차로안,승용,남,26세,상해없음,승용,여,59세,중상
2021090400100359,2021년 9월 4일 17시,토요일,대전광역시 유성구 구암동,경상사고,0,0,1,0,차대차 - 기타,안전운전불이행,건조,맑음,교차로 - 교차로부근,승용,남,67세,상해없음,승합,남,47세,경상
2021090400100397,2021년 9월 4일 18시,토요일,대전광역시 중구 문화동,사망사고,1,0,0,1,차대차 - 측면충돌,신호위반,건조,맑음,교차로 - 교차로안,자전거,남,30세,사망,이륜,남,34세,부상신고
2021090500100091,2021년 9월 5일 11시,일요일,대전광역시 동구 대성동,중상사고,0,1,0,0,차대차 - 기타,안전운전불이행,건조,맑음,단일로 - 기타,자전거,남,69세,상해없음,자전거,남,24세,중상
2021090500100092,2021년 9월 5일 11시,일요일,대전광역시 유성구 봉명동,경상사고,0,0,1,0,차대차 - 기타,안전거리미확보,건조,맑음,단일로 - 기타,승용,여,43세,상해없음,승용,여,39세,경상
2021090500100147,2021년 9월 5일 13시,일요일,대전광역시 중구 문창동,경상사고,0,0,1,0,차대차 - 추돌,안전거리미확보,건조,맑음,단일로 - 기타,승용,남,32세,상해없음,원동기,남,61세,경상
2021090500100179,2021년 9월 5일 14시,일요일,대전광역시 중구 유천동,중상사고,0,1,0,0,차대사람 - 횡단중,신호위반,건조,맑음,교차로 - 교차로횡단보도내,화물,남,51세,상해없음,보행자,남,70세,중상
2021090500100180,2021년 9월 5일 14시,일요일,대전광역시 중구 산성동,경상사고,0,0,1,0,차대차 - 추돌,안전거리미확보,건조,흐림,단일로 - 기타,승용,남,60세,상해없음,승용,남,55세,상해없음
2021090500100181,2021년 9월 5일 14시,일요일,대전광역시 유성구 구성동,경상사고,0,0,1,2,차대차 - 기타,신호위반,건조,맑음,교차로 - 교차로안,승용,남,41세,기타불명,승용,남,60세,경상
2021090500100297,2021년 9월 5일 18시,일요일,대전광역시 중구 유천동,중상사고,0,1,0,0,차대사람 - 횡단중,안전운전불이행,건조,맑음,교차로 - 교차로부근,승용,여,26세,상해없음,보행자,남,2세,중상
2021090500100298,2021년 9월 5일 18시,일요일,대전광역시 유성구 봉명동,중상사고,0,1,4,0,차대차 - 측면충돌,신호위반,건조,맑음,교차로 - 교차로부근,이륜,남,43세,상해없음,승합,남,47세,상해없음
2021090500100330,2021년 9월 5일 19시,일요일,대전광역시 유성구 노은동,경상사고,0,0,6,0,차대차 - 측면충돌,안전거리미확보,건조,맑음,교차로 - 교차로안,승용,남,64세,경상,승용,남,31세,경상
2021090500100421,2021년 9월 5일 23시,일요일,대전광역시 서구 내동,경상사고,0,0,1,0,차대차 - 측면충돌,교차로운행방법위반,젖음/습기,비,교차로 - 교차로안,승용,남,52세,상해없음,이륜,남,64세,경상
2021090600100010,2021년 9월 6일 01시,월요일,대전광역시 동구 가양동,경상사고,0,0,1,0,차대차 - 기타,기타,젖음/습기,맑음,교차로 - 교차로부근,이륜,남,25세,경상,승용,남,46세,상해없음
2021090600100117,2021년 9월 6일 08시,월요일,대전광역시 동구 삼성동,경상사고,0,0,1,0,차량단독 - 기타,안전거리미확보,건조,맑음,교차로 - 교차로안,승합,남,58세,상해없음,,,,
2021090600100118,2021년 9월 6일 08시,월요일,대전광역시 서구 정림동,경상사고,0,0,1,0,차대차 - 추돌,안전거리미확보,건조,맑음,단일로 - 기타,승용,여,44세,상해없음,승용,남,55세,경상
2021090600100119,2021년 9월 6일 08시,월요일,대전광역시 유성구 궁동,경상사고,0,0,1,1,차대차 - 측면충돌,교차로운행방법위반,젖음/습기,비,교차로 - 교차로안,승용,남,29세,상해없음,승용,남,69세,부상신고
2021090600100261,2021년 9월 6일 12시,월요일,대전광역시 동구 소제동,경상사고,0,0,2,0,차대차 - 기타,신호위반,젖음/습기,비,교차로 - 교차로안,승합,남,38세,상해없음,승용,남,63세,경상
2021090600100290,2021년 9월 6일 13시,월요일,대전광역시 서구 갈마동,경상사고,0,0,1,0,차대차 - 측면충돌,안전운전불이행,젖음/습기,비,교차로 - 교차로안,승용,남,51세,기타불명,승용,남,30세,경상
2021090600100355,2021년 9월 6일 15시,월요일,대전광역시 중구 대흥동,경상사고,0,0,1,0,차대차 - 기타,안전거리미확보,건조,맑음,교차로 - 교차로안,화물,여,30세,기타불명,승용,여,61세,경상
2021090600100356,2021년 9월 6일 15시,월요일,대전광역시 대덕구 대화동,경상사고,0,0,1,0,차대차 - 추돌,안전운전불이행,건조,맑음,단일로 - 기타,승용,남,26세,상해없음,승용,남,79세,경상
2021090600100357,2021년 9월 6일 15시,월요일,대전광역시 서구 둔산동,경상사고,0,0,1,0,차대차 - 기타,안전운전불이행,젖음/습기,비,단일로 - 기타,승용,남,44세,기타불명,이륜,남,30세,경상
2021090600100395,2021년 9월 6일 16시,월요일,대전광역시 동구 소제동,경상사고,0,0,1,0,차대차 - 기타,안전운전불이행,젖음/습기,비,단일로 - 기타,승합,남,73세,상해없음,승합,남,60세,경상
2021090600100396,2021년 9월 6일 16시,월요일,대전광역시 서구 도마동,경상사고,0,0,1,0,차대차 - 추돌,신호위반,젖음/습기,비,교차로 - 교차로안,승용,남,68세,상해없음,승용,남,32세,경상
2021090600100397,2021년 9월 6일 16시,월요일,대전광역시 유성구 방동,경상사고,0,0,4,0,차대차 - 추돌,안전운전불이행,건조,맑음,기타 - 기타,화물,남,63세,상해없음,화물,남,46세,경상
2021090600100398,2021년 9월 6일 16시,월요일,대전광역시 유성구 반석동,경상사고,0,0,1,0,차대차 - 측면충돌,안전운전불이행,건조,흐림,교차로 - 교차로안,승용,여,56세,상해없음,승용,남,38세,경상
2021090600100399,2021년 9월 6일 16시,월요일,대전광역시 유성구 덕명동,경상사고,0,0,1,0,차대차 - 측면충돌,안전거리미확보,젖음/습기,비,단일로 - 기타,승용,남,38세,상해없음,승용,남,59세,경상
2021090600100438,2021년 9월 6일 17시,월요일,대전광역시 서구 괴정동,경상사고,0,0,1,0,차대차 - 측면충돌,안전운전불이행,젖음/습기,비,교차로 - 교차로부근,승용,남,60세,기타불명,이륜,남,40세,경상
2021090600100440,2021년 9월 6일 17시,월요일,대전광역시 서구 탄방동,경상사고,0,0,1,0,차대차 - 기타,중앙선침범,젖음/습기,비,단일로 - 기타,승용,남,48세,기타불명,승용,남,31세,경상
2021090600100477,2021년 9월 6일 18시,월요일,대전광역시 중구 부사동,중상사고,0,1,1,0,차대차 - 추돌,안전거리미확보,젖음/습기,비,단일로 - 기타,이륜,남,21세,중상,승용,여,48세,경상
2021090600100478,2021년 9월 6일 18시,월요일,대전광역시 중구 선화동,중상사고,0,1,0,0,차대차 - 추돌,안전운전불이행,젖음/습기,비,단일로 - 기타,승용,남,53세,상해없음,승용,여,38세,중상
2021090600100480,2021년 9월 6일 18시,월요일,대전광역시 유성구 대정동,중상사고,0,1,0,0,차대차 - 기타,안전운전불이행,젖음/습기,비,단일로 - 기타,이륜,남,31세,기타불명,승용,남,51세,중상
2021090600100549,2021년 9월 6일 19시,월요일,대전광역시 동구 가오동,중상사고,0,1,0,0,차대차 - 기타,안전운전불이행,젖음/습기,비,교차로 - 교차로안,승용,남,49세,상해없음,이륜,남,40세,중상
2021090600100590,2021년 9월 6일 20시,월요일,대전광역시 서구 월평동,경상사고,0,0,1,0,차대차 - 측면충돌,안전운전불이행,젖음/습기,비,단일로 - 기타,승합,여,49세,상해없음,승용,남,24세,경상
2021090600100591,2021년 9월 6일 20시,월요일,대전광역시 유성구 봉명동,중상사고,0,1,2,0,차대차 - 추돌,안전운전불이행,젖음/습기,비,단일로 - 기타,승용,여,49세,상해없음,승용,남,57세,경상