사고번호,사고일시,요일,시군구,사고내용,사망자수,중상자수,경상자수,부상신고자수,사고유형,법규위반,노면상태,기상상태,도로형태,가해운전자 차종,가해운전자 성별,가해운전자 연령,가해운전자 상해정도,피해운전자 차종,피해운전자 성별,피해운전자 연령,피해운전자 상해정도
2021092400100057,2021년 9월 24일 07시,금요일,대전광역시 유성구 교촌동,경상사고,0,0,1,0,차대차 - 추돌,안전운전불이행,건조,맑음,교차로 - 교차로부근,화물,남,57세,상해없음,승용,남,45세,경상
2021092400100097,2021년 9월 24일 08시,금요일,대전광역시 서구 용촌동,경상사고,0,0,2,0,차대차 - 기타,교차로운행방법위반,건조,맑음,교차로 - 교차로안,승용,남,40세,경상,화물,남,68세,경상
2021092400100098,2021년 9월 24일 08시,금요일,대전광역시 대덕구 상서동,경상사고,0,0,1,0,차대차 - 기타,안전운전불이행,건조,맑음,기타 - 기타,건설기계,남,66세,기타불명,승용,남,28세,경상
2021092400100120,2021년 9월 24일 09시,금요일,대전광역시 중구 산성동,경상사고,0,0,1,0,차대차 - 후진중충돌,안전운전불이행,건조,맑음,교차로 - 교차로안,승용,남,57세,상해없음,승용,여,44세,경상
2021092400100121,2021년 9월 24일 09시,금요일,대전광역시 서구 갈마동,경상사고,0,0,1,0,차대차 - 기타,신호위반,건조,맑음,기타 - 기타,승용,여,52세,상해없음,승용,남,26세,경상
2021092400100186,2021년 9월 24일 11시,금요일,대전광역시 서구 탄방동,경상사고,0,0,1,0,차대차 - 기타,안전운전불이행,건조,맑음,교차로 - 교차로안,승용,남,29세,상해없음,승용,여,25세,경상
2021092400100216,2021년 9월 24일 12시,금요일,대전광역시 중구 대흥동,경상사고,0,0,1,1,차대차 - 측면충돌,중앙선침범,건조,맑음,단일로 - 기타,승용,남,36세,부상신고,원동기,남,31세,경상
2021092400100217,2021년 9월 24일 12시,금요일,대전광역시 서구 도안동,경상사고,0,0,1,0,차대차 - 기타,안전운전불이행,건조,맑음,교차로 - 교차로안,이륜,남,44세,상해없음,승용,여,57세,경상
2021092400100290,2021년 9월 24일 14시,금요일,대전광역시 서구 탄방동,경상사고,0,0,1,0,차대차 - 기타,안전거리미확보,건조,맑음,단일로 - 기타,승용,여,51세,상해없음,승용,남,39세,경상
2021092400100291,2021년 9월 24일 14시,금요일,대전광역시 유성구 어은동,중상사고,0,1,1,0,차대차 - 측면충돌,기타,건조,맑음,교차로 - 교차로안,개인형이동수단(PM),여,20세,중상,승용,여,28세,경상
2021092400100360,2021년 9월 24일 16시,금요일,대전광역시 서구 가수원동,경상사고,0,0,1,0,차대차 - 기타,안전운전불이행,건조,맑음,교차로 - 교차로안,승용,여,54세,상해없음,승용,여,52세,경상
2021092400100361,2021년 9월 24일 16시,금요일,대전광역시 서구 가수원동,경상사고,0,0,1,0,차대차 - 추돌,안전운전불이행,건조,맑음,교차로 - 교차로부근,승용,남,39세,기타불명,승용,남,34세,경상
2021092400100414,2021년 9월 24일 17시,금요일,대전광역시 유성구 가정동,경상사고,0,0,1,0,차대차 - 기타,중앙선침범,건조,맑음,단일로 - 기타,승합,남,64세,상해없음,이륜,남,20세,경상
2021092400100415,2021년 9월 24일 17시,금요일,대전광역시 유성구 지족동,경상사고,0,0,3,0,차대사람 - 횡단중,보행자보호의무위반,건조,맑음,교차로 - 교차로횡단보도내,승용,남,76세,상해없음,보행자,여,38세,경상
2021092400100452,2021년 9월 24일 18시,금요일,대전광역시 동구 용전동,경상사고,0,0,2,0,차대차 - 측면충돌,안전운전불이행,건조,맑음,교차로 - 교차로부근,승용,여,29세,경상,승용,여,43세,경상
2021092400100500,2021년 9월 24일 19시,금요일,대전광역시 서구 월평동,경상사고,0,0,1,0,차대차 - 측면충돌,안전운전불이행,건조,맑음,교차로 - 교차로안,승용,남,66세,상해없음,이륜,남,29세,경상
2021092400100546,2021년 9월 24일 21시,금요일,대전광역시 서구 둔산동,중상사고,0,1,0,0,차대사람 - 기타,안전운전불이행,건조,맑음,단일로 - 기타,승용,남,22세,상해없음,보행자,남,45세,중상
2021092400100566,2021년 9월 24일 22시,금요일,대전광역시 중구 대사동,중상사고,0,1,0,0,차대차 - 기타,안전운전불이행,건조,맑음,교차로 - 교차로안,승용,남,60세,상해없음,이륜,남,31세,중상
2021092500100016,2021년 9월 25일 02시,토요일,대전광역시 유성구 봉명동,경상사고,0,0,3,0,차대차 - 추돌,차로위반,건조,맑음,단일로 - 기타,승용,여,33세,경상,승용,남,21세,경상
2021092500100033,2021년 9월 25일 06시,토요일,대전광역시 동구 가양동,경상사고,0,0,1,0,차량단독 - 기타,기타,건조,맑음,단일로 - 기타,승합,남,57세,상해없음,,,,
2021092500100157,2021년 9월 25일 12시,토요일,대전광역시 유성구 봉명동,경상사고,0,0,1,0,차대차 - 기타,안전운전불이행,건조,맑음,단일로 - 기타,승용,여,41세,상해없음,이륜,남,28세,경상
2021092500100158,2021년 9월 25일 12시,토요일,대전광역시 유성구 용계동,사망사고,1,0,0,0,차대차 - 기타,안전운전불이행,건조,맑음,교차로 - 교차로안,승용,남,28세,상해없음,승용,남,63세,사망
2021092500100159,2021년 9월 25일 12시,토요일,대전광역시 유성구 장대동,경상사고,0,0,2,0,차대차 - 추돌,안전운전불이행,건조,흐림,단일로 - 기타,승용,남,61세,상해없음,승용,남,29세,경상
2021092500100185,2021년 9월 25일 13시,토요일,대전광역시 대덕구 송촌동,경상사고,0,0,1,0,차대차 - 추돌,안전운전불이행,건조,맑음,단일로 - 기타,승용,남,37세,상해없음,승용,남,43세,경상
2021092500100186,2021년 9월 25일 13시,토요일,대전광역시 대덕구 중리동,경상사고,0,0,1,0,차대차 - 기타,교차로운행방법위반,건조,맑음,교차로 - 교차로안,승용,여,50세,상해없음,승합,남,59세,경상
2021092500100227,2021년 9월 25일 14시,토요일,대전광역시 중구 문화동,경상사고,0,0,2,0,차대차 - 측면충돌,중앙선침범,건조,맑음,교차로 - 교차로부근,승용,여,51세,상해없음,승용,여,31세,경상
2021092500100228,2021년 9월 25일 14시,토요일,대전광역시 동구 중동,중상사고,0,1,2,0,차대차 - 측면충돌,안전운전불이행,건조,맑음,교차로 - 교차로안,화물,남,41세,상해없음,이륜,여,29세,중상
2021092500100264,2021년 9월 25일 15시,토요일,대전광역시 중구 선화동,중상사고,0,1,0,0,차대차 - 후진중충돌,안전운전불이행,건조,맑음,단일로 - 기타,승용,여,46세,상해없음,이륜,남,26세,중상
2021092500100265,2021년 9월 25일 15시,토요일,대전광역시 동구 구도동,경상사고,0,0,1,0,차대차 - 기타,신호위반,건조,맑음,교차로 - 교차로안,이륜,남,48세,상해없음,승용,남,37세,경상
2021092500100330,2021년 9월 25일 17시,토요일,대전광역시 동구 인동,경상사고,0,0,1,0,차대차 - 기타,신호위반,건조,맑음,교차로 - 교차로부근,승용,남,78세,상해없음,승용,남,63세,경상
2021092500100389,2021년 9월 25일 19시,토요일,대전광역시 동구 용전동,경상사고,0,0,1,0,차대차 - 추돌,안전운전불이행,건조,맑음,기타 - 기타,승용,남,61세,상해없음,승용,여,44세,경상
2021092500100470,2021년 9월 25일 22시,토요일,대전광역시 서구 변동,경상사고,0,0,3,0,차대차 - 기타,안전운전불이행,건조,맑음,교차로 - 교차로안,승용,여,50세,상해없음,승용,남,63세,경상
2021092500100471,2021년 9월 25일 22시,토요일,대전광역시 서구 변동,경상사고,0,0,1,0,차대사람 - 기타,안전운전불이행,건조,맑음,단일로 - 기타,승합,남,52세,상해없음,보행자,남,55세,경상
2021092600100140,2021년 9월 26일 12시,일요일,대전광역시 동구 자양동,중상사고,0,1,0,0,차대차 - 추돌,안전운전불이행,건조,맑음,교차로 - 교차로안,승용,남,39세,상해없음,이륜,남,37세,중상
2021092600100161,2021년 9월 26일 13시,일요일,대전광역시 유성구 장동,경상사고,0,0,1,0,차량단독 - 전도전복 - 전복,안전운전불이행,건조,맑음,단일로 - 기타,승용,남,26세,상해없음,,,,
2021092600100256,2021년 9월 26일 16시,일요일,대전광역시 유성구 원신흥동,경상사고,0,0,4,5,차대차 - 추돌,안전운전불이행,건조,맑음,기타 - 기타,승용,남,51세,부상신고,승용,여,55세,부상신고
2021092600100313,2021년 9월 26일 18시,일요일,대전광역시 서구 갈마동,경상사고,0,0,1,0,차대차 - 기타,안전운전불이행,건조,맑음,단일로 - 기타,승용,여,27세,기타불명,승용,여,59세,경상
2021092600100314,2021년 9월 26일 18시,일요일,대전광역시 유성구 궁동,중상사고,0,1,1,0,차대차 - 측면충돌,교차로운행방법위반,건조,맑음,교차로 - 교차로안,이륜,남,23세,경상,이륜,남,31세,중상
2021092600100315,2021년 9월 26일 18시,일요일,대전광역시 유성구 방동,경상사고,0,0,1,0,차대차 - 후진중충돌,안전운전불이행,건조,맑음,단일로 - 기타,승용,남,49세,상해없음,승용,남,24세,경상
2021092600100344,2021년 9월 26일 19시,일요일,대전광역시 대덕구 신탄진동,경상사고,0,0,1,0,차대사람 - 횡단중,안전운전불이행,건조,맑음,단일로 - 기타,승용,남,61세,상해없음,보행자,남,20세,경상
2021092600100345,2021년 9월 26일 19시,일요일,대전광역시 서구 만년동,경상사고,0,0,1,0,차대사람 - 횡단중,보행자보호의무위반,건조,맑음,교차로 - 교차로횡단보도내,승용,여,20세,상해없음,보행자,남,23세,경상
2021092600100377,2021년 9월 26일 21시,일요일,대전광역시 대덕구 오정동,경상사고,0,0,1,0,차대차 - 측면충돌,신호위반,건조,맑음,교차로 - 교차로안,승용,여,51세,상해없음,승용,남,55세,경상
2021092600100395,2021년 9월 26일 22시,일요일,대전광역시 서구 관저동,경상사고,0,0,7,0,차대차 - 기타,안전운전불이행,건조,흐림,교차로 - 교차로부근,승용,여,53세,상해없음,승용,여,46세,경상
2021092700100028,2021년 9월 27일 05시,월요일,대전광역시 서구 가수원동,중상사고,0,1,0,0,차대차 - 추돌,안전운전불이행,건조,맑음,교차로 - 교차로부근,화물,남,38세,상해없음,승용,남,46세,중상
2021092700100043,2021년 9월 27일 06시,월요일,대전광역시 중구 선화동,경상사고,0,0,1,0,차대차 - 측면충돌,안전운전불이행,건조,맑음,교차로 - 교차로안,승용,여,23세,상해없음,승용,여,27세,경상
2021092700100075,2021년 9월 27일 07시,월요일,대전광역시 중구 태평동,경상사고,0,0,1,0,차대차 - 측면충돌,안전거리미확보,건조,맑음,교차로 - 교차로부근,승용,여,70세,상해없음,승용,남,61세,경상
2021092700100222,2021년 9월 27일 12시,월요일,대전광역시 유성구 지족동,경상사고,0,0,1,0,차대차 - 기타,안전거리미확보,건조,맑음,단일로 - 기타,승용,남,62세,상해없음,이륜,남,45세,경상
2021092700100255,2021년 9월 27일 13시,월요일,대전광역시 중구 유천동,중상사고,0,1,0,0,차량단독 - 기타,안전운전불이행,건조,맑음,교차로 - 교차로안,승합,남,35세,상해없음,,,,
2021092700100285,2021년 9월 27일 14시,월요일,대전광역시 중구 선화동,경상사고,0,0,1,0,차대차 - 기타,안전운전불이행,건조,맑음,교차로 - 교차로안,원동기,남,29세,상해없음,승용,남,71세,경상
2021092700100286,2021년 9월 27일 14시,월요일,대전광역시 대덕구 오정동,경상사고,0,0,1,0,차대차 - 기타,신호위반,건조,맑음,교차로 - 교차로부근,이륜,남,36세,상해없음,승용,남,61세,경상
2021092700100287,2021년 9월 27일 14시,월요일,대전광역시 대덕구 대화동,경상사고,0,0,1,0,차대차 - 기타,안전운전불이행,건조,맑음,단일로 - 기타,승합,남,60세,상해없음,승용,여,61세,기타불명
2021092700100288,2021년 9월 27일 14시,월요일,대전광역시 대덕구 신탄진동,경상사고,0,0,2,0,차대차 - 기타,교차로운행방법위반,건조,맑음,교차로 - 교차로안,승용,남,73세,상해없음,승용,여,21세,경상
2021092700100289,2021년 9월 27일 14시,월요일,대전광역시 유성구 탑립동,경상사고,0,0,2,0,차대차 - 추돌,안전운전불이행,건조,맑음,교차로 - 교차로부근,승용,여,39세,상해없음,승용,여,41세,경상
2021092700100322,2021년 9월 27일 15시,월요일,대전광역시 동구 가양동,경상사고,0,0,1,0,차대차 - 기타,신호위반,건조,맑음,단일로 - 기타,승용,남,58세,상해없음,승용,남,36세,경상
2021092700100399,2021년 9월 27일 17시,월요일,대전광역시 서구 둔산동,경상사고,0,0,1,0,차대차 - 기타,안전거리미확보,건조,맑음,교차로 - 교차로부근,승용,남,70세,기타불명,승용,남,27세,경상
2021092700100400,2021년 9월 27일 17시,월요일,대전광역시 유성구 원신흥동,경상사고,0,0,1,0,차대차 - 추돌,안전운전불이행,젖음/습기,비,교차로 - 교차로안,승용,남,51세,상해없음,승용,남,47세,경상
2021092700100438,2021년 9월 27일 18시,월요일,대전광역시 동구 천동,경상사고,0,0,1,0,차대차 - 추돌,안전거리미확보,건조,맑음,단일로 - 기타,승용,남,62세,상해없음,승용,남,49세,경상
2021092700100439,2021년 9월 27일 18시,월요일,대전광역시 대덕구 신일동,경상사고,0,0,1,0,차대차 - 측면충돌,신호위반,젖음/습기,비,교차로 - 교차로안,승용,남,63세,상해없음,승용,여,48세,경상
2021092700100477,2021년 9월 27일 19시,월요일,대전광역시 중구 문화동,경상사고,0,0,1,0,차대차 - 기타,안전운전불이행,건조,맑음,단일로 - 기타,승용,남,17세,상해없음,이륜,남,41세,경상
2021092700100478,2021년 9월 27일 19시,월요일,대전광역시 중구 유천동,경상사고,0,0,1,0,차대차 - 측면충돌,불법유턴,건조,맑음,단일로 - 기타,자전거,여,57세,경상,승용,여,50세,상해없음
2021092700100479,2021년 9월 27일 19시,월요일,대전광역시 동구 용전동,중상사고,0,1,0,0,차대사람 - 횡단중,신호위반,건조,맑음,단일로 - 기타,승용,여,47세,상해없음,보행자,여,60세,중상
2021092700100542,2021년 9월 27일 22시,월요일,대전광역시 중구 선화동,경상사고,0,0,2,0,차대차 - 추돌,안전운전불이행,건조,맑음,단일로 - 기타,승용,남,54세,상해없음,승용,남,65세,경상
2021092700100543,2021년 9월 27일 22시,월요일,대전광역시 서구 내동,중상사고,0,1,0,0,차대차 - 측면충돌,신호위반,건조,맑음,교차로 - 교차로안,승용,남,27세,상해없음,이륜,남,27세,중상
2021092800100032,2021년 9월 28일 05시,화요일,대전광역시 유성구 봉명동,경상사고,0,0,1,0,차대차 - 측면충돌,신호위반,건조,맑음,교차로 - 교차로안,화물,남,67세,상해없음,승용,여,50세,경상
2021092800100057,2021년 9월 28일 07시,화요일,대전광역시 서구 도마동,경상사고,0,0,1,0,차대차 - 측면충돌,안전거리미확보,건조,맑음,기타 - 기타,승용,여,37세,상해없음,승용,남,22세,경상
2021092800100154,2021년 9월 28일 10시,화요일,대전광역시 서구 둔산동,경상사고,0,0,1,0,차대차 - 기타,안전운전불이행,건조,맑음,단일로 - 기타,승용,남,40세,상해없음,승용,남,74세,경상
2021092800100155,2021년 9월 28일 10시,화요일,대전광역시 유성구 노은동,경상사고,0,0,1,0,차대차 - 측면충돌,신호위반,건조,맑음,교차로 - 교차로안,승용,여,52세,기타불명,승용,남,73세,경상
2021092800100218,2021년 9월 28일 12시,화요일,대전광역시 대덕구 법동,경상사고,0,0,2,0,차대차 - 측면충돌,안전운전불이행,건조,맑음,교차로 - 교차로부근,승용,남,65세,상해없음,승용,남,61세,상해없음
2021092800100243,2021년 9월 28일 13시,화요일,대전광역시 중구 유천동,중상사고,0,1,0,0,차대사람 - 기타,안전운전불이행,건조,맑음,단일로 - 기타,승용,여,61세,상해없음,보행자,여,82세,중상
2021092800100244,2021년 9월 28일 13시,화요일,대전광역시 동구 홍도동,중상사고,0,1,0,0,차대차 - 기타,안전운전불이행,건조,맑음,단일로 - 기타,승합,남,53세,상해없음,화물,남,53세,상해없음
2021092800100245,2021년 9월 28일 13시,화요일,대전광역시 서구 월평동,경상사고,0,0,1,0,차대차 - 측면충돌,신호위반,건조,맑음,교차로 - 교차로안,화물,남,25세,상해없음,승용,남,31세,경상
2021092800100277,2021년 9월 28일 14시,화요일,대전광역시 중구 선화동,경상사고,0,0,2,0,차대차 - 추돌,안전운전불이행,건조,맑음,단일로 - 기타,승용,남,22세,기타불명,승용,남,73세,경상
2021092800100304,2021년 9월 28일 15시,화요일,대전광역시 동구 자양동,경상사고,0,0,1,0,차대차 - 기타,신호위반,건조,맑음,교차로 - 교차로안,승용,남,46세,상해없음,이륜,남,52세,경상
2021092800100338,2021년 9월 28일 16시,화요일,대전광역시 유성구 봉명동,경상사고,0,0,1,0,차대차 - 기타,교차로운행방법위반,건조,맑음,교차로 - 교차로안,승용,남,67세,상해없음,승용,남,60세,경상
2021092800100374,2021년 9월 28일 17시,화요일,대전광역시 동구 가오동,경상사고,0,0,1,0,차대차 - 기타,안전운전불이행,젖음/습기,비,교차로 - 교차로안,승합,남,74세,상해없음,이륜,남,34세,경상
2021092800100375,2021년 9월 28일 17시,화요일,대전광역시 동구 중동,경상사고,0,0,1,0,차량단독 - 기타,안전운전불이행,건조,맑음,단일로 - 기타,승합,남,56세,상해없음,,,,
2021092800100376,2021년 9월 28일 17시,화요일,대전광역시 대덕구 중리동,경상사고,0,0,2,0,차대차 - 추돌,안전운전불이행,건조,맑음,단일로 - 기타,화물,남,53세,상해없음,승용,여,23세,경상
2021092800100377,2021년 9월 28일 17시,화요일,대전광역시 대덕구 읍내동,경상사고,0,0,1,0,차대차 - 측면충돌,안전운전불이행,건조,맑음,교차로 - 교차로안,화물,남,56세,상해없음,승용,남,31세,경상
2021092800100378,2021년 9월 28일 17시,화요일,대전광역시 유성구 구암동,중상사고,0,1,0,0,차대사람 - 횡단중,안전운전불이행,젖음/습기,비,교차로 - 교차로부근,승용,남,49세,상해없음,보행자,여,65세,중상
2021092800100441,2021년 9월 28일 18시,화요일,대전광역시 대덕구 신대동,경상사고,0,0,1,0,차대차 - 측면충돌,안전거리미확보,젖음/습기,비,단일로 - 기타,승용,남,50세,상해없음,승용,남,61세,경상
2021092800100442,2021년 9월 28일 18시,화요일,대전광역시 서구 갈마동,경상사고,0,0,2,0,차대차 - 기타,안전운전불이행,젖음/습기,비,교차로 - 교차로안,승용,여,49세,기타불명,승용,남,47세,경상
2021092800100443,2021년 9월 28일 18시,화요일,대전광역시 유성구 신봉동,중상사고,0,1,0,0,차대사람 - 기타,보행자보호의무위반,건조,맑음,단일로 - 기타,승용,여,51세,상해없음,보행자,여,41세,중상
2021092800100444,2021년 9월 28일 18시,화요일,대전광역시 유성구 구암동,사망사고,1,1,0,0,차대사람 - 횡단중,보행자보호의무위반,젖음/습기,비,교차로 - 교차로부근,승용,남,74세,상해없음,보행자,여,29세,사망
2021092800100497,2021년 9월 28일 19시,화요일,대전광역시 서구 월평동,경상사고,0,0,1,0,차대차 - 기타,신호위반,젖음/습기,비,교차로 - 교차로안,승용,여,28세,상해없음,이륜,남,31세,경상
2021092800100498,2021년 9월 28일 19시,화요일,대전광역시 서구 월평동,경상사고,0,0,1,0,차대차 - 기타,안전운전불이행,젖음/습기,비,기타 - 기타,승합,남,49세,기타불명,승용,여,46세,경상
2021092800100499,2021년 9월 28일 19시,화요일,대전광역시 유성구 관평동,경상사고,0,0,2,0,차대차 - 측면충돌,신호위반,젖음/습기,비,기타 - 기타,화물,남,56세,상해없음,승용,남,28세,경상
2021092800100529,2021년 9월 28일 20시,화요일,대전광역시 유성구 장대동,경상사고,0,0,2,0,차대차 - 기타,신호위반,젖음/습기,비,교차로 - 교차로안,승용,남,82세,상해없음,승용,남,38세,경상
2021092800100564,2021년 9월 28일 21시,화요일,대전광역시 중구 대흥동,경상사고,0,0,1,0,차대차 - 추돌,안전운전불이행,건조,맑음,교차로 - 교차로부근,승용,남,55세,상해없음,승용,남,42세,경상
2021092800100565,2021년 9월 28일 21시,화요일,대전광역시 유성구 하기동,경상사고,0,0,1,0,차대차 - 기타,신호위반,젖음/습기,비,교차로 - 교차로안,승용,여,46세,상해없음,승용,여,45세,경상
2021092800100597,2021년 9월 28일 22시,화요일,대전광역시 서구 둔산동,경상사고,0,0,1,0,차대사람 - 기타,안전운전불이행,건조,맑음,단일로 - 기타,승용,여,21세,상해없음,보행자,여,23세,경상
2021092900100015,2021년 9월 29일 01시,수요일,대전광역시 서구 용문동,중상사고,0,1,0,0,차대사람 - 기타,안전운전불이행,건조,맑음,단일로 - 기타,승용,남,22세,상해없음,보행자,남,36세,중상
2021092900100016,2021년 9월 29일 01시,수요일,대전광역시 유성구 봉명동,중상사고,0,1,0,0,차대차 - 측면충돌,안전운전불이행,건조,맑음,교차로 - 교차로안,승용,남,25세,상해없음,이륜,남,31세,중상
2021092900100024,2021년 9월 29일 03시,수요일,대전광역시 대덕구 중리동,중상사고,0,1,0,0,차대차 - 기타,기타,건조,맑음,단일로 - 기타,승용,남,21세,상해없음,화물,남,55세,중상
2021092900100029,2021년 9월 29일 04시,수요일,대전광역시 동구 성남동,경상사고,0,0,2,0,차대차 - 측면충돌,신호위반,건조,맑음,교차로 - 교차로안,승용,여,51세,상해없음,승용,남,65세,경상
2021092900100106,2021년 9월 29일 08시,수요일,대전광역시 중구 부사동,경상사고,0,0,1,0,차대차 - 기타,안전운전불이행,건조,맑음,단일로 - 기타,승용,남,46세,상해없음,승용,여,35세,경상
2021092900100107,2021년 9월 29일 08시,수요일,대전광역시 중구 산성동,경상사고,0,0,1,0,차량단독 - 기타,기타,건조,맑음,단일로 - 기타,승합,남,55세,상해없음,,,,
2021092900100108,2021년 9월 29일 08시,수요일,대전광역시 대덕구 오정동,경상사고,0,0,2,0,차대차 - 기타,안전운전불이행,건조,맑음,단일로 - 기타,승합,남,63세,상해없음,승합,남,47세,경상
2021092900100137,2021년 9월 29일 09시,수요일,대전광역시 중구 대사동,경상사고,0,0,2,0,차대차 - 기타,안전거리미확보,건조,맑음,교차로 - 교차로부근,승용,남,32세,상해없음,승용,남,57세,경상
2021092900100138,2021년 9월 29일 09시,수요일,대전광역시 유성구 용산동,경상사고,0,0,2,0,차대차 - 측면충돌,신호위반,기타,안개,교차로 - 교차로안,승용,남,29세,상해없음,승용,남,63세,경상
2021092900100139,2021년 9월 29일 09시,수요일,대전광역시 유성구 화암동,경상사고,0,0,1,0,차대차 - 측면충돌,안전운전불이행,건조,맑음,기타 - 기타,승용,남,60세,기타불명,승용,남,63세,기타불명
2021092900100168,2021년 9월 29일 10시,수요일,대전광역시 서구 관저동,중상사고,0,1,0,0,차대사람 - 횡단중,안전운전불이행,건조,맑음,교차로 - 교차로부근,승용,남,59세,상해없음,보행자,여,50세,중상
2021092900100169,2021년 9월 29일 10시,수요일,대전광역시 서구 내동,중상사고,0,1,0,0,차량단독 - 기타,안전운전불이행,젖음/습기,흐림,단일로 - 기타,승합,남,63세,상해없음,,,,
2021092900100170,2021년 9월 29일 10시,수요일,대전광역시 서구 가수원동,경상사고,0,0,1,0,차대차 - 추돌,안전거리미확보,젖음/습기,비,단일로 - 기타,승용,남,61세,기타불명,승용,남,50세,상해없음
2021092900100200,2021년 9월 29일 11시,수요일,대전광역시 유성구 원내동,경상사고,0,0,1,0,차대차 - 기타,안전운전불이행,젖음/습기,비,교차로 - 교차로부근,승용,남,80세,상해없음,승용,남,34세,경상
2021092900100231,2021년 9월 29일 12시,수요일,대전광역시 서구 정림동,경상사고,0,0,1,0,차대차 - 기타,신호위반,젖음/습기,비,단일로 - 고가도로위,승용,여,50세,상해없음,승용,여,61세,경상
2021092900100232,2021년 9월 29일 12시,수요일,대전광역시 동구 가양동,경상사고,0,0,1,0,차대차 - 기타,안전운전불이행,젖음/습기,맑음,교차로 - 교차로부근,승합,남,53세,상해없음,화물,남,45세,상해없음
2021092900100294,2021년 9월 29일 14시,수요일,대전광역시 대덕구 덕암동,경상사고,0,0,1,0,차대차 - 측면충돌,신호위반,젖음/습기,비,교차로 - 교차로안,승용,남,75세,상해없음,승용,남,28세,경상
2021092900100366,2021년 9월 29일 16시,수요일,대전광역시 서구 도안동,경상사고,0,0,1,0,차대차 - 추돌,안전운전불이행,젖음/습기,흐림,교차로 - 교차로부근,화물,남,51세,상해없음,승용,남,79세,경상
2021092900100409,2021년 9월 29일 17시,수요일,대전광역시 중구 산성동,경상사고,0,0,1,0,차대차 - 기타,안전운전불이행,젖음/습기,비,교차로 - 교차로안,승용,남,49세,상해없음,이륜,남,38세,경상
2021092900100473,2021년 9월 29일 18시,수요일,대전광역시 서구 내동,경상사고,0,0,1,0,차대차 - 기타,안전운전불이행,젖음/습기,비,교차로 - 교차로안,이륜,남,35세,경상,승용,남,57세,상해없음
2021092900100474,2021년 9월 29일 18시,수요일,대전광역시 서구 탄방동,중상사고,0,1,0,0,차대사람 - 차도통행중,안전운전불이행,건조,맑음,교차로 - 교차로안,승용,남,64세,상해없음,보행자,여,62세,중상
2021092900100475,2021년 9월 29일 18시,수요일,대전광역시 유성구 관평동,중상사고,0,1,0,0,차대차 - 기타,안전운전불이행,젖음/습기,흐림,기타 - 기타,승용,남,51세,기타불명,승용,여,28세,중상
2021092900100518,2021년 9월 29일 19시,수요일,대전광역시 대덕구 중리동,중상사고,0,1,0,0,차대차 - 기타,교차로운행방법위반,젖음/습기,비,교차로 - 교차로부근,승용,남,57세,상해없음,이륜,남,50세,중상
2021092900100620,2021년 9월 29일 22시,수요일,대전광역시 중구 대흥동,경상사고,0,0,1,0,차대차 - 기타,안전거리미확보,젖음/습기,비,교차로 - 교차로부근,승용,남,65세,상해없음,승용,남,46세,경상
2021092900100621,2021년 9월 29일 22시,수요일,대전광역시 서구 용문동,경상사고,0,0,1,0,차대사람 - 기타,기타,젖음/습기,비,기타 - 기타,승용,남,33세,상해없음,보행자,여,33세,경상
2021092900100622,2021년 9월 29일 22시,수요일,대전광역시 대덕구 대화동,경상사고,0,0,1,0,차대차 - 기타,안전운전불이행,건조,맑음,기타 - 기타,화물,남,52세,상해없음,승합,남,40세,경상
2021093000100053,2021년 9월 30일 06시,목요일,대전광역시 동구 용전동,경상사고,0,0,2,0,차대차 - 측면충돌,신호위반,건조,맑음,교차로 - 교차로안,화물,남,54세,경상,승용,남,62세,경상
2021093000100123,2021년 9월 30일 08시,목요일,대전광역시 대덕구 신대동,경상사고,0,0,2,0,차대차 - 기타,신호위반,건조,맑음,교차로 - 교차로안,승용,여,59세,상해없음,승합,남,54세,경상
2021093000100161,2021년 9월 30일 09시,목요일,대전광역시 대덕구 신탄진동,경상사고,0,0,1,0,차대사람 - 기타,안전운전불이행,건조,맑음,단일로 - 기타,승용,여,33세,상해없음,보행자,남,62세,경상
2021093000100162,2021년 9월 30일 09시,목요일,대전광역시 대덕구 대화동,경상사고,0,0,1,0,차대차 - 기타,안전운전불이행,건조,맑음,단일로 - 기타,화물,남,70세,상해없음,승용,남,30세,경상
2021093000100215,2021년 9월 30일 11시,목요일,대전광역시 중구 문화동,사망사고,1,0,0,0,차대사람 - 기타,안전운전불이행,건조,맑음,단일로 - 기타,화물,여,64세,상해없음,보행자,여,81세,사망
2021093000100216,2021년 9월 30일 11시,목요일,대전광역시 서구 도마동,경상사고,0,0,1,0,차대차 - 측면충돌,안전운전불이행,건조,맑음,단일로 - 기타,승용,남,52세,상해없음,승용,남,47세,경상
2021093000100217,2021년 9월 30일 11시,목요일,대전광역시 유성구 상대동,경상사고,0,0,1,0,차대차 - 측면충돌,교차로운행방법위반,건조,맑음,교차로 - 교차로안,승용,여,43세,상해없음,화물,남,53세,경상