사고번호,사고일시,요일,시군구,사고내용,사망자수,중상자수,경상자수,부상신고자수,사고유형,법규위반,노면상태,기상상태,도로형태,가해운전자 차종,가해운전자 성별,가해운전자 연령,가해운전자 상해정도,피해운전자 차종,피해운전자 성별,피해운전자 연령,피해운전자 상해정도
2021093000100218,2021년 9월 30일 11시,목요일,대전광역시 유성구 원내동,경상사고,0,0,6,0,차대차 - 추돌,안전운전불이행,건조,맑음,기타 - 기타,승합,남,68세,상해없음,승용,남,64세,경상
2021093000100254,2021년 9월 30일 12시,목요일,대전광역시 동구 용전동,경상사고,0,0,1,0,차대차 - 후진중충돌,안전운전불이행,건조,맑음,단일로 - 기타,화물,남,25세,경상,이륜,남,45세,기타불명
2021093000100255,2021년 9월 30일 12시,목요일,대전광역시 서구 용문동,중상사고,0,1,0,0,차대차 - 측면충돌,안전운전불이행,건조,맑음,교차로 - 교차로안,승용,여,61세,상해없음,이륜,남,41세,중상
2021093000100256,2021년 9월 30일 12시,목요일,대전광역시 서구 갈마동,경상사고,0,0,1,0,차대사람 - 기타,안전운전불이행,건조,맑음,단일로 - 기타,승용,여,60세,상해없음,보행자,남,20세,경상
2021093000100257,2021년 9월 30일 12시,목요일,대전광역시 유성구 봉명동,경상사고,0,0,1,0,차대차 - 측면충돌,안전거리미확보,건조,맑음,단일로 - 기타,승용,남,61세,상해없음,승용,여,59세,경상
2021093000100373,2021년 9월 30일 15시,목요일,대전광역시 대덕구 중리동,경상사고,0,0,2,0,차대차 - 기타,안전운전불이행,건조,맑음,단일로 - 기타,승용,남,65세,상해없음,승용,남,32세,경상
2021093000100486,2021년 9월 30일 17시,목요일,대전광역시 서구 도마동,경상사고,0,0,1,0,차대차 - 측면충돌,안전운전불이행,건조,맑음,단일로 - 기타,화물,남,28세,기타불명,이륜,남,34세,경상
2021093000100528,2021년 9월 30일 18시,목요일,대전광역시 중구 선화동,중상사고,0,1,0,0,차대차 - 추돌,안전운전불이행,젖음/습기,비,단일로 - 기타,승용,남,74세,상해없음,승용,남,41세,중상
2021093000100529,2021년 9월 30일 18시,목요일,대전광역시 대덕구 오정동,경상사고,0,0,1,0,차대사람 - 횡단중,안전운전불이행,건조,맑음,교차로 - 교차로안,화물,남,51세,상해없음,보행자,여,65세,경상
2021093000100530,2021년 9월 30일 18시,목요일,대전광역시 서구 갈마동,경상사고,0,0,1,0,차대차 - 기타,안전운전불이행,건조,맑음,교차로 - 교차로안,승용,남,64세,상해없음,승합,남,48세,상해없음
2021093000100531,2021년 9월 30일 18시,목요일,대전광역시 유성구 노은동,경상사고,0,0,1,0,차대차 - 추돌,안전운전불이행,건조,맑음,교차로 - 교차로부근,승용,여,50세,상해없음,승용,남,60세,경상
2021093000100576,2021년 9월 30일 19시,목요일,대전광역시 중구 부사동,경상사고,0,0,1,0,차대차 - 기타,안전운전불이행,건조,맑음,교차로 - 교차로부근,승용,여,41세,상해없음,이륜,남,43세,경상
2021093000100577,2021년 9월 30일 19시,목요일,대전광역시 동구 삼성동,부상신고사고,0,0,0,1,차대차 - 추돌,안전운전불이행,건조,맑음,단일로 - 기타,승용,여,33세,상해없음,승용,남,47세,부상신고
2021093000100578,2021년 9월 30일 19시,목요일,대전광역시 대덕구 오정동,경상사고,0,0,1,0,차대차 - 기타,안전거리미확보,건조,맑음,단일로 - 기타,승용,남,64세,상해없음,승용,남,44세,경상
2021093000100622,2021년 9월 30일 21시,목요일,대전광역시 서구 용문동,경상사고,0,0,1,0,차대차 - 추돌,안전운전불이행,건조,맑음,단일로 - 기타,화물,남,23세,상해없음,승용,남,59세,경상
2021093000100623,2021년 9월 30일 21시,목요일,대전광역시 유성구 죽동,중상사고,0,1,0,0,차대차 - 기타,신호위반,건조,맑음,교차로 - 교차로안,승용,남,26세,상해없음,화물,남,49세,중상
2021093000100648,2021년 9월 30일 22시,목요일,대전광역시 동구 중동,경상사고,0,0,1,0,차대차 - 기타,안전운전불이행,건조,맑음,교차로 - 교차로부근,승용,남,51세,상해없음,승용,남,63세,경상
2021093000100649,2021년 9월 30일 22시,목요일,대전광역시 동구 가양동,경상사고,0,0,1,0,차대차 - 측면충돌,신호위반,건조,맑음,교차로 - 교차로안,승용,남,68세,상해없음,이륜,남,24세,경상
2021093000100650,2021년 9월 30일 22시,목요일,대전광역시 서구 갈마동,중상사고,0,1,0,0,차대차 - 추돌,안전운전불이행,건조,맑음,단일로 - 지하차도(도로)내,승용,남,28세,상해없음,승용,여,32세,중상
2021093000100668,2021년 9월 30일 23시,목요일,대전광역시 서구 내동,중상사고,0,1,0,0,차대차 - 추돌,안전운전불이행,건조,맑음,교차로 - 교차로부근,승용,남,53세,상해없음,승용,남,40세,중상
2021100100100034,2021년 10월 1일 05시,금요일,대전광역시 중구 태평동,중상사고,0,1,0,0,차대사람 - 기타,안전운전불이행,건조,맑음,단일로 - 기타,자전거,남,59세,상해없음,보행자,여,76세,중상
2021100100100047,2021년 10월 1일 06시,금요일,대전광역시 중구 대사동,중상사고,0,2,1,0,차대차 - 기타,신호위반,건조,맑음,교차로 - 교차로안,승용,남,53세,상해없음,화물,남,57세,중상
2021100100100066,2021년 10월 1일 07시,금요일,대전광역시 서구 복수동,경상사고,0,0,1,0,차대차 - 측면충돌,안전운전불이행,건조,맑음,교차로 - 교차로안,승용,여,44세,상해없음,이륜,남,78세,경상
2021100100100103,2021년 10월 1일 08시,금요일,대전광역시 동구 가양동,경상사고,0,0,1,0,차대차 - 측면충돌,안전운전불이행,건조,맑음,단일로 - 기타,승용,여,44세,상해없음,자전거,남,10세,경상
2021100100100104,2021년 10월 1일 08시,금요일,대전광역시 대덕구 송촌동,중상사고,0,1,0,0,차대사람 - 기타,안전운전불이행,건조,맑음,주차장 - 주차장,화물,남,27세,상해없음,보행자,남,66세,중상
2021100100100170,2021년 10월 1일 10시,금요일,대전광역시 서구 정림동,경상사고,0,0,1,0,차대차 - 측면충돌,교차로운행방법위반,건조,맑음,교차로 - 교차로안,승용,여,50세,상해없음,승용,여,59세,경상
2021100100100253,2021년 10월 1일 12시,금요일,대전광역시 유성구 궁동,경상사고,0,0,2,0,차대차 - 기타,안전거리미확보,건조,맑음,교차로 - 교차로부근,이륜,남,37세,상해없음,승용,여,58세,경상
2021100100100294,2021년 10월 1일 13시,금요일,대전광역시 서구 둔산동,경상사고,0,0,1,0,차대차 - 측면충돌,안전운전불이행,건조,맑음,교차로 - 교차로안,승용,여,73세,상해없음,이륜,남,27세,경상
2021100100100327,2021년 10월 1일 14시,금요일,대전광역시 유성구 구암동,경상사고,0,0,2,0,차대차 - 기타,안전거리미확보,건조,맑음,교차로 - 교차로부근,승합,남,42세,상해없음,승용,여,25세,경상
2021100100100374,2021년 10월 1일 15시,금요일,대전광역시 유성구 송강동,경상사고,0,0,1,0,차대사람 - 횡단중,보행자보호의무위반,건조,맑음,교차로 - 교차로부근,승용,남,38세,상해없음,보행자,여,59세,경상
2021100100100424,2021년 10월 1일 16시,금요일,대전광역시 서구 도안동,중상사고,0,1,0,0,차대차 - 기타,안전운전불이행,건조,맑음,단일로 - 기타,화물,남,60세,상해없음,이륜,남,23세,중상
2021100100100425,2021년 10월 1일 16시,금요일,대전광역시 유성구 장동,경상사고,0,0,1,0,차대차 - 측면충돌,안전운전불이행,건조,맑음,교차로 - 교차로안,승용,여,31세,상해없음,승용,여,34세,경상
2021100100100426,2021년 10월 1일 16시,금요일,대전광역시 유성구 관평동,경상사고,0,0,2,0,차대차 - 기타,안전운전불이행,건조,맑음,교차로 - 교차로부근,승용,남,65세,상해없음,승용,남,39세,경상
2021100100100427,2021년 10월 1일 16시,금요일,대전광역시 유성구 문지동,경상사고,0,0,1,0,차대차 - 측면충돌,신호위반,건조,맑음,교차로 - 교차로부근,화물,남,38세,상해없음,승용,남,27세,경상
2021100100100469,2021년 10월 1일 17시,금요일,대전광역시 대덕구 비래동,경상사고,0,0,1,0,차대차 - 측면충돌,직진우회전진행방해,건조,맑음,교차로 - 교차로안,승용,여,48세,상해없음,화물,남,38세,경상
2021100100100470,2021년 10월 1일 17시,금요일,대전광역시 유성구 봉산동,경상사고,0,0,1,0,차대차 - 정면충돌,중앙선침범,건조,맑음,단일로 - 기타,승용,여,30세,기타불명,승용,남,41세,경상
2021100100100533,2021년 10월 1일 18시,금요일,대전광역시 중구 문화동,경상사고,0,0,1,0,차량단독 - 기타,안전거리미확보,건조,맑음,단일로 - 기타,승합,남,45세,상해없음,,,,
2021100100100534,2021년 10월 1일 18시,금요일,대전광역시 동구 자양동,중상사고,0,2,0,0,차대차 - 측면충돌,교차로운행방법위반,건조,맑음,교차로 - 교차로안,이륜,남,42세,중상,이륜,남,56세,중상
2021100100100582,2021년 10월 1일 19시,금요일,대전광역시 중구 대사동,중상사고,0,1,0,0,차대차 - 기타,안전운전불이행,건조,맑음,단일로 - 기타,승용,여,61세,상해없음,화물,여,53세,기타불명
2021100100100583,2021년 10월 1일 19시,금요일,대전광역시 동구 정동,중상사고,0,1,0,0,차대차 - 측면충돌,안전운전불이행,건조,맑음,단일로 - 기타,자전거,여,41세,중상,승용,남,25세,상해없음
2021100100100631,2021년 10월 1일 21시,금요일,대전광역시 대덕구 오정동,경상사고,0,0,1,0,차대차 - 기타,안전운전불이행,건조,맑음,교차로 - 교차로부근,승용,여,61세,상해없음,승용,남,41세,상해없음
2021100100100632,2021년 10월 1일 21시,금요일,대전광역시 유성구 학하동,경상사고,0,0,1,0,차대차 - 추돌,안전운전불이행,건조,맑음,단일로 - 기타,승용,남,58세,상해없음,승용,남,64세,경상
2021100100100683,2021년 10월 1일 22시,금요일,대전광역시 중구 선화동,경상사고,0,0,2,0,차대차 - 기타,안전운전불이행,건조,맑음,교차로 - 교차로부근,화물,남,47세,상해없음,승용,남,67세,경상
2021100100100684,2021년 10월 1일 22시,금요일,대전광역시 중구 문화동,경상사고,0,0,1,0,차대사람 - 기타,안전운전불이행,건조,맑음,교차로 - 교차로부근,승용,남,68세,상해없음,보행자,남,22세,경상
2021100100100685,2021년 10월 1일 22시,금요일,대전광역시 서구 둔산동,경상사고,0,0,1,0,차대사람 - 횡단중,보행자보호의무위반,건조,맑음,교차로 - 교차로횡단보도내,기타불명,기타불명,미분류,기타불명,보행자,남,45세,경상
2021100100100686,2021년 10월 1일 22시,금요일,대전광역시 유성구 봉명동,경상사고,0,0,1,0,차대사람 - 기타,안전운전불이행,건조,맑음,교차로 - 교차로부근,승용,남,30세,상해없음,보행자,남,23세,경상
2021100100100687,2021년 10월 1일 22시,금요일,대전광역시 유성구 용계동,경상사고,0,0,2,0,차대차 - 기타,안전거리미확보,건조,맑음,단일로 - 기타,승용,여,57세,상해없음,승용,남,25세,경상
2021100100100716,2021년 10월 1일 23시,금요일,대전광역시 유성구 원신흥동,경상사고,0,0,2,0,차대차 - 측면충돌,신호위반,건조,맑음,교차로 - 교차로안,이륜,남,36세,경상,승용,남,39세,경상
2021100100100717,2021년 10월 1일 23시,금요일,대전광역시 유성구 전민동,경상사고,0,0,1,0,차대사람 - 기타,안전운전불이행,건조,맑음,기타 - 기타,승용,남,56세,상해없음,보행자,남,25세,경상
2021100200100015,2021년 10월 2일 01시,토요일,대전광역시 서구 용문동,경상사고,0,0,1,0,차대차 - 추돌,안전거리미확보,건조,맑음,교차로 - 교차로부근,승용,남,27세,상해없음,이륜,남,27세,경상
2021100200100026,2021년 10월 2일 04시,토요일,대전광역시 대덕구 오정동,중상사고,0,3,0,0,차대차 - 기타,신호위반,건조,맑음,교차로 - 교차로안,승용,남,68세,중상,승용,남,63세,중상
2021100200100059,2021년 10월 2일 07시,토요일,대전광역시 대덕구 송촌동,중상사고,0,1,0,0,차대차 - 기타,안전운전불이행,건조,맑음,단일로 - 기타,승용,남,57세,상해없음,승합,남,56세,중상
2021100200100145,2021년 10월 2일 10시,토요일,대전광역시 동구 홍도동,중상사고,0,1,0,0,차대사람 - 기타,보행자보호의무위반,건조,맑음,교차로 - 교차로횡단보도내,화물,남,42세,상해없음,보행자,남,70세,중상
2021100200100146,2021년 10월 2일 10시,토요일,대전광역시 서구 둔산동,경상사고,0,0,4,0,차대차 - 측면충돌,신호위반,건조,맑음,교차로 - 교차로안,승용,여,38세,경상,승용,남,69세,경상
2021100200100191,2021년 10월 2일 11시,토요일,대전광역시 서구 가장동,경상사고,0,0,1,0,차대차 - 추돌,안전운전불이행,건조,맑음,기타 - 기타,승용,남,23세,상해없음,이륜,남,24세,경상
2021100200100192,2021년 10월 2일 11시,토요일,대전광역시 대덕구 오정동,경상사고,0,0,1,0,차대차 - 기타,안전운전불이행,건조,맑음,단일로 - 기타,승합,남,40세,상해없음,승용,남,61세,경상
2021100200100193,2021년 10월 2일 11시,토요일,대전광역시 유성구 관평동,경상사고,0,0,1,0,차대사람 - 차도통행중,안전운전불이행,건조,맑음,단일로 - 기타,승용,남,26세,상해없음,보행자,여,27세,경상
2021100200100235,2021년 10월 2일 12시,토요일,대전광역시 서구 탄방동,중상사고,0,1,0,0,차대차 - 기타,안전운전불이행,건조,맑음,교차로 - 교차로부근,화물,남,70세,상해없음,승용,남,36세,중상
2021100200100236,2021년 10월 2일 12시,토요일,대전광역시 유성구 관평동,경상사고,0,0,2,0,차대차 - 추돌,안전운전불이행,건조,맑음,기타 - 기타,승용,여,50세,기타불명,승용,남,27세,경상
2021100200100237,2021년 10월 2일 12시,토요일,대전광역시 유성구 장대동,경상사고,0,0,1,0,차대차 - 추돌,안전운전불이행,건조,맑음,단일로 - 기타,승용,남,21세,상해없음,승용,남,58세,경상
2021100200100307,2021년 10월 2일 14시,토요일,대전광역시 중구 선화동,경상사고,0,0,1,0,차대차 - 추돌,안전운전불이행,건조,맑음,기타 - 기타,승용,남,24세,상해없음,승용,남,60세,경상
2021100200100308,2021년 10월 2일 14시,토요일,대전광역시 동구 삼성동,경상사고,0,0,1,0,차대차 - 기타,신호위반,건조,맑음,교차로 - 교차로횡단보도내,승용,남,17세,상해없음,승용,남,62세,경상
2021100200100351,2021년 10월 2일 15시,토요일,대전광역시 동구 용운동,중상사고,0,1,0,0,차대사람 - 차도통행중,안전운전불이행,건조,맑음,단일로 - 기타,원동기,남,75세,기타불명,보행자,여,62세,중상
2021100200100352,2021년 10월 2일 15시,토요일,대전광역시 서구 복수동,경상사고,0,0,2,0,차대차 - 기타,안전운전불이행,건조,맑음,단일로 - 기타,승용,남,57세,상해없음,승용,남,69세,경상
2021100200100353,2021년 10월 2일 15시,토요일,대전광역시 서구 둔산동,경상사고,0,0,2,0,차대차 - 기타,안전거리미확보,건조,맑음,단일로 - 기타,승용,여,20세,상해없음,승합,남,54세,상해없음
2021100200100354,2021년 10월 2일 15시,토요일,대전광역시 유성구 구암동,경상사고,0,0,1,0,차대차 - 기타,안전운전불이행,건조,맑음,교차로 - 교차로안,이륜,남,44세,상해없음,승용,여,68세,경상
2021100200100398,2021년 10월 2일 16시,토요일,대전광역시 동구 가양동,중상사고,0,1,0,0,차대사람 - 기타,안전운전불이행,건조,맑음,단일로 - 기타,이륜,남,53세,상해없음,보행자,남,60세,중상
2021100200100399,2021년 10월 2일 16시,토요일,대전광역시 서구 용문동,경상사고,0,0,1,0,차대차 - 기타,안전운전불이행,건조,맑음,단일로 - 기타,승용,남,28세,상해없음,승용,여,52세,경상
2021100200100400,2021년 10월 2일 16시,토요일,대전광역시 유성구 지족동,중상사고,0,2,0,0,차대차 - 기타,중앙선침범,건조,맑음,교차로 - 교차로안,승용,남,35세,상해없음,승용,여,42세,중상
2021100200100441,2021년 10월 2일 17시,토요일,대전광역시 중구 오류동,경상사고,0,0,3,0,차대차 - 기타,안전거리미확보,건조,맑음,단일로 - 기타,승용,여,29세,경상,승용,남,61세,경상
2021100200100442,2021년 10월 2일 17시,토요일,대전광역시 대덕구 석봉동,중상사고,0,1,0,0,차대차 - 기타,안전운전불이행,건조,맑음,단일로 - 기타,승용,여,44세,상해없음,화물,남,67세,중상
2021100200100489,2021년 10월 2일 18시,토요일,대전광역시 서구 도마동,경상사고,0,0,3,0,차대차 - 기타,안전운전불이행,건조,맑음,교차로 - 교차로안,승용,남,67세,상해없음,승용,남,46세,경상
2021100200100490,2021년 10월 2일 18시,토요일,대전광역시 서구 둔산동,경상사고,0,0,3,0,차대차 - 측면충돌,중앙선침범,건조,맑음,교차로 - 교차로부근,이륜,남,24세,상해없음,승용,남,32세,경상
2021100200100491,2021년 10월 2일 18시,토요일,대전광역시 유성구 장대동,경상사고,0,0,1,0,차대사람 - 횡단중,보행자보호의무위반,건조,맑음,교차로 - 교차로부근,승용,남,64세,상해없음,보행자,남,70세,경상
2021100200100492,2021년 10월 2일 18시,토요일,대전광역시 유성구 봉산동,중상사고,0,1,0,0,차량단독 - 전도전복 - 전도,안전운전불이행,건조,맑음,단일로 - 기타,자전거,남,52세,중상,,,,
2021100200100535,2021년 10월 2일 19시,토요일,대전광역시 서구 둔산동,경상사고,0,0,1,0,차대사람 - 기타,기타,건조,맑음,단일로 - 기타,승합,남,50세,기타불명,보행자,여,62세,경상
2021100200100536,2021년 10월 2일 19시,토요일,대전광역시 유성구 봉명동,경상사고,0,0,1,0,차대차 - 측면충돌,중앙선침범,건조,맑음,교차로 - 교차로부근,승용,남,60세,상해없음,승용,남,54세,경상
2021100200100564,2021년 10월 2일 20시,토요일,대전광역시 유성구 원신흥동,경상사고,0,0,2,0,차대차 - 측면충돌,안전운전불이행,건조,맑음,교차로 - 교차로안,승용,남,22세,상해없음,승용,남,23세,경상
2021100200100636,2021년 10월 2일 23시,토요일,대전광역시 서구 관저동,경상사고,0,0,1,0,차대차 - 기타,신호위반,건조,맑음,단일로 - 기타,승용,남,24세,상해없음,승용,여,20세,경상
2021100300100032,2021년 10월 3일 03시,일요일,대전광역시 동구 소제동,경상사고,0,0,3,0,차대차 - 기타,신호위반,건조,맑음,교차로 - 교차로안,승용,남,26세,상해없음,승용,남,46세,경상
2021100300100053,2021년 10월 3일 07시,일요일,대전광역시 유성구 구암동,중상사고,0,1,0,0,차대사람 - 횡단중,안전운전불이행,건조,맑음,교차로 - 교차로부근,승용,여,55세,기타불명,보행자,여,63세,중상
2021100300100098,2021년 10월 3일 10시,일요일,대전광역시 서구 갈마동,경상사고,0,0,5,0,차대차 - 후진중충돌,안전운전불이행,건조,맑음,교차로 - 교차로안,승합,남,73세,상해없음,승용,남,49세,경상
2021100300100099,2021년 10월 3일 10시,일요일,대전광역시 유성구 전민동,경상사고,0,0,1,0,차대차 - 정면충돌,안전운전불이행,건조,맑음,단일로 - 기타,승용,여,59세,상해없음,승용,남,40세,경상
2021100300100140,2021년 10월 3일 11시,일요일,대전광역시 대덕구 덕암동,경상사고,0,0,1,0,차대사람 - 기타,안전운전불이행,건조,맑음,교차로 - 교차로안,승합,남,50세,상해없음,보행자,남,4세,경상
2021100300100172,2021년 10월 3일 12시,일요일,대전광역시 서구 도마동,경상사고,0,0,2,0,차대차 - 정면충돌,안전운전불이행,건조,맑음,교차로 - 교차로안,승용,여,51세,상해없음,승용,남,52세,경상
2021100300100205,2021년 10월 3일 13시,일요일,대전광역시 중구 문창동,경상사고,0,0,1,0,차대사람 - 횡단중,보행자보호의무위반,건조,맑음,교차로 - 교차로부근,승용,남,61세,상해없음,보행자,남,53세,경상
2021100300100206,2021년 10월 3일 13시,일요일,대전광역시 서구 가수원동,중상사고,0,1,1,0,차대차 - 측면충돌,안전거리미확보,건조,맑음,교차로 - 교차로부근,승용,여,47세,상해없음,이륜,남,30세,중상
2021100300100243,2021년 10월 3일 14시,일요일,대전광역시 중구 용두동,경상사고,0,0,1,0,차대사람 - 차도통행중,안전운전불이행,건조,맑음,단일로 - 기타,승용,여,44세,상해없음,보행자,남,4세,경상
2021100300100277,2021년 10월 3일 15시,일요일,대전광역시 동구 구도동,경상사고,0,0,2,0,차대차 - 기타,안전거리미확보,건조,맑음,단일로 - 기타,승용,남,66세,상해없음,화물,남,61세,경상
2021100300100308,2021년 10월 3일 16시,일요일,대전광역시 유성구 장대동,경상사고,0,0,1,0,차대차 - 기타,안전운전불이행,건조,맑음,교차로 - 교차로부근,승용,여,58세,상해없음,자전거,남,13세,경상
2021100300100383,2021년 10월 3일 18시,일요일,대전광역시 중구 태평동,경상사고,0,0,1,0,차대차 - 기타,안전거리미확보,건조,맑음,교차로 - 교차로부근,승용,남,87세,상해없음,승용,남,29세,경상
2021100300100455,2021년 10월 3일 20시,일요일,대전광역시 중구 목동,경상사고,0,0,1,0,차대사람 - 횡단중,보행자보호의무위반,건조,맑음,교차로 - 교차로횡단보도내,승용,남,62세,상해없음,보행자,여,13세,경상
2021100300100482,2021년 10월 3일 21시,일요일,대전광역시 유성구 반석동,경상사고,0,0,2,0,차대차 - 기타,안전운전불이행,건조,맑음,교차로 - 교차로안,승용,남,43세,상해없음,승용,남,30세,경상
2021100300100507,2021년 10월 3일 22시,일요일,대전광역시 서구 월평동,경상사고,0,0,2,0,차대차 - 측면충돌,안전운전불이행,건조,맑음,교차로 - 교차로안,승용,여,23세,상해없음,승용,여,65세,경상
2021100400100016,2021년 10월 4일 01시,월요일,대전광역시 동구 가양동,중상사고,0,1,0,0,차대차 - 측면충돌,안전거리미확보,건조,맑음,교차로 - 교차로부근,승용,남,60세,상해없음,이륜,남,37세,중상
2021100400100062,2021년 10월 4일 08시,월요일,대전광역시 서구 둔산동,중상사고,0,1,1,0,차대차 - 기타,신호위반,건조,맑음,교차로 - 교차로안,승용,여,41세,상해없음,승용,남,71세,중상
2021100400100158,2021년 10월 4일 12시,월요일,대전광역시 서구 갈마동,경상사고,0,0,2,0,차대차 - 측면충돌,신호위반,건조,맑음,교차로 - 교차로안,승용,여,56세,상해없음,화물,남,46세,경상
2021100400100159,2021년 10월 4일 12시,월요일,대전광역시 유성구 궁동,경상사고,0,0,3,0,차대차 - 측면충돌,교차로운행방법위반,건조,맑음,교차로 - 교차로안,승용,여,56세,경상,화물,남,42세,경상
2021100400100196,2021년 10월 4일 13시,월요일,대전광역시 서구 도안동,경상사고,0,0,1,0,차대차 - 추돌,안전운전불이행,건조,맑음,단일로 - 기타,이륜,남,23세,상해없음,승용,남,49세,상해없음
2021100400100253,2021년 10월 4일 15시,월요일,대전광역시 중구 대흥동,경상사고,0,0,2,0,차대차 - 기타,안전운전불이행,건조,맑음,단일로 - 기타,승용,남,64세,상해없음,승용,남,55세,경상
2021100400100254,2021년 10월 4일 15시,월요일,대전광역시 유성구 하기동,경상사고,0,0,1,0,차대차 - 측면충돌,안전거리미확보,건조,맑음,단일로 - 기타,승용,남,75세,상해없음,승용,남,46세,경상
2021100400100329,2021년 10월 4일 17시,월요일,대전광역시 중구 부사동,중상사고,0,1,0,0,차대차 - 기타,신호위반,건조,맑음,교차로 - 교차로안,화물,남,58세,기타불명,승용,남,53세,중상
2021100400100330,2021년 10월 4일 17시,월요일,대전광역시 중구 은행동,경상사고,0,0,5,0,차대차 - 기타,안전운전불이행,건조,맑음,교차로 - 교차로횡단보도내,승용,여,50세,상해없음,승용,남,25세,경상
2021100400100331,2021년 10월 4일 17시,월요일,대전광역시 유성구 지족동,경상사고,0,0,1,0,차대차 - 기타,안전거리미확보,건조,맑음,단일로 - 기타,승용,남,59세,기타불명,이륜,남,27세,경상
2021100400100332,2021년 10월 4일 17시,월요일,대전광역시 유성구 덕명동,경상사고,0,0,1,0,차대사람 - 보도통행중,기타,건조,흐림,교차로 - 교차로부근,화물,남,63세,상해없음,보행자,여,28세,경상
2021100400100371,2021년 10월 4일 18시,월요일,대전광역시 유성구 도룡동,경상사고,0,0,1,0,차대사람 - 기타,안전운전불이행,건조,맑음,단일로 - 기타,자전거,여,42세,상해없음,보행자,여,23세,경상
2021100400100409,2021년 10월 4일 19시,월요일,대전광역시 동구 대동,경상사고,0,0,2,0,차대차 - 측면충돌,안전운전불이행,건조,맑음,교차로 - 교차로안,승용,여,49세,상해없음,승용,남,31세,경상
2021100400100489,2021년 10월 4일 22시,월요일,대전광역시 동구 신흥동,중상사고,0,1,0,0,차대차 - 기타,안전운전불이행,건조,맑음,교차로 - 교차로부근,화물,남,50세,상해없음,승용,남,24세,중상
2021100400100490,2021년 10월 4일 22시,월요일,대전광역시 대덕구 비래동,경상사고,0,0,1,0,차대차 - 기타,안전운전불이행,건조,맑음,교차로 - 교차로부근,승용,남,45세,상해없음,자전거,남,14세,경상
2021100400100501,2021년 10월 4일 23시,월요일,대전광역시 유성구 봉명동,부상신고사고,0,0,0,1,차대차 - 기타,안전운전불이행,건조,맑음,교차로 - 교차로안,승용,여,43세,상해없음,승합,남,45세,부상신고
2021100500100024,2021년 10월 5일 05시,화요일,대전광역시 중구 중촌동,중상사고,0,1,8,0,차대차 - 측면충돌,신호위반,건조,맑음,교차로 - 교차로안,승용,남,19세,상해없음,승용,남,67세,경상
2021100500100025,2021년 10월 5일 05시,화요일,대전광역시 서구 도마동,경상사고,0,0,1,0,차대차 - 추돌,안전운전불이행,건조,맑음,단일로 - 기타,승용,남,63세,상해없음,승용,남,53세,경상
2021100500100099,2021년 10월 5일 08시,화요일,대전광역시 서구 도마동,경상사고,0,0,1,0,차대차 - 측면충돌,기타,건조,맑음,교차로 - 교차로안,승용,여,28세,상해없음,승용,여,29세,경상
2021100500100100,2021년 10월 5일 08시,화요일,대전광역시 대덕구 대화동,경상사고,0,0,2,0,차대차 - 기타,안전운전불이행,건조,맑음,기타 - 기타,자전거,남,47세,경상,자전거,남,23세,경상
2021100500100101,2021년 10월 5일 08시,화요일,대전광역시 서구 둔산동,경상사고,0,0,1,0,차대차 - 측면충돌,안전거리미확보,건조,맑음,단일로 - 기타,승용,여,35세,상해없음,승용,남,44세,경상
2021100500100129,2021년 10월 5일 09시,화요일,대전광역시 중구 문화동,중상사고,0,1,0,0,차대차 - 기타,안전거리미확보,건조,맑음,단일로 - 기타,건설기계,남,52세,상해없음,승용,여,44세,중상
2021100500100130,2021년 10월 5일 09시,화요일,대전광역시 서구 둔산동,경상사고,0,0,1,0,차대차 - 기타,교차로운행방법위반,건조,맑음,교차로 - 교차로안,승용,남,37세,상해없음,화물,남,41세,경상
2021100500100206,2021년 10월 5일 11시,화요일,대전광역시 중구 문화동,중상사고,0,1,8,0,차대차 - 기타,안전운전불이행,건조,맑음,단일로 - 기타,승용,여,32세,상해없음,승합,남,40세,경상
2021100500100207,2021년 10월 5일 11시,화요일,대전광역시 서구 둔산동,경상사고,0,0,1,0,차대차 - 기타,신호위반,건조,맑음,교차로 - 교차로안,승용,남,32세,상해없음,이륜,남,28세,경상
2021100500100208,2021년 10월 5일 11시,화요일,대전광역시 서구 만년동,경상사고,0,0,1,0,차대차 - 기타,안전운전불이행,건조,맑음,교차로 - 교차로안,승용,남,74세,상해없음,이륜,남,36세,경상
2021100500100209,2021년 10월 5일 11시,화요일,대전광역시 유성구 지족동,경상사고,0,0,1,0,차대차 - 기타,안전거리미확보,건조,맑음,단일로 - 기타,승용,여,21세,기타불명,승용,여,34세,경상
2021100500100285,2021년 10월 5일 13시,화요일,대전광역시 동구 용전동,경상사고,0,0,2,0,차대차 - 추돌,안전거리미확보,건조,맑음,단일로 - 기타,원동기,남,23세,경상,승용,남,53세,경상
2021100500100286,2021년 10월 5일 13시,화요일,대전광역시 동구 정동,경상사고,0,0,1,0,차대차 - 추돌,안전거리미확보,건조,맑음,단일로 - 기타,승용,남,56세,상해없음,승용,남,47세,경상
2021100500100289,2021년 10월 5일 13시,화요일,대전광역시 유성구 원내동,중상사고,0,1,0,0,차대사람 - 횡단중,보행자보호의무위반,건조,맑음,교차로 - 교차로안,화물,남,56세,상해없음,보행자,여,54세,중상