사고번호,사고일시,요일,시군구,사고내용,사망자수,중상자수,경상자수,부상신고자수,사고유형,법규위반,노면상태,기상상태,도로형태,가해운전자 차종,가해운전자 성별,가해운전자 연령,가해운전자 상해정도,피해운전자 차종,피해운전자 성별,피해운전자 연령,피해운전자 상해정도
2021100500100371,2021년 10월 5일 15시,화요일,대전광역시 동구 홍도동,중상사고,0,1,3,0,차대차 - 측면충돌,직진우회전진행방해,건조,맑음,교차로 - 교차로안,승용,여,50세,경상,승용,여,63세,경상
2021100500100372,2021년 10월 5일 15시,화요일,대전광역시 서구 가장동,경상사고,0,0,1,0,차대차 - 측면충돌,안전운전불이행,건조,맑음,교차로 - 교차로부근,승용,남,80세,상해없음,이륜,남,38세,경상
2021100500100373,2021년 10월 5일 15시,화요일,대전광역시 대덕구 신일동,경상사고,0,0,1,0,차대차 - 측면충돌,안전운전불이행,건조,맑음,단일로 - 기타,승용,여,49세,상해없음,승용,남,51세,경상
2021100500100374,2021년 10월 5일 15시,화요일,대전광역시 유성구 원내동,경상사고,0,0,4,0,차대차 - 기타,안전거리미확보,건조,맑음,교차로 - 교차로부근,건설기계,남,53세,상해없음,승용,남,69세,경상
2021100500100461,2021년 10월 5일 17시,화요일,대전광역시 동구 용전동,중상사고,0,1,0,0,차대사람 - 기타,안전운전불이행,건조,맑음,단일로 - 기타,개인형이동수단(PM),남,64세,상해없음,보행자,여,2세,중상
2021100500100518,2021년 10월 5일 18시,화요일,대전광역시 서구 도마동,중상사고,0,1,0,0,차대사람 - 횡단중,신호위반,건조,맑음,교차로 - 교차로횡단보도내,이륜,남,27세,상해없음,보행자,여,53세,중상
2021100500100519,2021년 10월 5일 18시,화요일,대전광역시 서구 복수동,경상사고,0,0,1,0,차대차 - 후진중충돌,안전운전불이행,건조,맑음,단일로 - 기타,승용,여,34세,상해없음,이륜,남,29세,경상
2021100500100520,2021년 10월 5일 18시,화요일,대전광역시 서구 갈마동,경상사고,0,0,1,0,차대차 - 기타,안전운전불이행,건조,맑음,교차로 - 교차로안,승용,남,39세,상해없음,승용,여,54세,경상
2021100500100564,2021년 10월 5일 19시,화요일,대전광역시 서구 만년동,중상사고,0,1,2,0,차대차 - 기타,안전운전불이행,건조,맑음,단일로 - 기타,원동기,남,40세,중상,승용,남,21세,경상
2021100500100594,2021년 10월 5일 20시,화요일,대전광역시 서구 갈마동,경상사고,0,0,2,0,차대사람 - 횡단중,신호위반,건조,맑음,단일로 - 기타,승용,남,40세,상해없음,보행자,여,25세,경상
2021100500100595,2021년 10월 5일 20시,화요일,대전광역시 서구 갈마동,경상사고,0,0,1,0,차대차 - 추돌,안전운전불이행,건조,맑음,단일로 - 기타,승용,남,33세,상해없음,승용,남,33세,경상
2021100500100648,2021년 10월 5일 22시,화요일,대전광역시 서구 도마동,경상사고,0,0,3,0,차대차 - 추돌,안전운전불이행,건조,맑음,교차로 - 교차로횡단보도내,승용,남,36세,상해없음,승용,남,46세,경상
2021100600100048,2021년 10월 6일 06시,수요일,대전광역시 동구 용전동,경상사고,0,0,1,0,차대차 - 기타,신호위반,건조,맑음,단일로 - 기타,이륜,남,75세,경상,승용,남,38세,상해없음
2021100600100074,2021년 10월 6일 07시,수요일,대전광역시 대덕구 비래동,중상사고,0,1,0,0,차대사람 - 기타,신호위반,건조,맑음,교차로 - 교차로안,화물,남,60세,상해없음,보행자,여,79세,중상
2021100600100075,2021년 10월 6일 07시,수요일,대전광역시 유성구 원내동,경상사고,0,0,1,0,차대차 - 측면충돌,신호위반,건조,맑음,교차로 - 교차로안,승용,여,35세,기타불명,화물,남,54세,경상
2021100600100113,2021년 10월 6일 08시,수요일,대전광역시 서구 둔산동,중상사고,0,1,0,0,차대차 - 기타,안전운전불이행,건조,맑음,교차로 - 교차로안,승용,남,55세,상해없음,승용,남,38세,중상
2021100600100114,2021년 10월 6일 08시,수요일,대전광역시 유성구 봉산동,중상사고,0,1,1,0,차대차 - 기타,안전운전불이행,건조,맑음,기타 - 기타,승용,남,43세,상해없음,승용,남,40세,경상
2021100600100140,2021년 10월 6일 09시,수요일,대전광역시 중구 용두동,경상사고,0,0,1,0,차대차 - 기타,안전운전불이행,건조,맑음,단일로 - 기타,승합,남,53세,상해없음,승용,여,54세,경상
2021100600100170,2021년 10월 6일 10시,수요일,대전광역시 중구 오류동,사망사고,1,0,0,0,차대차 - 기타,안전운전불이행,건조,맑음,교차로 - 교차로안,승용,여,34세,상해없음,원동기,남,71세,사망
2021100600100171,2021년 10월 6일 10시,수요일,대전광역시 유성구 어은동,경상사고,0,0,1,0,차대차 - 측면충돌,안전운전불이행,건조,맑음,단일로 - 기타,승용,남,43세,상해없음,승용,남,33세,경상
2021100600100172,2021년 10월 6일 10시,수요일,대전광역시 유성구 봉명동,경상사고,0,0,1,0,차대차 - 측면충돌,신호위반,건조,맑음,교차로 - 교차로안,이륜,남,27세,상해없음,승합,남,39세,경상
2021100600100206,2021년 10월 6일 11시,수요일,대전광역시 중구 목동,경상사고,0,0,1,0,차대차 - 기타,신호위반,건조,맑음,교차로 - 교차로안,승용,여,63세,상해없음,승용,남,35세,경상
2021100600100272,2021년 10월 6일 13시,수요일,대전광역시 서구 둔산동,중상사고,0,1,0,0,차대차 - 측면충돌,신호위반,건조,맑음,단일로 - 기타,승용,남,36세,상해없음,이륜,남,26세,중상
2021100600100345,2021년 10월 6일 15시,수요일,대전광역시 중구 은행동,경상사고,0,0,1,0,차대차 - 측면충돌,신호위반,건조,맑음,교차로 - 교차로안,승용,남,23세,상해없음,승용,남,41세,경상
2021100600100346,2021년 10월 6일 15시,수요일,대전광역시 동구 용운동,중상사고,0,1,0,0,차대차 - 기타,안전운전불이행,건조,맑음,교차로 - 교차로부근,이륜,남,58세,중상,승용,남,57세,상해없음
2021100600100475,2021년 10월 6일 18시,수요일,대전광역시 서구 만년동,경상사고,0,0,5,0,차대차 - 측면충돌,신호위반,건조,맑음,단일로 - 교량,승용,남,31세,경상,승용,남,32세,경상
2021100600100523,2021년 10월 6일 19시,수요일,대전광역시 서구 관저동,경상사고,0,0,1,0,차대사람 - 기타,안전운전불이행,건조,맑음,단일로 - 기타,이륜,남,32세,상해없음,보행자,남,14세,경상
2021100600100592,2021년 10월 6일 22시,수요일,대전광역시 서구 갈마동,경상사고,0,0,2,0,차대차 - 기타,안전거리미확보,건조,맑음,교차로 - 교차로부근,승합,남,47세,상해없음,승용,여,58세,경상
2021100700100007,2021년 10월 7일 01시,목요일,대전광역시 서구 둔산동,사망사고,1,1,0,0,차대사람 - 횡단중,보행자보호의무위반,건조,맑음,교차로 - 교차로횡단보도내,승합,남,38세,기타불명,보행자,여,23세,사망
2021100700100011,2021년 10월 7일 02시,목요일,대전광역시 유성구 장대동,중상사고,0,1,0,0,차대사람 - 기타,안전운전불이행,건조,맑음,단일로 - 기타,승용,남,42세,상해없음,보행자,남,23세,중상
2021100700100069,2021년 10월 7일 07시,목요일,대전광역시 동구 판암동,경상사고,0,0,1,0,차대차 - 추돌,안전거리미확보,건조,맑음,교차로 - 교차로안,승용,남,60세,상해없음,화물,남,50세,경상
2021100700100070,2021년 10월 7일 07시,목요일,대전광역시 서구 도마동,경상사고,0,0,1,0,차대차 - 측면충돌,안전운전불이행,건조,맑음,교차로 - 교차로안,이륜,남,18세,상해없음,승용,남,33세,경상
2021100700100071,2021년 10월 7일 07시,목요일,대전광역시 대덕구 상서동,경상사고,0,0,2,0,차대차 - 기타,안전거리미확보,건조,맑음,단일로 - 기타,화물,남,58세,상해없음,화물,남,51세,경상
2021100700100113,2021년 10월 7일 08시,목요일,대전광역시 중구 용두동,중상사고,0,1,0,0,차대사람 - 횡단중,안전운전불이행,건조,맑음,교차로 - 교차로안,승용,남,64세,상해없음,보행자,여,69세,중상
2021100700100114,2021년 10월 7일 08시,목요일,대전광역시 유성구 학하동,경상사고,0,0,1,0,차대차 - 기타,신호위반,건조,맑음,교차로 - 교차로안,승용,남,65세,상해없음,화물,남,32세,경상
2021100700100133,2021년 10월 7일 09시,목요일,대전광역시 서구 가수원동,경상사고,0,0,1,0,차대차 - 측면충돌,안전운전불이행,건조,맑음,교차로 - 교차로안,승용,남,64세,상해없음,승용,남,44세,경상
2021100700100134,2021년 10월 7일 09시,목요일,대전광역시 유성구 장동,경상사고,0,0,1,0,차대차 - 측면충돌,차로위반,건조,맑음,교차로 - 교차로부근,승용,여,41세,기타불명,승용,남,44세,경상
2021100700100168,2021년 10월 7일 10시,목요일,대전광역시 서구 내동,사망사고,1,0,0,0,차대사람 - 횡단중,안전운전불이행,건조,맑음,단일로 - 기타,승용,남,28세,상해없음,보행자,여,59세,사망
2021100700100169,2021년 10월 7일 10시,목요일,대전광역시 유성구 덕명동,경상사고,0,0,1,0,차대차 - 추돌,안전운전불이행,건조,맑음,단일로 - 기타,승용,남,42세,상해없음,이륜,남,42세,경상
2021100700100210,2021년 10월 7일 11시,목요일,대전광역시 서구 관저동,경상사고,0,0,1,0,차대차 - 기타,신호위반,건조,맑음,교차로 - 교차로횡단보도내,승용,여,39세,상해없음,자전거,남,29세,경상
2021100700100274,2021년 10월 7일 13시,목요일,대전광역시 중구 태평동,경상사고,0,0,1,0,차대차 - 측면충돌,안전운전불이행,건조,맑음,단일로 - 기타,승용,남,26세,상해없음,승용,여,44세,경상
2021100700100275,2021년 10월 7일 13시,목요일,대전광역시 서구 흑석동,중상사고,0,2,0,0,차대차 - 측면충돌,교차로운행방법위반,건조,맑음,교차로 - 교차로안,승용,남,52세,상해없음,승용,남,73세,중상
2021100700100345,2021년 10월 7일 15시,목요일,대전광역시 대덕구 법동,중상사고,0,1,0,0,차대사람 - 차도통행중,안전운전불이행,젖음/습기,비,단일로 - 기타,화물,남,28세,상해없음,보행자,여,68세,중상
2021100700100376,2021년 10월 7일 16시,목요일,대전광역시 유성구 덕진동,경상사고,0,0,1,0,차대차 - 기타,안전거리미확보,젖음/습기,비,단일로 - 기타,화물,남,53세,기타불명,승용,남,24세,경상
2021100700100410,2021년 10월 7일 17시,목요일,대전광역시 동구 용운동,경상사고,0,0,1,0,차대차 - 추돌,안전운전불이행,건조,맑음,단일로 - 기타,이륜,남,45세,상해없음,승합,남,52세,상해없음
2021100700100464,2021년 10월 7일 18시,목요일,대전광역시 유성구 장동,경상사고,0,0,1,0,차대차 - 측면충돌,안전운전불이행,건조,맑음,단일로 - 기타,이륜,남,52세,기타불명,승용,남,35세,경상
2021100700100543,2021년 10월 7일 20시,목요일,대전광역시 중구 대흥동,경상사고,0,0,1,1,차대차 - 후진중충돌,안전운전불이행,건조,맑음,단일로 - 기타,승용,남,57세,부상신고,승용,남,54세,경상
2021100700100544,2021년 10월 7일 20시,목요일,대전광역시 서구 갈마동,중상사고,0,1,0,0,차대차 - 측면충돌,신호위반,건조,맑음,교차로 - 교차로안,승용,남,66세,상해없음,이륜,여,41세,중상
2021100700100545,2021년 10월 7일 20시,목요일,대전광역시 서구 둔산동,경상사고,0,0,1,0,차대차 - 기타,신호위반,건조,맑음,교차로 - 교차로안,승용,남,24세,상해없음,승용,여,24세,경상
2021100700100563,2021년 10월 7일 21시,목요일,대전광역시 서구 월평동,중상사고,0,1,0,0,차대차 - 측면충돌,신호위반,건조,맑음,교차로 - 교차로안,이륜,남,24세,상해없음,승용,남,38세,중상
2021100700100590,2021년 10월 7일 22시,목요일,대전광역시 중구 유천동,경상사고,0,0,2,0,차대차 - 기타,신호위반,건조,맑음,교차로 - 교차로안,승용,남,19세,상해없음,승용,남,56세,경상
2021100800100015,2021년 10월 8일 01시,금요일,대전광역시 동구 자양동,중상사고,0,1,0,0,차대차 - 측면충돌,신호위반,건조,맑음,교차로 - 교차로안,승용,남,71세,상해없음,이륜,남,23세,중상
2021100800100016,2021년 10월 8일 01시,금요일,대전광역시 유성구 궁동,경상사고,0,0,1,0,차대차 - 추돌,안전운전불이행,건조,맑음,교차로 - 교차로부근,승용,남,31세,상해없음,승용,남,38세,경상
2021100800100040,2021년 10월 8일 06시,금요일,대전광역시 서구 용문동,경상사고,0,0,1,0,차대사람 - 횡단중,안전운전불이행,건조,맑음,기타 - 기타,승용,남,35세,상해없음,보행자,남,64세,경상
2021100800100065,2021년 10월 8일 07시,금요일,대전광역시 유성구 궁동,경상사고,0,0,2,0,차대차 - 측면충돌,교차로운행방법위반,건조,맑음,교차로 - 교차로안,승합,남,51세,상해없음,승용,여,56세,경상
2021100800100108,2021년 10월 8일 08시,금요일,대전광역시 동구 신안동,경상사고,0,0,1,0,차대차 - 기타,안전거리미확보,건조,맑음,단일로 - 기타,승용,여,60세,경상,승합,남,58세,상해없음
2021100800100136,2021년 10월 8일 09시,금요일,대전광역시 유성구 관평동,경상사고,0,0,1,0,차대차 - 기타,안전운전불이행,건조,맑음,교차로 - 교차로안,승용,남,58세,상해없음,개인형이동수단(PM),남,21세,경상
2021100800100200,2021년 10월 8일 11시,금요일,대전광역시 동구 용운동,중상사고,0,1,0,0,차대사람 - 기타,안전운전불이행,건조,맑음,단일로 - 기타,승용,여,65세,상해없음,보행자,여,68세,중상
2021100800100201,2021년 10월 8일 11시,금요일,대전광역시 동구 판암동,중상사고,0,1,0,0,차대사람 - 기타,안전운전불이행,건조,맑음,기타 - 기타,화물,남,65세,상해없음,보행자,여,91세,중상
2021100800100202,2021년 10월 8일 11시,금요일,대전광역시 동구 자양동,경상사고,0,0,1,0,차대차 - 정면충돌,안전운전불이행,건조,맑음,교차로 - 교차로안,승용,여,28세,상해없음,승용,남,31세,경상
2021100800100203,2021년 10월 8일 11시,금요일,대전광역시 유성구 봉산동,경상사고,0,0,1,0,차대차 - 기타,교차로운행방법위반,건조,맑음,교차로 - 교차로안,승용,여,42세,상해없음,이륜,남,44세,경상
2021100800100204,2021년 10월 8일 11시,금요일,대전광역시 유성구 신성동,경상사고,0,0,1,0,차대차 - 기타,안전거리미확보,건조,맑음,단일로 - 기타,승합,남,53세,상해없음,승용,여,29세,경상
2021100800100243,2021년 10월 8일 12시,금요일,대전광역시 중구 태평동,경상사고,0,0,1,0,차대사람 - 기타,안전운전불이행,건조,맑음,교차로 - 교차로부근,화물,남,27세,상해없음,보행자,여,81세,경상
2021100800100277,2021년 10월 8일 13시,금요일,대전광역시 대덕구 비래동,경상사고,0,0,2,0,차대차 - 측면충돌,신호위반,건조,맑음,교차로 - 교차로안,화물,남,60세,상해없음,승용,남,72세,경상
2021100800100278,2021년 10월 8일 13시,금요일,대전광역시 대덕구 오정동,경상사고,0,0,1,0,차대차 - 측면충돌,신호위반,건조,맑음,교차로 - 교차로안,화물,남,65세,기타불명,자전거,여,80세,경상
2021100800100279,2021년 10월 8일 13시,금요일,대전광역시 서구 갈마동,경상사고,0,0,1,0,차대사람 - 기타,기타,건조,맑음,교차로 - 교차로안,승용,여,59세,기타불명,보행자,남,44세,경상
2021100800100321,2021년 10월 8일 14시,금요일,대전광역시 서구 탄방동,중상사고,0,1,0,0,차대차 - 측면충돌,신호위반,건조,맑음,교차로 - 교차로안,승용,여,50세,상해없음,이륜,남,48세,중상
2021100800100396,2021년 10월 8일 16시,금요일,대전광역시 동구 대성동,경상사고,0,0,2,0,차대차 - 정면충돌,안전운전불이행,건조,맑음,단일로 - 기타,승용,남,74세,상해없음,승용,남,44세,경상
2021100800100397,2021년 10월 8일 16시,금요일,대전광역시 대덕구 신대동,경상사고,0,0,1,0,차대차 - 측면충돌,신호위반,건조,맑음,기타 - 기타,승용,남,70세,상해없음,승용,남,35세,경상
2021100800100398,2021년 10월 8일 16시,금요일,대전광역시 유성구 봉산동,중상사고,0,1,0,0,차대사람 - 횡단중,보행자보호의무위반,건조,맑음,교차로 - 교차로횡단보도내,승용,여,49세,상해없음,보행자,여,64세,중상
2021100800100444,2021년 10월 8일 17시,금요일,대전광역시 중구 사정동,사망사고,1,1,0,0,차대차 - 측면충돌,안전운전불이행,건조,맑음,기타 - 기타,이륜,남,17세,사망,화물,남,56세,상해없음
2021100800100445,2021년 10월 8일 17시,금요일,대전광역시 중구 대사동,부상신고사고,0,0,0,1,차대사람 - 기타,안전운전불이행,건조,맑음,단일로 - 기타,승용,남,58세,상해없음,보행자,남,66세,부상신고
2021100800100521,2021년 10월 8일 18시,금요일,대전광역시 대덕구 읍내동,경상사고,0,0,1,0,차대차 - 기타,안전운전불이행,기타,흐림,단일로 - 기타,승용,남,38세,상해없음,화물,남,34세,경상
2021100800100522,2021년 10월 8일 18시,금요일,대전광역시 서구 둔산동,경상사고,0,0,1,0,차대차 - 기타,안전운전불이행,건조,맑음,교차로 - 교차로횡단보도내,승용,여,40세,상해없음,자전거,남,26세,경상
2021100800100589,2021년 10월 8일 19시,금요일,대전광역시 서구 복수동,경상사고,0,0,1,0,차대사람 - 기타,기타,건조,맑음,기타 - 기타,승용,남,58세,기타불명,보행자,남,30세,경상
2021100800100590,2021년 10월 8일 19시,금요일,대전광역시 서구 갈마동,경상사고,0,0,2,1,차대차 - 기타,안전운전불이행,건조,맑음,교차로 - 교차로부근,승용,여,53세,부상신고,승용,남,25세,경상
2021100800100591,2021년 10월 8일 19시,금요일,대전광역시 유성구 봉명동,사망사고,1,0,0,0,차대차 - 기타,안전거리미확보,건조,맑음,단일로 - 기타,승용,남,27세,상해없음,이륜,남,22세,사망
2021100800100689,2021년 10월 8일 22시,금요일,대전광역시 동구 가양동,경상사고,0,0,1,0,차대차 - 기타,안전거리미확보,건조,맑음,교차로 - 교차로안,승용,남,19세,상해없음,승용,남,27세,경상
2021100800100690,2021년 10월 8일 22시,금요일,대전광역시 서구 관저동,경상사고,0,0,1,0,차대차 - 측면충돌,안전운전불이행,건조,맑음,교차로 - 교차로부근,승용,남,40세,상해없음,승용,남,43세,경상
2021100900100008,2021년 10월 9일 00시,토요일,대전광역시 대덕구 법동,중상사고,0,1,0,0,차대사람 - 기타,안전운전불이행,건조,맑음,단일로 - 기타,승용,남,25세,상해없음,보행자,여,53세,중상
2021100900100040,2021년 10월 9일 06시,토요일,대전광역시 동구 용운동,중상사고,0,1,0,0,차대차 - 추돌,안전운전불이행,건조,맑음,단일로 - 기타,화물,남,52세,중상,승합,남,45세,상해없음
2021100900100061,2021년 10월 9일 08시,토요일,대전광역시 중구 안영동,경상사고,0,0,1,0,차대사람 - 기타,안전운전불이행,젖음/습기,맑음,단일로 - 기타,승용,남,69세,상해없음,보행자,여,64세,경상
2021100900100062,2021년 10월 9일 08시,토요일,대전광역시 유성구 도룡동,경상사고,0,0,2,0,차대차 - 측면충돌,안전거리미확보,건조,맑음,단일로 - 기타,화물,남,40세,상해없음,승용,여,39세,경상
2021100900100132,2021년 10월 9일 11시,토요일,대전광역시 서구 탄방동,경상사고,0,0,1,0,차대차 - 측면충돌,신호위반,건조,맑음,교차로 - 교차로부근,이륜,남,40세,상해없음,승용,남,63세,경상
2021100900100133,2021년 10월 9일 11시,토요일,대전광역시 유성구 대정동,경상사고,0,0,2,0,차대차 - 기타,안전운전불이행,건조,흐림,단일로 - 기타,건설기계,남,57세,상해없음,화물,남,60세,경상
2021100900100167,2021년 10월 9일 12시,토요일,대전광역시 서구 도마동,경상사고,0,0,1,0,차대차 - 기타,안전운전불이행,건조,맑음,교차로 - 교차로부근,승용,여,66세,상해없음,화물,남,48세,경상
2021100900100168,2021년 10월 9일 12시,토요일,대전광역시 유성구 노은동,중상사고,0,1,0,0,차대차 - 기타,신호위반,건조,맑음,교차로 - 교차로안,승용,남,59세,상해없음,이륜,남,31세,중상
2021100900100169,2021년 10월 9일 12시,토요일,대전광역시 유성구 구성동,경상사고,0,0,1,0,차대차 - 기타,안전거리미확보,건조,흐림,단일로 - 기타,승용,남,45세,상해없음,승합,남,61세,경상
2021100900100203,2021년 10월 9일 13시,토요일,대전광역시 유성구 도룡동,경상사고,0,0,2,0,차대차 - 기타,안전거리미확보,건조,맑음,단일로 - 기타,승용,남,43세,상해없음,승용,남,24세,경상
2021100900100246,2021년 10월 9일 14시,토요일,대전광역시 유성구 구암동,경상사고,0,0,1,0,차대차 - 기타,안전거리미확보,건조,맑음,교차로 - 교차로부근,승용,여,35세,상해없음,승용,여,34세,경상
2021100900100308,2021년 10월 9일 16시,토요일,대전광역시 유성구 봉명동,경상사고,0,0,2,0,차대차 - 측면충돌,교차로운행방법위반,건조,맑음,교차로 - 교차로안,승용,여,42세,경상,승용,남,63세,경상
2021100900100345,2021년 10월 9일 17시,토요일,대전광역시 동구 용전동,경상사고,0,0,1,0,차대사람 - 기타,안전운전불이행,건조,맑음,단일로 - 기타,승용,남,26세,상해없음,보행자,남,56세,경상
2021100900100346,2021년 10월 9일 17시,토요일,대전광역시 서구 괴정동,경상사고,0,0,1,0,차대차 - 정면충돌,안전운전불이행,건조,맑음,교차로 - 교차로안,화물,남,50세,상해없음,승용,남,44세,경상
2021100900100347,2021년 10월 9일 17시,토요일,대전광역시 유성구 전민동,경상사고,0,0,3,0,차대차 - 측면충돌,교차로운행방법위반,건조,맑음,교차로 - 교차로안,이륜,남,19세,경상,승용,남,25세,경상
2021100900100348,2021년 10월 9일 17시,토요일,대전광역시 유성구 방동,경상사고,0,0,3,0,차대차 - 기타,안전운전불이행,건조,맑음,교차로 - 교차로부근,승용,남,30세,상해없음,승용,남,50세,경상
2021100900100405,2021년 10월 9일 18시,토요일,대전광역시 유성구 봉산동,경상사고,0,0,3,2,차대차 - 추돌,안전운전불이행,건조,맑음,단일로 - 기타,이륜,남,28세,경상,승용,남,41세,부상신고
2021100900100457,2021년 10월 9일 19시,토요일,대전광역시 동구 원동,경상사고,0,0,1,0,차대차 - 측면충돌,안전운전불이행,건조,맑음,교차로 - 교차로부근,승용,남,25세,상해없음,사륜오토바이(ATV),남,72세,경상
2021100900100493,2021년 10월 9일 20시,토요일,대전광역시 서구 탄방동,경상사고,0,0,2,0,차대차 - 기타,중앙선침범,건조,맑음,교차로 - 교차로부근,승용,여,26세,상해없음,승용,남,26세,경상
2021100900100517,2021년 10월 9일 21시,토요일,대전광역시 동구 세천동,경상사고,0,0,3,0,차대차 - 측면충돌,안전운전불이행,건조,맑음,단일로 - 기타,승용,남,22세,상해없음,승용,남,25세,경상
2021100900100557,2021년 10월 9일 22시,토요일,대전광역시 유성구 장대동,경상사고,0,0,1,0,차대차 - 정면충돌,안전운전불이행,건조,맑음,교차로 - 교차로부근,이륜,남,41세,상해없음,승합,남,36세,경상
2021101000100024,2021년 10월 10일 02시,일요일,대전광역시 대덕구 비래동,경상사고,0,0,2,0,차대차 - 추돌,안전운전불이행,건조,맑음,단일로 - 기타,특수,남,45세,상해없음,승용,남,28세,경상
2021101000100079,2021년 10월 10일 09시,일요일,대전광역시 대덕구 오정동,경상사고,0,0,3,0,차대차 - 기타,안전운전불이행,건조,맑음,단일로 - 교량,승용,남,54세,상해없음,승용,남,69세,경상
2021101000100095,2021년 10월 10일 10시,일요일,대전광역시 서구 도마동,경상사고,0,0,1,0,차대차 - 측면충돌,교차로운행방법위반,건조,맑음,교차로 - 교차로안,승용,남,64세,상해없음,승용,여,52세,경상
2021101000100096,2021년 10월 10일 10시,일요일,대전광역시 유성구 가정동,경상사고,0,0,1,1,차대차 - 측면충돌,신호위반,건조,맑음,교차로 - 교차로안,승용,남,62세,상해없음,승용,남,34세,경상
2021101000100155,2021년 10월 10일 12시,일요일,대전광역시 서구 갈마동,경상사고,0,0,4,0,차대차 - 기타,안전운전불이행,건조,맑음,단일로 - 기타,승용,남,35세,경상,이륜,남,22세,경상
2021101000100187,2021년 10월 10일 13시,일요일,대전광역시 유성구 봉명동,경상사고,0,0,1,0,차량단독 - 공작물충돌,안전운전불이행,건조,맑음,기타 - 기타,승용,남,68세,상해없음,,,,
2021101000100188,2021년 10월 10일 13시,일요일,대전광역시 유성구 둔곡동,경상사고,0,0,1,0,차대차 - 측면충돌,신호위반,건조,맑음,교차로 - 교차로안,승용,남,31세,상해없음,승용,남,50세,경상
2021101000100259,2021년 10월 10일 15시,일요일,대전광역시 유성구 덕명동,경상사고,0,0,2,0,차대차 - 추돌,안전운전불이행,건조,맑음,교차로 - 교차로부근,승용,남,63세,상해없음,승용,남,60세,경상
2021101000100334,2021년 10월 10일 17시,일요일,대전광역시 서구 복수동,경상사고,0,0,1,0,차대차 - 기타,안전운전불이행,건조,맑음,교차로 - 교차로부근,이륜,남,45세,상해없음,이륜,남,28세,경상
2021101000100335,2021년 10월 10일 17시,일요일,대전광역시 서구 복수동,경상사고,0,0,2,0,차대차 - 기타,신호위반,건조,맑음,교차로 - 교차로안,승용,여,66세,상해없음,화물,남,62세,경상
2021101000100379,2021년 10월 10일 18시,일요일,대전광역시 대덕구 오정동,중상사고,0,1,1,0,차대차 - 측면충돌,직진우회전진행방해,건조,맑음,교차로 - 교차로안,화물,남,52세,상해없음,승용,남,71세,경상
2021101000100458,2021년 10월 10일 20시,일요일,대전광역시 대덕구 평촌동,부상신고사고,0,0,0,1,차대차 - 기타,기타,건조,맑음,교차로 - 교차로안,기타불명,기타불명,미분류,기타불명,승용,남,31세,부상신고
2021101000100459,2021년 10월 10일 20시,일요일,대전광역시 대덕구 중리동,경상사고,0,0,1,0,차대차 - 기타,안전운전불이행,건조,맑음,기타 - 기타,승용,여,54세,기타불명,이륜,남,44세,경상
2021101000100460,2021년 10월 10일 20시,일요일,대전광역시 유성구 상대동,경상사고,0,0,1,0,차대차 - 기타,안전운전불이행,건조,맑음,기타 - 기타,승용,남,30세,상해없음,승용,남,32세,경상
2021101000100481,2021년 10월 10일 21시,일요일,대전광역시 유성구 안산동,경상사고,0,0,2,0,차대차 - 측면충돌,안전운전불이행,젖음/습기,비,단일로 - 기타,승용,남,19세,상해없음,승용,여,26세,경상
2021101000100494,2021년 10월 10일 21시,일요일,대전광역시 중구 오류동,경상사고,0,0,3,0,차대차 - 추돌,안전거리미확보,젖음/습기,비,단일로 - 기타,승용,남,67세,상해없음,승용,남,52세,경상
2021101000100495,2021년 10월 10일 21시,일요일,대전광역시 동구 가오동,경상사고,0,0,1,0,차대사람 - 횡단중,안전운전불이행,젖음/습기,비,단일로 - 기타,이륜,남,45세,상해없음,보행자,남,59세,경상
2021101000100496,2021년 10월 10일 21시,일요일,대전광역시 서구 둔산동,경상사고,0,0,1,0,차대사람 - 기타,기타,건조,맑음,기타 - 기타,개인형이동수단(PM),남,22세,상해없음,보행자,여,20세,경상
2021101000100554,2021년 10월 10일 23시,일요일,대전광역시 서구 둔산동,경상사고,0,0,1,0,차대차 - 기타,안전운전불이행,젖음/습기,비,단일로 - 기타,승용,남,21세,상해없음,승용,남,24세,경상
2021101100100018,2021년 10월 11일 02시,월요일,대전광역시 유성구 봉명동,경상사고,0,0,1,0,차대차 - 기타,안전운전불이행,젖음/습기,비,교차로 - 교차로부근,승용,여,59세,상해없음,승용,남,37세,경상
2021101100100024,2021년 10월 11일 04시,월요일,대전광역시 동구 용전동,경상사고,0,0,3,0,차대차 - 기타,신호위반,젖음/습기,비,교차로 - 교차로안,화물,남,63세,경상,승용,남,63세,경상
2021101100100047,2021년 10월 11일 06시,월요일,대전광역시 서구 월평동,경상사고,0,0,2,0,차대차 - 기타,안전운전불이행,건조,맑음,단일로 - 기타,승용,남,66세,경상,승용,남,63세,경상
2021101100100058,2021년 10월 11일 07시,월요일,대전광역시 서구 괴정동,경상사고,0,0,2,0,차대차 - 기타,직진우회전진행방해,건조,맑음,교차로 - 교차로안,승용,남,24세,경상,승용,남,64세,경상