사고번호,사고일시,요일,시군구,사고내용,사망자수,중상자수,경상자수,부상신고자수,사고유형,법규위반,노면상태,기상상태,도로형태,가해운전자 차종,가해운전자 성별,가해운전자 연령,가해운전자 상해정도,피해운전자 차종,피해운전자 성별,피해운전자 연령,피해운전자 상해정도
2021101100100178,2021년 10월 11일 12시,월요일,대전광역시 유성구 장대동,경상사고,0,0,1,0,차대차 - 측면충돌,교차로운행방법위반,건조,맑음,교차로 - 교차로안,승용,여,57세,상해없음,승용,남,27세,경상
2021101100100211,2021년 10월 11일 13시,월요일,대전광역시 동구 자양동,경상사고,0,0,2,0,차대차 - 측면충돌,안전운전불이행,건조,맑음,단일로 - 기타,원동기,남,22세,상해없음,승용,남,27세,경상
2021101100100212,2021년 10월 11일 13시,월요일,대전광역시 유성구 화암동,경상사고,0,0,1,0,차대차 - 측면충돌,교차로운행방법위반,건조,맑음,교차로 - 교차로안,승용,남,69세,상해없음,승용,남,34세,경상
2021101100100238,2021년 10월 11일 14시,월요일,대전광역시 유성구 원내동,경상사고,0,0,3,0,차대차 - 추돌,안전운전불이행,건조,맑음,단일로 - 기타,승용,남,56세,상해없음,화물,남,50세,경상
2021101100100277,2021년 10월 11일 15시,월요일,대전광역시 유성구 원내동,경상사고,0,0,1,0,차대차 - 측면충돌,안전운전불이행,건조,맑음,단일로 - 기타,승용,남,58세,기타불명,승용,남,55세,경상
2021101100100310,2021년 10월 11일 16시,월요일,대전광역시 중구 문화동,경상사고,0,0,1,0,차대차 - 기타,안전거리미확보,젖음/습기,비,단일로 - 기타,승용,남,22세,상해없음,원동기,남,23세,경상
2021101100100311,2021년 10월 11일 16시,월요일,대전광역시 동구 성남동,경상사고,0,0,1,0,차대차 - 기타,안전거리미확보,젖음/습기,비,교차로 - 교차로부근,승용,남,54세,상해없음,이륜,남,25세,경상
2021101100100312,2021년 10월 11일 16시,월요일,대전광역시 서구 내동,경상사고,0,0,1,0,차대차 - 기타,직진우회전진행방해,건조,맑음,교차로 - 교차로안,승용,여,54세,상해없음,승용,여,48세,경상
2021101100100313,2021년 10월 11일 16시,월요일,대전광역시 대덕구 대화동,경상사고,0,0,3,0,차대차 - 측면충돌,안전운전불이행,젖음/습기,비,교차로 - 교차로안,승용,여,52세,경상,승용,여,39세,경상
2021101100100314,2021년 10월 11일 16시,월요일,대전광역시 유성구 봉명동,경상사고,0,0,2,0,차대차 - 측면충돌,안전운전불이행,건조,맑음,교차로 - 교차로안,승용,남,30세,기타불명,승용,남,40세,경상
2021101100100351,2021년 10월 11일 17시,월요일,대전광역시 대덕구 법동,중상사고,0,1,0,0,차대사람 - 횡단중,보행자보호의무위반,젖음/습기,흐림,단일로 - 기타,승용,여,47세,상해없음,보행자,여,69세,중상
2021101100100403,2021년 10월 11일 18시,월요일,대전광역시 동구 가양동,경상사고,0,0,1,0,차대차 - 측면충돌,안전운전불이행,건조,기타,교차로 - 교차로안,화물,남,60세,상해없음,승용,남,62세,경상
2021101100100447,2021년 10월 11일 19시,월요일,대전광역시 중구 은행동,중상사고,0,1,0,0,차대차 - 정면충돌,중앙선침범,건조,맑음,단일로 - 기타,승용,남,67세,상해없음,이륜,남,26세,중상
2021101100100448,2021년 10월 11일 19시,월요일,대전광역시 서구 도안동,중상사고,0,1,0,0,차대차 - 기타,신호위반,건조,맑음,교차로 - 교차로안,화물,남,65세,상해없음,승용,남,33세,중상
2021101100100449,2021년 10월 11일 19시,월요일,대전광역시 대덕구 중리동,중상사고,0,1,2,0,차대차 - 추돌,안전운전불이행,건조,맑음,단일로 - 기타,화물,남,56세,상해없음,승용,남,63세,경상
2021101100100481,2021년 10월 11일 20시,월요일,대전광역시 대덕구 중리동,경상사고,0,0,2,0,차대차 - 추돌,신호위반,건조,맑음,교차로 - 교차로안,이륜,남,25세,경상,승용,여,45세,경상
2021101100100482,2021년 10월 11일 20시,월요일,대전광역시 대덕구 비래동,경상사고,0,0,1,0,차대차 - 추돌,안전운전불이행,건조,맑음,단일로 - 기타,승용,남,57세,상해없음,화물,남,71세,경상
2021101100100483,2021년 10월 11일 20시,월요일,대전광역시 유성구 반석동,경상사고,0,0,1,0,차대차 - 추돌,안전운전불이행,건조,맑음,기타 - 기타,화물,남,43세,기타불명,이륜,남,32세,경상
2021101100100506,2021년 10월 11일 21시,월요일,대전광역시 유성구 교촌동,경상사고,0,0,3,0,차대차 - 기타,신호위반,건조,맑음,교차로 - 교차로안,승용,남,46세,상해없음,승용,남,50세,경상
2021101200100028,2021년 10월 12일 05시,화요일,대전광역시 서구 둔산동,경상사고,0,0,2,0,차대차 - 추돌,안전운전불이행,건조,맑음,교차로 - 교차로부근,승용,여,64세,상해없음,승용,남,72세,경상
2021101200100044,2021년 10월 12일 06시,화요일,대전광역시 서구 도안동,경상사고,0,0,2,0,차대사람 - 기타,안전운전불이행,건조,맑음,기타 - 기타,자전거,남,39세,경상,보행자,남,68세,경상
2021101200100110,2021년 10월 12일 08시,화요일,대전광역시 유성구 궁동,경상사고,0,0,1,0,차대차 - 측면충돌,안전운전불이행,건조,맑음,교차로 - 교차로부근,특수,남,22세,상해없음,자전거,남,62세,경상
2021101200100185,2021년 10월 12일 10시,화요일,대전광역시 동구 성남동,중상사고,0,1,2,0,차대차 - 기타,신호위반,건조,맑음,교차로 - 교차로안,승용,여,53세,상해없음,승합,남,40세,경상
2021101200100186,2021년 10월 12일 10시,화요일,대전광역시 서구 변동,경상사고,0,0,2,0,차대차 - 기타,교차로운행방법위반,건조,맑음,교차로 - 교차로안,화물,남,44세,상해없음,승합,남,53세,경상
2021101200100212,2021년 10월 12일 11시,화요일,대전광역시 중구 용두동,중상사고,0,2,1,0,차대차 - 측면충돌,신호위반,젖음/습기,비,교차로 - 교차로안,승용,여,24세,중상,승용,여,47세,중상
2021101200100237,2021년 10월 12일 12시,화요일,대전광역시 서구 탄방동,중상사고,0,1,0,0,차대차 - 기타,안전운전불이행,건조,맑음,교차로 - 교차로부근,승용,남,50세,상해없음,이륜,남,54세,중상
2021101200100319,2021년 10월 12일 15시,화요일,대전광역시 유성구 구암동,경상사고,0,0,1,0,차대차 - 측면충돌,안전거리미확보,건조,맑음,단일로 - 기타,승용,여,49세,상해없음,승용,남,56세,경상
2021101200100320,2021년 10월 12일 15시,화요일,대전광역시 유성구 장대동,경상사고,0,0,2,0,차대차 - 기타,안전운전불이행,젖음/습기,흐림,교차로 - 교차로안,승용,여,49세,기타불명,승용,여,56세,경상
2021101200100452,2021년 10월 12일 18시,화요일,대전광역시 중구 석교동,경상사고,0,0,1,0,차대사람 - 기타,안전운전불이행,건조,맑음,기타 - 기타,기타불명,기타불명,미분류,기타불명,보행자,여,59세,경상
2021101200100453,2021년 10월 12일 18시,화요일,대전광역시 서구 관저동,중상사고,0,1,0,0,차대차 - 측면충돌,안전거리미확보,건조,맑음,단일로 - 기타,승용,남,62세,상해없음,승용,여,54세,중상
2021101200100454,2021년 10월 12일 18시,화요일,대전광역시 서구 둔산동,경상사고,0,0,2,0,차대차 - 기타,안전운전불이행,건조,맑음,교차로 - 교차로부근,승용,여,26세,경상,승용,남,45세,경상
2021101200100455,2021년 10월 12일 18시,화요일,대전광역시 유성구 노은동,중상사고,0,1,0,0,차대차 - 정면충돌,신호위반,건조,맑음,교차로 - 교차로안,승용,남,27세,상해없음,이륜,남,23세,중상
2021101200100492,2021년 10월 12일 19시,화요일,대전광역시 서구 관저동,경상사고,0,0,1,0,차대차 - 측면충돌,안전운전불이행,건조,맑음,교차로 - 교차로안,승용,남,44세,상해없음,승용,여,26세,경상
2021101200100521,2021년 10월 12일 20시,화요일,대전광역시 중구 대흥동,경상사고,0,0,1,0,차대사람 - 횡단중,안전운전불이행,건조,맑음,단일로 - 기타,승용,남,41세,상해없음,보행자,여,68세,경상
2021101200100583,2021년 10월 12일 22시,화요일,대전광역시 서구 탄방동,중상사고,0,1,0,0,차대차 - 기타,신호위반,건조,맑음,단일로 - 기타,승용,여,28세,상해없음,개인형이동수단(PM),남,35세,중상
2021101300100038,2021년 10월 13일 06시,수요일,대전광역시 유성구 봉명동,경상사고,0,0,1,0,차대차 - 기타,신호위반,건조,맑음,교차로 - 교차로안,화물,남,38세,상해없음,승용,여,64세,경상
2021101300100059,2021년 10월 13일 07시,수요일,대전광역시 서구 갈마동,경상사고,0,0,1,0,차대차 - 기타,안전운전불이행,건조,맑음,교차로 - 교차로안,승용,여,55세,상해없음,승용,여,47세,상해없음
2021101300100092,2021년 10월 13일 08시,수요일,대전광역시 서구 관저동,중상사고,0,1,0,0,차대차 - 기타,신호위반,건조,맑음,교차로 - 교차로부근,이륜,남,68세,중상,승용,남,47세,상해없음
2021101300100093,2021년 10월 13일 08시,수요일,대전광역시 유성구 노은동,경상사고,0,0,1,0,차대차 - 측면충돌,안전운전불이행,건조,맑음,단일로 - 기타,자전거,남,13세,경상,승용,남,37세,상해없음
2021101300100264,2021년 10월 13일 13시,수요일,대전광역시 동구 삼성동,경상사고,0,0,1,0,차대차 - 측면충돌,신호위반,건조,맑음,교차로 - 교차로안,승용,여,52세,상해없음,이륜,남,66세,경상
2021101300100302,2021년 10월 13일 14시,수요일,대전광역시 중구 사정동,중상사고,0,1,0,0,차대차 - 측면충돌,신호위반,건조,맑음,교차로 - 교차로안,화물,여,58세,상해없음,이륜,남,58세,중상
2021101300100303,2021년 10월 13일 14시,수요일,대전광역시 동구 삼성동,경상사고,0,0,5,0,차대차 - 추돌,안전운전불이행,건조,맑음,단일로 - 기타,화물,남,63세,경상,화물,남,54세,경상
2021101300100304,2021년 10월 13일 14시,수요일,대전광역시 동구 성남동,경상사고,0,0,6,0,차대차 - 기타,안전운전불이행,건조,맑음,단일로 - 기타,승용,여,45세,경상,승용,남,39세,경상
2021101300100383,2021년 10월 13일 16시,수요일,대전광역시 중구 문창동,경상사고,0,0,1,0,차대사람 - 차도통행중,안전운전불이행,건조,맑음,기타 - 기타,승합,남,66세,상해없음,보행자,남,66세,경상
2021101300100384,2021년 10월 13일 16시,수요일,대전광역시 서구 둔산동,경상사고,0,0,1,0,차대사람 - 기타,안전운전불이행,건조,맑음,단일로 - 기타,승용,여,66세,상해없음,보행자,남,60세,경상
2021101300100431,2021년 10월 13일 17시,수요일,대전광역시 서구 가장동,사망사고,1,0,0,0,차대차 - 정면충돌,안전운전불이행,건조,흐림,교차로 - 교차로안,승용,여,70세,상해없음,이륜,남,40세,사망
2021101300100432,2021년 10월 13일 17시,수요일,대전광역시 대덕구 오정동,경상사고,0,0,2,0,차대차 - 기타,교차로운행방법위반,젖음/습기,맑음,교차로 - 교차로안,승용,여,42세,기타불명,승합,남,50세,경상
2021101300100433,2021년 10월 13일 17시,수요일,대전광역시 유성구 복용동,경상사고,0,0,1,0,차대차 - 기타,안전운전불이행,건조,맑음,기타 - 기타,승용,여,47세,상해없음,승용,여,61세,경상
2021101300100490,2021년 10월 13일 18시,수요일,대전광역시 중구 사정동,경상사고,0,0,1,0,차대차 - 기타,안전거리미확보,건조,맑음,단일로 - 기타,승용,여,64세,상해없음,건설기계,남,42세,경상
2021101300100530,2021년 10월 13일 19시,수요일,대전광역시 중구 중촌동,경상사고,0,0,2,0,차대차 - 측면충돌,안전운전불이행,건조,맑음,교차로 - 교차로부근,승용,여,53세,상해없음,승용,여,58세,경상
2021101300100531,2021년 10월 13일 19시,수요일,대전광역시 동구 판암동,경상사고,0,0,1,0,차대차 - 정면충돌,안전운전불이행,건조,맑음,교차로 - 교차로안,승용,여,33세,상해없음,승용,남,63세,경상
2021101300100532,2021년 10월 13일 19시,수요일,대전광역시 서구 갈마동,경상사고,0,0,2,0,차대차 - 기타,안전운전불이행,건조,맑음,단일로 - 기타,화물,남,53세,상해없음,승용,남,34세,경상
2021101300100533,2021년 10월 13일 19시,수요일,대전광역시 유성구 노은동,경상사고,0,0,2,0,차대차 - 기타,안전운전불이행,건조,맑음,단일로 - 기타,이륜,남,44세,경상,승용,남,22세,경상
2021101300100590,2021년 10월 13일 21시,수요일,대전광역시 동구 자양동,부상신고사고,0,0,0,1,차대사람 - 기타,안전운전불이행,건조,맑음,단일로 - 기타,승용,남,28세,상해없음,보행자,남,21세,부상신고
2021101300100591,2021년 10월 13일 21시,수요일,대전광역시 유성구 관평동,중상사고,0,1,0,0,차대사람 - 기타,안전운전불이행,건조,맑음,교차로 - 교차로횡단보도내,승용,남,32세,상해없음,보행자,남,49세,중상
2021101300100613,2021년 10월 13일 22시,수요일,대전광역시 서구 복수동,경상사고,0,0,1,0,차대차 - 추돌,안전운전불이행,건조,맑음,단일로 - 기타,승용,남,58세,상해없음,승용,여,56세,경상
2021101400100010,2021년 10월 14일 00시,목요일,대전광역시 서구 갈마동,경상사고,0,0,1,0,차대차 - 측면충돌,신호위반,건조,맑음,교차로 - 교차로안,승용,여,54세,기타불명,승용,남,70세,경상
2021101400100020,2021년 10월 14일 01시,목요일,대전광역시 서구 탄방동,경상사고,0,0,1,0,차대차 - 측면충돌,안전운전불이행,건조,맑음,교차로 - 교차로안,이륜,남,28세,상해없음,승용,남,42세,경상
2021101400100039,2021년 10월 14일 05시,목요일,대전광역시 중구 오류동,중상사고,0,1,0,0,차대차 - 측면충돌,신호위반,건조,맑음,교차로 - 교차로안,승용,남,73세,상해없음,승용,여,32세,중상
2021101400100058,2021년 10월 14일 06시,목요일,대전광역시 중구 석교동,경상사고,0,0,1,0,차대사람 - 횡단중,신호위반,건조,맑음,단일로 - 기타,승용,남,64세,상해없음,보행자,남,65세,경상
2021101400100083,2021년 10월 14일 07시,목요일,대전광역시 유성구 방동,경상사고,0,0,2,0,차대차 - 추돌,안전운전불이행,건조,맑음,단일로 - 기타,승용,남,80세,기타불명,승용,남,42세,경상
2021101400100084,2021년 10월 14일 07시,목요일,대전광역시 유성구 방동,경상사고,0,0,1,1,차대차 - 기타,안전거리미확보,건조,맑음,기타 - 기타,승용,남,31세,상해없음,화물,남,74세,경상
2021101400100127,2021년 10월 14일 08시,목요일,대전광역시 대덕구 오정동,경상사고,0,0,2,0,차대차 - 기타,신호위반,건조,맑음,단일로 - 기타,화물,남,37세,기타불명,승합,남,61세,상해없음
2021101400100128,2021년 10월 14일 08시,목요일,대전광역시 서구 갈마동,경상사고,0,0,1,0,차대차 - 기타,안전운전불이행,건조,맑음,교차로 - 교차로부근,화물,남,52세,상해없음,승용,남,34세,경상
2021101400100129,2021년 10월 14일 08시,목요일,대전광역시 유성구 원내동,경상사고,0,0,1,0,차대차 - 기타,안전운전불이행,건조,맑음,교차로 - 교차로안,승용,남,78세,상해없음,승용,여,41세,경상
2021101400100202,2021년 10월 14일 10시,목요일,대전광역시 동구 삼성동,경상사고,0,0,1,0,차대사람 - 횡단중,보행자보호의무위반,건조,맑음,교차로 - 교차로안,승용,남,69세,상해없음,보행자,남,27세,경상
2021101400100241,2021년 10월 14일 11시,목요일,대전광역시 유성구 방동,중상사고,0,1,1,0,차대차 - 기타,안전운전불이행,건조,맑음,기타 - 기타,화물,남,65세,기타불명,승용,여,51세,중상
2021101400100275,2021년 10월 14일 12시,목요일,대전광역시 중구 용두동,부상신고사고,0,0,0,1,차대사람 - 보도통행중,안전운전불이행,건조,맑음,기타 - 기타,기타불명,기타불명,미분류,기타불명,보행자,남,23세,부상신고
2021101400100276,2021년 10월 14일 12시,목요일,대전광역시 서구 월평동,경상사고,0,0,1,0,차대차 - 측면충돌,안전운전불이행,건조,맑음,단일로 - 기타,승용,여,49세,상해없음,승용,남,32세,경상
2021101400100309,2021년 10월 14일 13시,목요일,대전광역시 유성구 노은동,경상사고,0,0,2,0,차대차 - 기타,안전거리미확보,건조,맑음,기타 - 기타,이륜,남,27세,경상,승용,남,67세,경상
2021101400100353,2021년 10월 14일 14시,목요일,대전광역시 서구 용문동,중상사고,0,1,0,0,차대사람 - 기타,보행자보호의무위반,건조,맑음,교차로 - 교차로횡단보도내,승용,여,52세,상해없음,보행자,여,61세,중상
2021101400100383,2021년 10월 14일 15시,목요일,대전광역시 중구 유천동,경상사고,0,0,1,0,차대차 - 기타,안전운전불이행,건조,맑음,교차로 - 교차로안,화물,남,54세,상해없음,승용,남,67세,경상
2021101400100384,2021년 10월 14일 15시,목요일,대전광역시 서구 갈마동,중상사고,0,1,1,0,차대차 - 기타,안전거리미확보,건조,맑음,단일로 - 기타,승용,여,32세,상해없음,승용,남,23세,경상
2021101400100414,2021년 10월 14일 16시,목요일,대전광역시 대덕구 신탄진동,경상사고,0,0,3,0,차대차 - 기타,안전운전불이행,건조,맑음,교차로 - 교차로안,화물,남,59세,상해없음,특수,남,26세,경상
2021101400100466,2021년 10월 14일 17시,목요일,대전광역시 유성구 상대동,경상사고,0,0,2,0,차대차 - 기타,안전거리미확보,건조,맑음,기타 - 기타,승용,남,80세,상해없음,승용,남,69세,경상
2021101400100526,2021년 10월 14일 18시,목요일,대전광역시 서구 관저동,경상사고,0,0,2,0,차대차 - 측면충돌,신호위반,건조,맑음,단일로 - 기타,화물,남,66세,상해없음,승용,남,54세,경상
2021101500100007,2021년 10월 15일 00시,금요일,대전광역시 유성구 세동,경상사고,0,0,1,0,차대차 - 기타,안전운전불이행,건조,맑음,단일로 - 터널,승용,남,27세,상해없음,승용,남,52세,경상
2021101500100036,2021년 10월 15일 06시,금요일,대전광역시 유성구 대정동,경상사고,0,0,1,0,차대차 - 측면충돌,안전거리미확보,건조,맑음,단일로 - 기타,승용,남,26세,상해없음,화물,남,28세,경상
2021101500100106,2021년 10월 15일 08시,금요일,대전광역시 대덕구 목상동,경상사고,0,0,1,0,차대차 - 기타,안전거리미확보,건조,맑음,단일로 - 기타,승용,남,72세,기타불명,화물,남,40세,경상
2021101500100144,2021년 10월 15일 09시,금요일,대전광역시 서구 둔산동,경상사고,0,0,1,0,차대차 - 추돌,안전운전불이행,건조,맑음,단일로 - 기타,승용,여,28세,상해없음,승용,여,30세,경상
2021101500100225,2021년 10월 15일 11시,금요일,대전광역시 대덕구 신탄진동,경상사고,0,0,1,0,차대차 - 측면충돌,안전운전불이행,건조,맑음,단일로 - 기타,화물,남,62세,상해없음,특수,남,53세,경상
2021101500100264,2021년 10월 15일 12시,금요일,대전광역시 유성구 장대동,경상사고,0,0,1,0,차대차 - 기타,안전거리미확보,건조,맑음,교차로 - 교차로부근,승용,남,35세,상해없음,화물,남,37세,경상
2021101500100290,2021년 10월 15일 13시,금요일,대전광역시 서구 둔산동,경상사고,0,0,3,0,차대차 - 기타,안전운전불이행,건조,맑음,단일로 - 기타,승용,여,47세,경상,화물,남,28세,경상
2021101500100323,2021년 10월 15일 14시,금요일,대전광역시 중구 유천동,경상사고,0,0,2,0,차대차 - 측면충돌,안전운전불이행,건조,맑음,교차로 - 교차로안,이륜,남,61세,경상,승용,남,30세,상해없음
2021101500100324,2021년 10월 15일 14시,금요일,대전광역시 유성구 방동,경상사고,0,0,1,0,차대사람 - 기타,안전운전불이행,건조,맑음,단일로 - 기타,승용,남,63세,기타불명,보행자,남,33세,경상
2021101500100392,2021년 10월 15일 16시,금요일,대전광역시 유성구 원내동,경상사고,0,0,2,0,차대차 - 추돌,안전거리미확보,건조,맑음,교차로 - 교차로안,승합,남,33세,상해없음,승용,여,51세,경상
2021101500100429,2021년 10월 15일 17시,금요일,대전광역시 중구 태평동,경상사고,0,0,1,0,차대차 - 후진중충돌,안전운전불이행,젖음/습기,비,단일로 - 기타,승용,남,61세,상해없음,승용,남,26세,경상
2021101500100430,2021년 10월 15일 17시,금요일,대전광역시 동구 용전동,경상사고,0,0,1,0,차대차 - 기타,안전거리미확보,젖음/습기,비,단일로 - 기타,승용,남,27세,상해없음,화물,여,63세,경상
2021101500100431,2021년 10월 15일 17시,금요일,대전광역시 대덕구 대화동,경상사고,0,0,1,0,차대차 - 측면충돌,신호위반,건조,맑음,교차로 - 교차로안,승용,여,41세,상해없음,승용,남,48세,경상
2021101500100432,2021년 10월 15일 17시,금요일,대전광역시 유성구 죽동,경상사고,0,0,1,0,차대차 - 측면충돌,안전운전불이행,젖음/습기,비,교차로 - 교차로부근,승용,남,65세,상해없음,승용,남,49세,경상
2021101500100498,2021년 10월 15일 18시,금요일,대전광역시 동구 천동,경상사고,0,0,2,0,차대차 - 측면충돌,안전운전불이행,건조,맑음,교차로 - 교차로안,승용,여,28세,경상,승용,여,37세,경상
2021101500100499,2021년 10월 15일 18시,금요일,대전광역시 서구 갈마동,부상신고사고,0,0,0,1,차대사람 - 기타,안전운전불이행,건조,맑음,교차로 - 교차로안,승용,남,58세,상해없음,보행자,여,38세,부상신고
2021101500100500,2021년 10월 15일 18시,금요일,대전광역시 유성구 관평동,경상사고,0,0,2,0,차대차 - 기타,안전운전불이행,젖음/습기,비,단일로 - 기타,승용,남,60세,상해없음,승용,남,40세,경상
2021101500100550,2021년 10월 15일 19시,금요일,대전광역시 중구 문화동,경상사고,0,0,1,0,차대차 - 추돌,안전운전불이행,젖음/습기,비,교차로 - 교차로부근,승용,남,72세,상해없음,승용,여,42세,경상
2021101500100551,2021년 10월 15일 19시,금요일,대전광역시 중구 안영동,경상사고,0,0,1,0,차대차 - 기타,안전거리미확보,젖음/습기,비,단일로 - 기타,승용,남,73세,상해없음,승용,남,25세,경상
2021101500100552,2021년 10월 15일 19시,금요일,대전광역시 대덕구 상서동,중상사고,0,1,0,0,차대차 - 기타,안전운전불이행,젖음/습기,비,단일로 - 기타,승용,여,41세,기타불명,승용,여,23세,중상
2021101500100589,2021년 10월 15일 20시,금요일,대전광역시 중구 태평동,경상사고,0,0,1,0,차대사람 - 기타,안전운전불이행,젖음/습기,비,단일로 - 기타,승용,남,44세,상해없음,보행자,남,59세,경상
2021101500100590,2021년 10월 15일 20시,금요일,대전광역시 서구 가수원동,경상사고,0,0,2,0,차대차 - 기타,신호위반,젖음/습기,비,교차로 - 교차로안,이륜,남,29세,상해없음,승용,여,33세,경상
2021101500100591,2021년 10월 15일 20시,금요일,대전광역시 서구 둔산동,경상사고,0,0,1,0,차대차 - 기타,안전운전불이행,젖음/습기,비,교차로 - 교차로안,개인형이동수단(PM),남,37세,기타불명,원동기,남,48세,경상
2021101500100657,2021년 10월 15일 22시,금요일,대전광역시 중구 오류동,중상사고,0,1,0,0,차대차 - 기타,신호위반,젖음/습기,비,교차로 - 교차로부근,승용,남,26세,상해없음,이륜,남,25세,중상
2021101500100682,2021년 10월 15일 23시,금요일,대전광역시 서구 탄방동,경상사고,0,0,1,0,차대차 - 기타,안전운전불이행,젖음/습기,비,교차로 - 교차로안,승용,남,64세,상해없음,승용,남,21세,경상
2021101600100028,2021년 10월 16일 01시,토요일,대전광역시 유성구 궁동,경상사고,0,0,1,0,차대차 - 기타,안전운전불이행,젖음/습기,비,단일로 - 기타,승용,남,58세,상해없음,승용,남,25세,기타불명
2021101600100036,2021년 10월 16일 02시,토요일,대전광역시 서구 괴정동,경상사고,0,0,3,0,차대차 - 기타,신호위반,젖음/습기,비,교차로 - 교차로안,이륜,남,44세,경상,승용,남,49세,경상
2021101600100044,2021년 10월 16일 04시,토요일,대전광역시 서구 월평동,경상사고,0,0,1,0,차량단독 - 공작물충돌,안전운전불이행,건조,맑음,교차로 - 교차로안,승용,남,65세,상해없음,,,,
2021101600100073,2021년 10월 16일 07시,토요일,대전광역시 대덕구 문평동,경상사고,0,0,1,0,차대차 - 기타,안전운전불이행,젖음/습기,흐림,단일로 - 기타,특수,남,48세,상해없음,승용,남,37세,경상
2021101600100317,2021년 10월 16일 15시,토요일,대전광역시 유성구 관평동,경상사고,0,0,2,2,차대차 - 추돌,안전운전불이행,건조,맑음,단일로 - 기타,승용,남,28세,상해없음,승용,남,37세,경상
2021101600100345,2021년 10월 16일 16시,토요일,대전광역시 서구 정림동,경상사고,0,0,1,0,차대차 - 기타,안전운전불이행,건조,맑음,교차로 - 교차로안,이륜,남,39세,상해없음,자전거,남,9세,경상
2021101600100370,2021년 10월 16일 17시,토요일,대전광역시 대덕구 비래동,경상사고,0,0,1,0,차대차 - 추돌,안전운전불이행,건조,맑음,교차로 - 교차로부근,승용,남,48세,상해없음,승용,남,32세,경상
2021101600100450,2021년 10월 16일 19시,토요일,대전광역시 중구 석교동,경상사고,0,0,1,0,차대사람 - 기타,보행자보호의무위반,건조,맑음,교차로 - 교차로횡단보도내,승용,남,50세,상해없음,보행자,여,65세,경상
2021101600100546,2021년 10월 16일 23시,토요일,대전광역시 서구 괴정동,경상사고,0,0,1,0,차대차 - 기타,안전운전불이행,건조,맑음,단일로 - 고가도로위,승용,남,22세,상해없음,이륜,남,28세,경상
2021101700100074,2021년 10월 17일 09시,일요일,대전광역시 서구 만년동,경상사고,0,0,2,0,차대차 - 기타,신호위반,건조,맑음,교차로 - 교차로부근,승용,남,40세,기타불명,승용,남,49세,경상
2021101700100094,2021년 10월 17일 10시,일요일,대전광역시 대덕구 상서동,경상사고,0,0,1,0,차대차 - 추돌,안전거리미확보,건조,맑음,교차로 - 교차로횡단보도내,화물,남,48세,상해없음,승용,여,62세,경상
2021101700100144,2021년 10월 17일 12시,일요일,대전광역시 대덕구 비래동,경상사고,0,0,1,0,차대차 - 기타,교차로운행방법위반,건조,맑음,교차로 - 교차로안,승용,남,43세,상해없음,이륜,남,40세,경상
2021101700100170,2021년 10월 17일 13시,일요일,대전광역시 대덕구 용호동,경상사고,0,0,4,0,차대차 - 측면충돌,교차로운행방법위반,건조,맑음,교차로 - 교차로안,승용,여,35세,상해없음,승용,남,66세,경상
2021101700100198,2021년 10월 17일 14시,일요일,대전광역시 서구 둔산동,경상사고,0,0,2,0,차대차 - 기타,안전운전불이행,건조,맑음,교차로 - 교차로안,승용,남,29세,경상,이륜,남,33세,경상
2021101700100228,2021년 10월 17일 15시,일요일,대전광역시 동구 용전동,중상사고,0,1,0,0,차대차 - 기타,안전운전불이행,건조,맑음,단일로 - 기타,승용,남,64세,상해없음,자전거,남,59세,중상
2021101700100229,2021년 10월 17일 15시,일요일,대전광역시 유성구 덕명동,경상사고,0,0,1,0,차대차 - 기타,안전운전불이행,건조,맑음,교차로 - 교차로안,승용,남,41세,상해없음,승합,남,40세,경상
2021101700100294,2021년 10월 17일 17시,일요일,대전광역시 중구 유천동,경상사고,0,0,1,0,차대차 - 기타,안전운전불이행,건조,맑음,단일로 - 기타,승용,남,70세,상해없음,승용,남,49세,상해없음
2021101700100295,2021년 10월 17일 17시,일요일,대전광역시 대덕구 석봉동,경상사고,0,0,1,0,차대차 - 정면충돌,중앙선침범,건조,맑음,단일로 - 기타,승합,남,55세,기타불명,승용,남,63세,경상
2021101700100340,2021년 10월 17일 18시,일요일,대전광역시 중구 유천동,중상사고,0,1,0,0,차대차 - 기타,안전운전불이행,건조,맑음,교차로 - 교차로안,승용,여,60세,상해없음,이륜,남,50세,중상
2021101700100341,2021년 10월 17일 18시,일요일,대전광역시 중구 대흥동,경상사고,0,0,1,0,차대사람 - 기타,안전운전불이행,건조,흐림,단일로 - 기타,승용,남,20세,상해없음,보행자,남,23세,경상
2021101700100342,2021년 10월 17일 18시,일요일,대전광역시 동구 삼성동,경상사고,0,0,1,0,차대차 - 추돌,안전운전불이행,건조,맑음,교차로 - 교차로부근,승용,남,55세,상해없음,화물,남,55세,경상