사고번호,사고일시,요일,시군구,사고내용,사망자수,중상자수,경상자수,부상신고자수,사고유형,법규위반,노면상태,기상상태,도로형태,가해운전자 차종,가해운전자 성별,가해운전자 연령,가해운전자 상해정도,피해운전자 차종,피해운전자 성별,피해운전자 연령,피해운전자 상해정도
2021102900100163,2021년 10월 29일 10시,금요일,대전광역시 동구 중동,중상사고,0,1,0,0,차대사람 - 횡단중,신호위반,건조,맑음,교차로 - 교차로횡단보도내,승용,여,41세,상해없음,보행자,여,67세,중상
2021102900100164,2021년 10월 29일 10시,금요일,대전광역시 대덕구 석봉동,중상사고,0,1,0,0,차대사람 - 횡단중,보행자보호의무위반,건조,맑음,교차로 - 교차로횡단보도내,승용,남,63세,상해없음,보행자,여,65세,중상
2021102900100201,2021년 10월 29일 11시,금요일,대전광역시 중구 선화동,경상사고,0,0,1,0,차대사람 - 기타,안전운전불이행,건조,맑음,단일로 - 기타,승용,남,40세,상해없음,보행자,남,24세,경상
2021102900100202,2021년 10월 29일 11시,금요일,대전광역시 서구 도마동,중상사고,0,1,0,0,차대사람 - 기타,안전운전불이행,건조,맑음,교차로 - 교차로부근,승용,여,44세,상해없음,보행자,여,77세,중상
2021102900100204,2021년 10월 29일 11시,금요일,대전광역시 유성구 덕명동,중상사고,0,1,0,0,차대사람 - 기타,안전운전불이행,건조,맑음,단일로 - 기타,승용,여,49세,상해없음,보행자,남,88세,중상
2021102900100236,2021년 10월 29일 12시,금요일,대전광역시 서구 둔산동,부상신고사고,0,0,0,1,차대사람 - 기타,안전운전불이행,건조,맑음,교차로 - 교차로안,승합,남,62세,상해없음,보행자,남,66세,부상신고
2021102900100310,2021년 10월 29일 14시,금요일,대전광역시 중구 선화동,중상사고,0,1,0,0,차량단독 - 기타,안전운전불이행,건조,맑음,교차로 - 교차로부근,승합,남,58세,상해없음,,,,
2021102900100311,2021년 10월 29일 14시,금요일,대전광역시 동구 홍도동,경상사고,0,0,1,0,차대차 - 기타,불법유턴,건조,맑음,단일로 - 기타,자전거,남,10세,경상,승용,남,66세,상해없음
2021102900100312,2021년 10월 29일 14시,금요일,대전광역시 대덕구 읍내동,경상사고,0,0,1,0,차대차 - 기타,안전운전불이행,건조,맑음,교차로 - 교차로부근,승합,남,32세,상해없음,승용,여,58세,경상
2021102900100363,2021년 10월 29일 15시,금요일,대전광역시 중구 문화동,경상사고,0,0,1,0,차대사람 - 횡단중,보행자보호의무위반,건조,맑음,교차로 - 교차로횡단보도내,승용,여,23세,상해없음,보행자,여,14세,경상
2021102900100403,2021년 10월 29일 16시,금요일,대전광역시 서구 가장동,경상사고,0,0,2,0,차대차 - 측면충돌,안전운전불이행,건조,맑음,교차로 - 교차로안,이륜,남,35세,상해없음,승용,여,48세,경상
2021102900100454,2021년 10월 29일 17시,금요일,대전광역시 중구 대흥동,경상사고,0,0,1,0,차량단독 - 기타,안전운전불이행,건조,맑음,교차로 - 교차로부근,승합,남,36세,상해없음,,,,
2021102900100455,2021년 10월 29일 17시,금요일,대전광역시 서구 월평동,중상사고,0,1,0,0,차대차 - 추돌,안전운전불이행,건조,맑음,단일로 - 기타,승용,여,41세,상해없음,이륜,남,50세,중상
2021102900100456,2021년 10월 29일 17시,금요일,대전광역시 서구 월평동,경상사고,0,0,3,0,차대차 - 기타,안전운전불이행,건조,맑음,교차로 - 교차로안,승용,남,53세,상해없음,승용,여,34세,경상
2021102900100457,2021년 10월 29일 17시,금요일,대전광역시 유성구 학하동,경상사고,0,0,1,0,차대차 - 기타,신호위반,건조,맑음,교차로 - 교차로안,승용,남,59세,상해없음,승용,여,40세,경상
2021102900100458,2021년 10월 29일 17시,금요일,대전광역시 유성구 전민동,경상사고,0,0,2,0,차대차 - 추돌,안전운전불이행,건조,맑음,단일로 - 기타,승용,남,38세,상해없음,승용,남,49세,경상
2021102900100530,2021년 10월 29일 18시,금요일,대전광역시 유성구 원촌동,중상사고,0,1,0,1,차대차 - 측면충돌,안전거리미확보,건조,맑음,단일로 - 기타,승용,남,29세,상해없음,승용,남,54세,중상
2021102900100576,2021년 10월 29일 19시,금요일,대전광역시 중구 은행동,부상신고사고,0,0,0,1,차대차 - 측면충돌,안전거리미확보,건조,맑음,단일로 - 기타,승합,남,48세,상해없음,승용,남,54세,상해없음
2021102900100577,2021년 10월 29일 19시,금요일,대전광역시 유성구 외삼동,경상사고,0,0,2,0,차대차 - 추돌,안전운전불이행,건조,맑음,단일로 - 기타,승용,여,50세,상해없음,승용,여,71세,경상
2021102900100629,2021년 10월 29일 21시,금요일,대전광역시 서구 변동,경상사고,0,0,1,0,차대차 - 추돌,안전운전불이행,건조,맑음,기타 - 기타,승용,남,55세,기타불명,승용,여,35세,경상
2021102900100630,2021년 10월 29일 21시,금요일,대전광역시 서구 둔산동,중상사고,0,1,3,0,차대차 - 추돌,안전운전불이행,건조,맑음,교차로 - 교차로부근,승용,남,48세,상해없음,승용,여,53세,경상
2021102900100631,2021년 10월 29일 21시,금요일,대전광역시 서구 둔산동,경상사고,0,0,1,0,차대차 - 기타,기타,건조,맑음,단일로 - 기타,승용,남,19세,상해없음,이륜,남,40세,상해없음
2021102900100665,2021년 10월 29일 22시,금요일,대전광역시 대덕구 중리동,경상사고,0,0,1,0,차대차 - 기타,안전운전불이행,건조,맑음,교차로 - 교차로부근,화물,남,36세,상해없음,승용,남,36세,경상
2021103000100021,2021년 10월 30일 00시,토요일,대전광역시 서구 갈마동,경상사고,0,0,2,0,차대차 - 추돌,안전운전불이행,건조,맑음,교차로 - 교차로부근,승용,남,32세,상해없음,승용,남,61세,경상
2021103000100034,2021년 10월 30일 02시,토요일,대전광역시 서구 갈마동,중상사고,0,1,0,0,차대차 - 기타,교차로운행방법위반,건조,맑음,교차로 - 교차로안,승용,남,62세,상해없음,이륜,남,21세,중상
2021103000100104,2021년 10월 30일 09시,토요일,대전광역시 대덕구 중리동,경상사고,0,0,1,0,차대차 - 측면충돌,직진우회전진행방해,건조,맑음,교차로 - 교차로안,승용,남,51세,상해없음,승용,남,69세,경상
2021103000100135,2021년 10월 30일 10시,토요일,대전광역시 서구 가수원동,경상사고,0,0,1,0,차대차 - 추돌,안전운전불이행,건조,맑음,기타 - 기타,승용,남,50세,상해없음,승용,여,61세,경상
2021103000100136,2021년 10월 30일 10시,토요일,대전광역시 서구 탄방동,경상사고,0,0,1,0,차대차 - 기타,안전운전불이행,건조,맑음,교차로 - 교차로부근,승용,여,62세,상해없음,승용,남,27세,경상
2021103000100245,2021년 10월 30일 13시,토요일,대전광역시 유성구 송강동,경상사고,0,0,2,0,차대차 - 기타,교차로운행방법위반,건조,맑음,교차로 - 교차로안,승용,남,52세,경상,승용,여,59세,경상
2021103000100275,2021년 10월 30일 14시,토요일,대전광역시 서구 갈마동,경상사고,0,0,1,0,차대차 - 측면충돌,안전거리미확보,건조,맑음,단일로 - 기타,승용,남,58세,상해없음,승용,남,26세,경상
2021103000100341,2021년 10월 30일 16시,토요일,대전광역시 서구 월평동,경상사고,0,0,3,0,차대차 - 기타,안전운전불이행,건조,맑음,기타 - 기타,승용,남,52세,상해없음,승용,여,29세,경상
2021103000100384,2021년 10월 30일 17시,토요일,대전광역시 대덕구 용호동,경상사고,0,0,1,0,차대차 - 측면충돌,신호위반,건조,맑음,교차로 - 교차로안,승용,남,55세,상해없음,자전거,남,36세,경상
2021103000100467,2021년 10월 30일 19시,토요일,대전광역시 서구 둔산동,경상사고,0,0,1,0,차대차 - 기타,안전거리미확보,건조,맑음,교차로 - 교차로부근,승용,여,28세,상해없음,승용,남,37세,경상
2021103000100468,2021년 10월 30일 19시,토요일,대전광역시 서구 둔산동,경상사고,0,0,1,0,차대차 - 측면충돌,안전운전불이행,건조,맑음,단일로 - 기타,승용,남,25세,상해없음,승용,남,60세,경상
2021103000100551,2021년 10월 30일 22시,토요일,대전광역시 동구 용전동,경상사고,0,0,1,0,차대차 - 후진중충돌,안전운전불이행,건조,맑음,단일로 - 기타,승용,남,43세,상해없음,개인형이동수단(PM),남,33세,경상
2021103000100552,2021년 10월 30일 22시,토요일,대전광역시 유성구 장대동,경상사고,0,0,1,0,차대사람 - 기타,안전운전불이행,건조,맑음,단일로 - 기타,승용,여,54세,상해없음,보행자,여,56세,경상
2021103000100571,2021년 10월 30일 23시,토요일,대전광역시 서구 둔산동,경상사고,0,0,1,0,차대사람 - 기타,안전운전불이행,건조,맑음,단일로 - 기타,승용,남,22세,상해없음,보행자,남,20세,경상
2021103100100029,2021년 10월 31일 01시,일요일,대전광역시 유성구 봉명동,경상사고,0,0,2,0,차대차 - 측면충돌,안전운전불이행,건조,맑음,교차로 - 교차로안,승용,남,71세,기타불명,승용,남,35세,경상
2021103100100124,2021년 10월 31일 11시,일요일,대전광역시 서구 가수원동,경상사고,0,0,1,0,차대차 - 측면충돌,안전운전불이행,건조,맑음,단일로 - 기타,승용,여,63세,기타불명,승용,여,31세,경상
2021103100100152,2021년 10월 31일 12시,일요일,대전광역시 서구 둔산동,경상사고,0,0,1,0,차대사람 - 기타,안전운전불이행,건조,맑음,교차로 - 교차로부근,승용,여,50세,상해없음,보행자,남,59세,경상
2021103100100193,2021년 10월 31일 13시,일요일,대전광역시 동구 가양동,사망사고,1,0,1,0,차대사람 - 횡단중,안전운전불이행,건조,맑음,단일로 - 기타,이륜,남,20세,경상,보행자,여,78세,사망
2021103100100229,2021년 10월 31일 14시,일요일,대전광역시 서구 둔산동,경상사고,0,0,1,0,차대사람 - 횡단중,안전운전불이행,건조,맑음,교차로 - 교차로안,승용,남,49세,상해없음,보행자,남,7세,경상
2021103100100256,2021년 10월 31일 15시,일요일,대전광역시 동구 대성동,경상사고,0,0,1,0,차대차 - 기타,안전운전불이행,건조,맑음,교차로 - 교차로안,승용,남,82세,상해없음,개인형이동수단(PM),남,37세,경상
2021103100100257,2021년 10월 31일 15시,일요일,대전광역시 유성구 구암동,경상사고,0,0,1,0,차대차 - 기타,안전운전불이행,건조,맑음,교차로 - 교차로안,승용,남,62세,상해없음,승용,여,43세,경상
2021103100100329,2021년 10월 31일 17시,일요일,대전광역시 동구 가양동,경상사고,0,0,2,0,차대차 - 후진중충돌,안전운전불이행,건조,맑음,교차로 - 교차로부근,승용,남,60세,상해없음,승용,남,30세,경상
2021103100100330,2021년 10월 31일 17시,일요일,대전광역시 대덕구 문평동,경상사고,0,0,1,0,차대차 - 기타,안전거리미확보,건조,맑음,교차로 - 교차로안,승용,남,60세,상해없음,화물,남,42세,경상
2021103100100382,2021년 10월 31일 18시,일요일,대전광역시 중구 용두동,경상사고,0,0,1,0,차대차 - 기타,신호위반,건조,맑음,단일로 - 기타,승용,남,26세,상해없음,개인형이동수단(PM),남,39세,경상
2021103100100383,2021년 10월 31일 18시,일요일,대전광역시 유성구 장대동,경상사고,0,0,1,0,차대차 - 기타,안전운전불이행,건조,맑음,단일로 - 기타,승용,남,34세,상해없음,이륜,남,27세,경상
2021103100100410,2021년 10월 31일 19시,일요일,대전광역시 중구 대흥동,중상사고,0,1,0,0,차대사람 - 횡단중,신호위반,건조,맑음,교차로 - 교차로횡단보도내,승용,여,59세,상해없음,보행자,여,26세,중상
2021103100100411,2021년 10월 31일 19시,일요일,대전광역시 서구 월평동,중상사고,0,2,0,0,차대차 - 기타,안전운전불이행,건조,맑음,단일로 - 기타,이륜,남,30세,중상,승용,남,67세,상해없음
2021103100100412,2021년 10월 31일 19시,일요일,대전광역시 유성구 봉명동,경상사고,0,0,1,0,차대차 - 기타,안전거리미확보,건조,맑음,교차로 - 교차로횡단보도내,승용,남,73세,상해없음,승용,남,26세,경상
2021103100100435,2021년 10월 31일 20시,일요일,대전광역시 중구 용두동,경상사고,0,0,1,0,차대사람 - 횡단중,안전운전불이행,건조,맑음,단일로 - 기타,승용,여,48세,상해없음,보행자,여,23세,경상
2021103100100455,2021년 10월 31일 21시,일요일,대전광역시 중구 오류동,경상사고,0,0,1,0,차대차 - 추돌,안전운전불이행,건조,맑음,단일로 - 기타,승용,여,48세,상해없음,승용,여,45세,경상
2021103100100456,2021년 10월 31일 21시,일요일,대전광역시 대덕구 대화동,경상사고,0,0,1,0,차대차 - 측면충돌,안전운전불이행,건조,맑음,단일로 - 기타,승용,남,54세,상해없음,승용,남,31세,경상
2021103100100483,2021년 10월 31일 22시,일요일,대전광역시 서구 괴정동,경상사고,0,0,1,0,차대차 - 기타,안전운전불이행,건조,맑음,교차로 - 교차로부근,승용,여,23세,상해없음,이륜,남,41세,경상
2021110100100110,2021년 11월 1일 08시,월요일,대전광역시 유성구 송강동,경상사고,0,0,1,0,차대사람 - 보도통행중,안전운전불이행,건조,맑음,기타 - 기타,자전거,남,39세,상해없음,보행자,여,5세,경상
2021110100100111,2021년 11월 1일 08시,월요일,대전광역시 유성구 화암동,경상사고,0,0,1,0,차대차 - 기타,안전거리미확보,건조,맑음,단일로 - 기타,승용,남,59세,상해없음,승용,남,35세,경상
2021110100100208,2021년 11월 1일 11시,월요일,대전광역시 서구 정림동,경상사고,0,0,1,0,차대차 - 기타,안전운전불이행,건조,맑음,단일로 - 기타,승용,여,37세,상해없음,승용,여,36세,경상
2021110100100209,2021년 11월 1일 11시,월요일,대전광역시 유성구 봉명동,경상사고,0,0,1,0,차대차 - 기타,신호위반,건조,맑음,교차로 - 교차로안,승용,남,45세,상해없음,승용,남,42세,경상
2021110100100272,2021년 11월 1일 13시,월요일,대전광역시 대덕구 덕암동,경상사고,0,0,1,0,차대차 - 기타,안전운전불이행,건조,맑음,교차로 - 교차로안,자전거,남,85세,경상,승용,남,51세,상해없음
2021110100100307,2021년 11월 1일 14시,월요일,대전광역시 대덕구 법동,경상사고,0,0,1,0,차대차 - 기타,안전운전불이행,건조,맑음,단일로 - 기타,승용,남,64세,상해없음,승용,남,25세,경상
2021110100100355,2021년 11월 1일 15시,월요일,대전광역시 대덕구 중리동,중상사고,0,1,0,1,차대사람 - 기타,보행자보호의무위반,건조,맑음,교차로 - 교차로부근,이륜,남,27세,상해없음,보행자,여,34세,중상
2021110100100356,2021년 11월 1일 15시,월요일,대전광역시 서구 둔산동,경상사고,0,0,1,0,차대차 - 측면충돌,직진우회전진행방해,건조,맑음,교차로 - 교차로안,승용,여,48세,상해없음,승용,남,30세,경상
2021110100100398,2021년 11월 1일 16시,월요일,대전광역시 서구 둔산동,경상사고,0,0,1,0,차대차 - 기타,신호위반,건조,맑음,교차로 - 교차로안,승용,여,65세,상해없음,승용,남,48세,경상
2021110100100399,2021년 11월 1일 16시,월요일,대전광역시 서구 월평동,경상사고,0,0,1,0,차대차 - 기타,안전거리미확보,건조,맑음,교차로 - 교차로안,승용,남,60세,기타불명,승용,남,33세,경상
2021110100100449,2021년 11월 1일 17시,월요일,대전광역시 중구 산성동,중상사고,0,1,0,0,차대차 - 기타,안전운전불이행,건조,흐림,교차로 - 교차로부근,자전거,여,60세,중상,승용,여,52세,상해없음
2021110100100450,2021년 11월 1일 17시,월요일,대전광역시 중구 오류동,경상사고,0,0,1,0,차대사람 - 기타,보행자보호의무위반,건조,맑음,교차로 - 교차로안,승용,남,65세,상해없음,보행자,남,39세,경상
2021110100100451,2021년 11월 1일 17시,월요일,대전광역시 동구 가양동,경상사고,0,0,3,0,차대차 - 측면충돌,신호위반,건조,맑음,교차로 - 교차로안,승용,남,68세,경상,화물,남,49세,경상
2021110100100503,2021년 11월 1일 18시,월요일,대전광역시 유성구 용계동,경상사고,0,0,1,0,차대차 - 기타,안전거리미확보,건조,맑음,교차로 - 교차로안,승용,남,56세,상해없음,승용,남,40세,경상
2021110100100530,2021년 11월 1일 19시,월요일,대전광역시 중구 대흥동,경상사고,0,0,1,0,차대사람 - 기타,보행자보호의무위반,건조,맑음,교차로 - 교차로안,승용,여,55세,상해없음,보행자,여,21세,경상
2021110100100531,2021년 11월 1일 19시,월요일,대전광역시 서구 월평동,경상사고,0,0,1,0,차대차 - 기타,안전운전불이행,건조,맑음,교차로 - 교차로안,승용,남,58세,기타불명,승용,남,54세,경상
2021110100100550,2021년 11월 1일 20시,월요일,대전광역시 서구 관저동,중상사고,0,1,0,0,차대차 - 기타,신호위반,건조,맑음,교차로 - 교차로안,승용,여,31세,상해없음,승용,남,48세,중상
2021110100100551,2021년 11월 1일 20시,월요일,대전광역시 서구 둔산동,경상사고,0,0,3,0,차대차 - 측면충돌,안전운전불이행,건조,맑음,기타 - 기타,승용,여,46세,상해없음,승용,남,39세,경상
2021110100100578,2021년 11월 1일 21시,월요일,대전광역시 유성구 장대동,경상사고,0,0,1,0,차대차 - 추돌,안전운전불이행,건조,맑음,교차로 - 교차로부근,승용,남,44세,상해없음,승용,여,39세,경상
2021110100100611,2021년 11월 1일 23시,월요일,대전광역시 유성구 장대동,중상사고,0,1,1,0,차대차 - 측면충돌,안전운전불이행,건조,맑음,기타 - 기타,승용,남,57세,상해없음,승용,남,34세,경상
2021110100100616,2021년 11월 1일 23시,월요일,대전광역시 서구 용문동,경상사고,0,0,2,0,차대차 - 기타,안전운전불이행,건조,맑음,교차로 - 교차로안,승용,남,66세,상해없음,승용,남,34세,경상
2021110200100012,2021년 11월 2일 00시,화요일,대전광역시 서구 둔산동,경상사고,0,0,3,0,차대차 - 추돌,안전운전불이행,건조,맑음,단일로 - 기타,개인형이동수단(PM),여,24세,경상,승용,남,21세,상해없음
2021110200100044,2021년 11월 2일 05시,화요일,대전광역시 유성구 화암동,중상사고,0,1,0,0,차대차 - 추돌,기타,건조,맑음,기타 - 기타,화물,남,49세,상해없음,화물,남,71세,중상
2021110200100065,2021년 11월 2일 06시,화요일,대전광역시 중구 옥계동,중상사고,0,1,0,0,차대차 - 기타,신호위반,건조,맑음,교차로 - 교차로부근,승합,남,66세,상해없음,이륜,남,55세,중상
2021110200100085,2021년 11월 2일 07시,화요일,대전광역시 중구 안영동,경상사고,0,0,1,0,차대사람 - 횡단중,안전운전불이행,건조,맑음,기타 - 기타,승용,남,66세,상해없음,보행자,남,28세,경상
2021110200100186,2021년 11월 2일 10시,화요일,대전광역시 유성구 원내동,경상사고,0,0,1,0,차대차 - 기타,안전운전불이행,건조,맑음,교차로 - 교차로안,화물,남,47세,상해없음,화물,남,28세,경상
2021110200100218,2021년 11월 2일 11시,화요일,대전광역시 서구 가수원동,경상사고,0,0,1,0,차대차 - 기타,안전운전불이행,건조,맑음,단일로 - 기타,기타불명,기타불명,미분류,기타불명,승용,여,57세,경상
2021110200100249,2021년 11월 2일 12시,화요일,대전광역시 서구 변동,경상사고,0,0,1,0,차대차 - 기타,안전운전불이행,건조,맑음,단일로 - 기타,승용,남,78세,상해없음,승용,남,54세,경상
2021110200100250,2021년 11월 2일 12시,화요일,대전광역시 서구 탄방동,경상사고,0,0,1,0,차대차 - 기타,안전운전불이행,건조,맑음,단일로 - 기타,승용,여,47세,상해없음,자전거,남,48세,경상
2021110200100284,2021년 11월 2일 13시,화요일,대전광역시 동구 대동,경상사고,0,0,1,0,차대사람 - 기타,안전운전불이행,건조,맑음,단일로 - 기타,승용,남,69세,상해없음,보행자,남,31세,경상
2021110200100285,2021년 11월 2일 13시,화요일,대전광역시 유성구 장대동,중상사고,0,1,1,0,차대차 - 기타,안전운전불이행,건조,맑음,단일로 - 기타,개인형이동수단(PM),남,24세,경상,자전거,여,38세,중상
2021110200100389,2021년 11월 2일 16시,화요일,대전광역시 서구 관저동,부상신고사고,0,0,0,1,차대차 - 기타,안전운전불이행,건조,맑음,교차로 - 교차로안,이륜,남,34세,부상신고,승합,남,41세,상해없음
2021110200100425,2021년 11월 2일 17시,화요일,대전광역시 서구 도마동,중상사고,0,1,0,0,차대사람 - 차도통행중,안전운전불이행,건조,맑음,단일로 - 기타,승용,남,51세,상해없음,보행자,여,84세,중상
2021110200100488,2021년 11월 2일 18시,화요일,대전광역시 서구 도마동,경상사고,0,0,1,0,차대사람 - 기타,안전운전불이행,건조,맑음,단일로 - 기타,승용,남,59세,상해없음,보행자,남,65세,경상
2021110200100489,2021년 11월 2일 18시,화요일,대전광역시 서구 가장동,경상사고,0,0,1,0,차대차 - 추돌,안전운전불이행,건조,맑음,단일로 - 기타,승용,남,39세,상해없음,승용,여,67세,경상
2021110200100490,2021년 11월 2일 18시,화요일,대전광역시 동구 용전동,중상사고,0,1,0,0,차대사람 - 기타,신호위반,건조,맑음,단일로 - 기타,이륜,남,19세,상해없음,보행자,여,32세,중상
2021110200100526,2021년 11월 2일 19시,화요일,대전광역시 서구 갈마동,중상사고,0,1,0,0,차대사람 - 기타,안전운전불이행,건조,맑음,교차로 - 교차로부근,승용,남,20세,상해없음,보행자,남,47세,중상
2021110200100595,2021년 11월 2일 22시,화요일,대전광역시 서구 관저동,경상사고,0,0,1,0,차대사람 - 기타,안전운전불이행,건조,맑음,기타 - 기타,자전거,남,16세,기타불명,보행자,여,16세,경상
2021110300100077,2021년 11월 3일 07시,수요일,대전광역시 중구 대사동,중상사고,0,1,0,0,차대차 - 기타,안전운전불이행,건조,맑음,기타 - 기타,자전거,여,56세,중상,화물,남,64세,상해없음
2021110300100122,2021년 11월 3일 08시,수요일,대전광역시 유성구 원내동,경상사고,0,0,1,0,차대차 - 측면충돌,안전운전불이행,건조,맑음,교차로 - 교차로안,건설기계,남,65세,상해없음,승용,여,65세,경상
2021110300100188,2021년 11월 3일 10시,수요일,대전광역시 중구 산성동,경상사고,0,0,2,0,차대차 - 기타,직진우회전진행방해,건조,맑음,교차로 - 교차로안,승용,여,27세,상해없음,화물,남,42세,경상
2021110300100236,2021년 11월 3일 11시,수요일,대전광역시 대덕구 오정동,경상사고,0,0,1,0,차대차 - 기타,직진우회전진행방해,건조,맑음,교차로 - 교차로안,승용,남,66세,상해없음,이륜,남,30세,경상
2021110300100325,2021년 11월 3일 14시,수요일,대전광역시 중구 대흥동,경상사고,0,0,1,0,차대차 - 후진중충돌,안전운전불이행,건조,맑음,단일로 - 기타,승용,남,57세,상해없음,기타불명,여,79세,경상
2021110300100360,2021년 11월 3일 15시,수요일,대전광역시 서구 갈마동,경상사고,0,0,1,0,차대차 - 기타,안전운전불이행,건조,맑음,단일로 - 기타,승용,여,49세,상해없음,화물,남,55세,경상
2021110300100430,2021년 11월 3일 17시,수요일,대전광역시 서구 도마동,경상사고,0,0,1,0,차대차 - 기타,기타,건조,맑음,교차로 - 교차로안,기타불명,기타불명,미분류,기타불명,자전거,남,80세,경상
2021110300100432,2021년 11월 3일 17시,수요일,대전광역시 서구 월평동,경상사고,0,0,1,0,차대차 - 기타,안전거리미확보,건조,맑음,단일로 - 기타,건설기계,남,64세,기타불명,승용,여,63세,경상
2021110300100433,2021년 11월 3일 17시,수요일,대전광역시 서구 둔산동,경상사고,0,0,1,0,차대사람 - 기타,안전운전불이행,건조,맑음,단일로 - 기타,승합,여,26세,상해없음,보행자,남,9세,경상
2021110300100434,2021년 11월 3일 17시,수요일,대전광역시 서구 월평동,경상사고,0,0,1,1,차대차 - 기타,안전거리미확보,건조,맑음,단일로 - 기타,화물,남,25세,부상신고,승용,남,30세,경상
2021110300100435,2021년 11월 3일 17시,수요일,대전광역시 유성구 신성동,경상사고,0,0,1,0,차대차 - 기타,교차로운행방법위반,건조,맑음,교차로 - 교차로안,승용,남,50세,기타불명,승용,남,36세,경상
2021110300100496,2021년 11월 3일 18시,수요일,대전광역시 동구 대성동,경상사고,0,0,2,0,차대차 - 기타,안전거리미확보,건조,맑음,단일로 - 기타,화물,남,79세,상해없음,승용,남,52세,경상
2021110300100497,2021년 11월 3일 18시,수요일,대전광역시 대덕구 석봉동,중상사고,0,1,0,0,차대차 - 기타,안전운전불이행,건조,맑음,단일로 - 기타,화물,남,62세,상해없음,승합,남,48세,상해없음
2021110300100498,2021년 11월 3일 18시,수요일,대전광역시 유성구 덕명동,중상사고,0,1,1,0,차대차 - 추돌,안전거리미확보,건조,맑음,단일로 - 기타,이륜,남,51세,중상,승용,여,38세,경상
2021110300100499,2021년 11월 3일 18시,수요일,대전광역시 유성구 전민동,경상사고,0,0,1,0,차대차 - 기타,안전운전불이행,건조,맑음,단일로 - 기타,승용,여,43세,상해없음,이륜,남,39세,경상
2021110300100570,2021년 11월 3일 20시,수요일,대전광역시 유성구 봉명동,중상사고,0,1,0,0,차대사람 - 기타,보행자보호의무위반,건조,맑음,교차로 - 교차로횡단보도내,승용,남,24세,상해없음,보행자,여,79세,중상
2021110400100093,2021년 11월 4일 07시,목요일,대전광역시 중구 태평동,경상사고,0,0,1,0,차대차 - 측면충돌,안전운전불이행,건조,맑음,교차로 - 교차로안,승용,여,62세,상해없음,승용,남,65세,경상
2021110400100094,2021년 11월 4일 07시,목요일,대전광역시 동구 대동,경상사고,0,0,1,0,차대차 - 측면충돌,안전운전불이행,건조,흐림,단일로 - 기타,승용,남,63세,상해없음,자전거,남,49세,경상
2021110400100095,2021년 11월 4일 07시,목요일,대전광역시 유성구 둔곡동,경상사고,0,0,1,0,차대차 - 추돌,안전운전불이행,건조,맑음,단일로 - 기타,승용,남,43세,상해없음,승용,여,32세,경상
2021110400100096,2021년 11월 4일 07시,목요일,대전광역시 유성구 봉명동,경상사고,0,0,1,0,차대차 - 기타,교차로운행방법위반,건조,맑음,교차로 - 교차로안,승용,여,64세,기타불명,승용,여,51세,경상
2021110400100131,2021년 11월 4일 08시,목요일,대전광역시 대덕구 비래동,경상사고,0,0,1,0,차대차 - 측면충돌,안전운전불이행,건조,맑음,단일로 - 기타,화물,남,61세,상해없음,승용,남,40세,경상
2021110400100132,2021년 11월 4일 08시,목요일,대전광역시 유성구 장대동,경상사고,0,0,2,0,차대차 - 기타,안전운전불이행,건조,맑음,단일로 - 기타,승용,남,42세,기타불명,승용,여,29세,경상
2021110400100217,2021년 11월 4일 11시,목요일,대전광역시 대덕구 읍내동,경상사고,0,0,1,0,차대사람 - 기타,안전운전불이행,건조,맑음,단일로 - 기타,화물,남,44세,상해없음,보행자,남,72세,경상
2021110400100245,2021년 11월 4일 12시,목요일,대전광역시 서구 탄방동,경상사고,0,0,1,0,차대차 - 측면충돌,안전거리미확보,건조,맑음,단일로 - 기타,화물,남,75세,상해없음,이륜,남,24세,경상
2021110400100282,2021년 11월 4일 13시,목요일,대전광역시 유성구 봉명동,경상사고,0,0,1,0,차대차 - 측면충돌,교차로운행방법위반,건조,맑음,교차로 - 교차로안,승용,남,43세,상해없음,원동기,남,58세,경상
2021110400100314,2021년 11월 4일 14시,목요일,대전광역시 대덕구 덕암동,중상사고,0,1,1,0,차대차 - 추돌,기타,건조,맑음,단일로 - 교량,승용,남,20세,상해없음,승용,남,58세,중상
2021110400100341,2021년 11월 4일 15시,목요일,대전광역시 서구 탄방동,경상사고,0,0,1,0,차대차 - 후진중충돌,안전운전불이행,건조,맑음,기타 - 기타,승용,여,74세,상해없음,자전거,남,59세,경상
2021110400100342,2021년 11월 4일 15시,목요일,대전광역시 유성구 관평동,경상사고,0,0,1,0,차대차 - 기타,안전거리미확보,건조,맑음,단일로 - 기타,승용,남,65세,상해없음,승용,남,37세,경상
2021110400100384,2021년 11월 4일 16시,목요일,대전광역시 서구 월평동,경상사고,0,0,1,0,차대차 - 기타,안전운전불이행,건조,맑음,교차로 - 교차로안,승용,여,35세,상해없음,자전거,남,27세,경상
2021110400100439,2021년 11월 4일 17시,목요일,대전광역시 중구 사정동,경상사고,0,0,3,0,차대차 - 측면충돌,신호위반,건조,맑음,교차로 - 교차로안,승용,남,59세,상해없음,승용,남,66세,경상