사고번호,사고일시,요일,시군구,사고내용,사망자수,중상자수,경상자수,부상신고자수,사고유형,법규위반,노면상태,기상상태,도로형태,가해운전자 차종,가해운전자 성별,가해운전자 연령,가해운전자 상해정도,피해운전자 차종,피해운전자 성별,피해운전자 연령,피해운전자 상해정도
2021110400100440,2021년 11월 4일 17시,목요일,대전광역시 동구 가양동,경상사고,0,0,2,0,차대차 - 측면충돌,안전운전불이행,건조,맑음,교차로 - 교차로안,승용,여,59세,경상,승합,남,73세,경상
2021110400100509,2021년 11월 4일 18시,목요일,대전광역시 동구 대동,경상사고,0,0,1,0,차대차 - 기타,안전거리미확보,건조,맑음,단일로 - 기타,승용,남,25세,상해없음,이륜,남,29세,경상
2021110400100510,2021년 11월 4일 18시,목요일,대전광역시 서구 둔산동,경상사고,0,0,1,0,차대사람 - 길가장자리구역통행중,안전운전불이행,건조,맑음,단일로 - 기타,승용,여,61세,상해없음,보행자,남,35세,경상
2021110400100552,2021년 11월 4일 19시,목요일,대전광역시 서구 도안동,경상사고,0,0,1,0,차대차 - 기타,안전운전불이행,건조,맑음,교차로 - 교차로부근,이륜,남,21세,상해없음,승용,남,28세,경상
2021110500100015,2021년 11월 5일 00시,금요일,대전광역시 대덕구 석봉동,중상사고,0,1,1,0,차대차 - 기타,안전운전불이행,건조,맑음,기타 - 기타,승용,남,36세,상해없음,이륜,남,18세,경상
2021110500100028,2021년 11월 5일 01시,금요일,대전광역시 중구 태평동,경상사고,0,0,1,0,차대차 - 후진중충돌,안전운전불이행,건조,맑음,단일로 - 기타,승용,남,32세,상해없음,승용,여,33세,경상
2021110500100029,2021년 11월 5일 01시,금요일,대전광역시 중구 유천동,경상사고,0,0,1,0,차대차 - 측면충돌,안전거리미확보,건조,맑음,교차로 - 교차로부근,승용,남,57세,상해없음,승용,여,60세,경상
2021110500100127,2021년 11월 5일 08시,금요일,대전광역시 대덕구 석봉동,중상사고,0,1,0,0,차대차 - 측면충돌,안전운전불이행,건조,맑음,교차로 - 교차로부근,승용,여,72세,상해없음,자전거,남,84세,중상
2021110500100128,2021년 11월 5일 08시,금요일,대전광역시 서구 둔산동,경상사고,0,0,1,0,차대차 - 측면충돌,교차로운행방법위반,건조,맑음,교차로 - 교차로안,승용,여,44세,상해없음,승용,남,39세,경상
2021110500100129,2021년 11월 5일 08시,금요일,대전광역시 유성구 구성동,경상사고,0,0,1,0,차대차 - 측면충돌,안전운전불이행,건조,맑음,교차로 - 교차로안,승용,여,68세,상해없음,승용,남,54세,경상
2021110500100193,2021년 11월 5일 10시,금요일,대전광역시 중구 태평동,경상사고,0,0,2,0,차대차 - 기타,안전운전불이행,건조,맑음,기타 - 기타,승용,여,62세,상해없음,승용,남,26세,경상
2021110500100194,2021년 11월 5일 10시,금요일,대전광역시 서구 정림동,경상사고,0,0,1,0,차대사람 - 차도통행중,안전운전불이행,건조,맑음,단일로 - 기타,화물,남,61세,상해없음,보행자,남,72세,경상
2021110500100195,2021년 11월 5일 10시,금요일,대전광역시 대덕구 대화동,중상사고,0,1,0,0,차대사람 - 길가장자리구역통행중,안전운전불이행,건조,맑음,단일로 - 기타,화물,남,52세,상해없음,보행자,남,81세,중상
2021110500100219,2021년 11월 5일 11시,금요일,대전광역시 유성구 봉명동,경상사고,0,0,1,0,차대사람 - 기타,안전운전불이행,건조,맑음,교차로 - 교차로안,승용,여,42세,상해없음,보행자,남,80세,경상
2021110500100253,2021년 11월 5일 12시,금요일,대전광역시 중구 대흥동,경상사고,0,0,1,0,차대차 - 기타,안전운전불이행,건조,맑음,교차로 - 교차로안,승용,여,47세,상해없음,승용,여,65세,경상
2021110500100254,2021년 11월 5일 12시,금요일,대전광역시 서구 만년동,경상사고,0,0,1,0,차대차 - 기타,안전운전불이행,건조,맑음,교차로 - 교차로안,승용,여,59세,기타불명,이륜,남,29세,경상
2021110500100255,2021년 11월 5일 12시,금요일,대전광역시 서구 둔산동,경상사고,0,0,1,0,차대차 - 기타,신호위반,건조,맑음,교차로 - 교차로안,특수,남,30세,상해없음,승합,남,62세,상해없음
2021110500100329,2021년 11월 5일 14시,금요일,대전광역시 서구 복수동,경상사고,0,0,1,0,차대차 - 측면충돌,신호위반,건조,맑음,교차로 - 교차로횡단보도내,승용,남,44세,상해없음,승용,여,58세,경상
2021110500100330,2021년 11월 5일 14시,금요일,대전광역시 대덕구 송촌동,경상사고,0,0,1,0,차대차 - 측면충돌,안전운전불이행,건조,맑음,교차로 - 교차로안,승용,남,59세,상해없음,승용,남,31세,경상
2021110500100331,2021년 11월 5일 14시,금요일,대전광역시 유성구 방동,경상사고,0,0,2,0,차대차 - 기타,기타,건조,맑음,기타 - 기타,건설기계,남,62세,상해없음,승용,남,35세,경상
2021110500100362,2021년 11월 5일 15시,금요일,대전광역시 유성구 장대동,부상신고사고,0,0,0,2,차대차 - 측면충돌,안전거리미확보,건조,맑음,단일로 - 지하차도(도로)내,승용,남,67세,부상신고,승용,남,28세,부상신고
2021110500100400,2021년 11월 5일 16시,금요일,대전광역시 중구 문화동,경상사고,0,0,3,0,차대차 - 기타,안전운전불이행,건조,맑음,교차로 - 교차로안,승용,여,63세,기타불명,승용,여,34세,경상
2021110500100401,2021년 11월 5일 16시,금요일,대전광역시 서구 괴정동,경상사고,0,0,1,0,차대사람 - 기타,안전운전불이행,건조,맑음,단일로 - 기타,승용,여,40세,상해없음,보행자,여,24세,경상
2021110500100537,2021년 11월 5일 18시,금요일,대전광역시 서구 관저동,경상사고,0,0,2,0,차대차 - 기타,신호위반,건조,맑음,교차로 - 교차로안,승용,여,57세,기타불명,승용,여,61세,경상
2021110500100538,2021년 11월 5일 18시,금요일,대전광역시 서구 만년동,경상사고,0,0,3,0,차대차 - 기타,안전거리미확보,건조,맑음,단일로 - 기타,화물,남,36세,상해없음,승용,남,37세,경상
2021110500100539,2021년 11월 5일 18시,금요일,대전광역시 서구 둔산동,중상사고,0,3,0,0,차대차 - 기타,안전운전불이행,건조,맑음,교차로 - 교차로안,승용,여,25세,상해없음,승용,남,59세,중상
2021110500100577,2021년 11월 5일 19시,금요일,대전광역시 대덕구 신탄진동,경상사고,0,0,1,0,차대사람 - 기타,안전운전불이행,건조,맑음,단일로 - 기타,승용,남,40세,기타불명,보행자,남,42세,경상
2021110500100616,2021년 11월 5일 20시,금요일,대전광역시 중구 대사동,경상사고,0,0,1,0,차대차 - 측면충돌,교차로운행방법위반,건조,맑음,교차로 - 교차로안,승용,남,53세,상해없음,승용,남,35세,경상
2021110500100680,2021년 11월 5일 22시,금요일,대전광역시 중구 오류동,경상사고,0,0,1,0,차대차 - 측면충돌,안전운전불이행,건조,맑음,단일로 - 기타,승용,여,48세,기타불명,자전거,남,20세,경상
2021110500100703,2021년 11월 5일 23시,금요일,대전광역시 서구 탄방동,경상사고,0,0,1,0,차대사람 - 횡단중,보행자보호의무위반,건조,맑음,교차로 - 교차로횡단보도내,승용,남,41세,상해없음,보행자,남,36세,경상
2021110600100045,2021년 11월 6일 02시,토요일,대전광역시 중구 대흥동,경상사고,0,0,1,0,차대차 - 측면충돌,신호위반,건조,맑음,교차로 - 교차로안,승용,남,27세,상해없음,이륜,남,46세,경상
2021110600100121,2021년 11월 6일 09시,토요일,대전광역시 유성구 장대동,경상사고,0,0,1,0,차대차 - 추돌,안전거리미확보,건조,맑음,단일로 - 기타,승용,여,73세,상해없음,승용,여,58세,경상
2021110600100147,2021년 11월 6일 10시,토요일,대전광역시 서구 둔산동,경상사고,0,0,4,0,차대차 - 기타,안전거리미확보,건조,맑음,교차로 - 교차로부근,승용,남,49세,경상,승용,여,53세,경상
2021110600100148,2021년 11월 6일 10시,토요일,대전광역시 유성구 방동,경상사고,0,0,2,0,차대차 - 기타,교차로운행방법위반,건조,맑음,교차로 - 교차로안,승용,남,69세,상해없음,화물,남,58세,경상
2021110600100181,2021년 11월 6일 11시,토요일,대전광역시 서구 둔산동,경상사고,0,0,5,3,차대차 - 기타,안전운전불이행,건조,맑음,단일로 - 기타,승용,남,28세,상해없음,승용,여,39세,경상
2021110600100182,2021년 11월 6일 11시,토요일,대전광역시 유성구 구암동,경상사고,0,0,3,0,차대차 - 기타,안전운전불이행,건조,맑음,교차로 - 교차로안,승용,여,63세,상해없음,승용,여,31세,경상
2021110600100261,2021년 11월 6일 13시,토요일,대전광역시 유성구 어은동,경상사고,0,0,1,0,차대차 - 기타,안전운전불이행,건조,맑음,단일로 - 기타,승용,여,60세,상해없음,이륜,남,41세,경상
2021110600100306,2021년 11월 6일 14시,토요일,대전광역시 동구 중동,중상사고,0,1,0,0,차량단독 - 기타,안전운전불이행,건조,맑음,단일로 - 기타,승용,남,80세,상해없음,,,,
2021110600100342,2021년 11월 6일 15시,토요일,대전광역시 대덕구 비래동,경상사고,0,0,4,0,차대차 - 측면충돌,안전운전불이행,건조,맑음,교차로 - 교차로안,승용,여,54세,경상,승용,남,60세,경상
2021110600100385,2021년 11월 6일 16시,토요일,대전광역시 동구 판암동,경상사고,0,0,1,0,차대사람 - 차도통행중,안전운전불이행,건조,맑음,단일로 - 기타,승용,여,57세,상해없음,보행자,남,67세,경상
2021110600100386,2021년 11월 6일 16시,토요일,대전광역시 서구 갈마동,경상사고,0,0,1,0,차대차 - 기타,안전운전불이행,건조,맑음,교차로 - 교차로안,승용,남,24세,상해없음,승용,남,62세,경상
2021110600100479,2021년 11월 6일 18시,토요일,대전광역시 중구 중촌동,경상사고,0,0,3,0,차대차 - 기타,안전운전불이행,건조,맑음,교차로 - 교차로부근,승용,남,59세,상해없음,승용,여,38세,경상
2021110600100480,2021년 11월 6일 18시,토요일,대전광역시 서구 도안동,경상사고,0,0,2,0,차대차 - 측면충돌,안전운전불이행,건조,맑음,교차로 - 교차로안,승용,남,34세,상해없음,승용,여,40세,상해없음
2021110600100481,2021년 11월 6일 18시,토요일,대전광역시 대덕구 오정동,중상사고,0,1,0,0,차대사람 - 횡단중,보행자보호의무위반,건조,맑음,단일로 - 기타,승용,남,39세,상해없음,보행자,남,23세,중상
2021110600100482,2021년 11월 6일 18시,토요일,대전광역시 서구 갈마동,경상사고,0,0,1,0,차대차 - 기타,신호위반,건조,맑음,단일로 - 기타,승용,남,35세,상해없음,승용,여,32세,경상
2021110600100523,2021년 11월 6일 19시,토요일,대전광역시 중구 부사동,중상사고,0,1,0,0,차대사람 - 횡단중,보행자보호의무위반,건조,맑음,단일로 - 기타,화물,남,22세,상해없음,보행자,남,61세,중상
2021110600100524,2021년 11월 6일 19시,토요일,대전광역시 서구 관저동,중상사고,0,1,2,0,차대차 - 기타,안전운전불이행,건조,맑음,교차로 - 교차로부근,승용,남,53세,상해없음,승용,남,47세,경상
2021110600100525,2021년 11월 6일 19시,토요일,대전광역시 유성구 구암동,경상사고,0,0,1,0,차대차 - 측면충돌,신호위반,건조,맑음,교차로 - 교차로안,승용,남,31세,상해없음,승용,남,33세,경상
2021110600100558,2021년 11월 6일 20시,토요일,대전광역시 서구 복수동,경상사고,0,0,1,0,차대차 - 기타,안전운전불이행,건조,맑음,교차로 - 교차로안,승용,남,49세,기타불명,승용,남,56세,경상
2021110600100589,2021년 11월 6일 21시,토요일,대전광역시 서구 둔산동,경상사고,0,0,1,0,차대사람 - 기타,안전운전불이행,건조,맑음,단일로 - 기타,승용,여,35세,상해없음,보행자,여,25세,경상
2021110600100590,2021년 11월 6일 21시,토요일,대전광역시 유성구 장대동,경상사고,0,0,1,0,차대차 - 측면충돌,안전운전불이행,건조,맑음,단일로 - 기타,이륜,남,53세,상해없음,이륜,남,54세,경상
2021110600100591,2021년 11월 6일 21시,토요일,대전광역시 유성구 원신흥동,중상사고,0,1,0,0,차대차 - 측면충돌,안전운전불이행,건조,맑음,교차로 - 교차로안,승용,남,35세,상해없음,이륜,남,37세,중상
2021110600100638,2021년 11월 6일 23시,토요일,대전광역시 유성구 봉명동,경상사고,0,0,1,0,차대차 - 추돌,안전거리미확보,건조,맑음,단일로 - 기타,승용,남,34세,상해없음,승용,남,45세,경상
2021110700100039,2021년 11월 7일 02시,일요일,대전광역시 동구 자양동,경상사고,0,0,3,0,차대차 - 측면충돌,중앙선침범,건조,맑음,단일로 - 기타,승용,여,62세,상해없음,승용,남,61세,경상
2021110700100040,2021년 11월 7일 02시,일요일,대전광역시 유성구 봉명동,경상사고,0,0,1,0,차대차 - 측면충돌,안전운전불이행,건조,맑음,교차로 - 교차로안,승용,남,51세,상해없음,승용,남,64세,경상
2021110700100200,2021년 11월 7일 13시,일요일,대전광역시 중구 유천동,중상사고,0,1,0,0,차대차 - 기타,신호위반,건조,맑음,단일로 - 기타,승용,여,34세,상해없음,자전거,남,73세,중상
2021110700100281,2021년 11월 7일 15시,일요일,대전광역시 유성구 장대동,경상사고,0,0,1,0,차대차 - 측면충돌,직진우회전진행방해,건조,맑음,교차로 - 교차로안,승용,남,52세,상해없음,승용,남,50세,경상
2021110700100343,2021년 11월 7일 17시,일요일,대전광역시 동구 대동,경상사고,0,0,1,0,차대사람 - 차도통행중,안전운전불이행,건조,맑음,단일로 - 기타,승용,남,54세,상해없음,보행자,여,73세,경상
2021110700100344,2021년 11월 7일 17시,일요일,대전광역시 유성구 반석동,경상사고,0,0,1,0,차대차 - 기타,신호위반,건조,맑음,교차로 - 교차로안,승용,남,67세,상해없음,승용,남,55세,경상
2021110700100383,2021년 11월 7일 18시,일요일,대전광역시 중구 용두동,경상사고,0,0,2,0,차대차 - 측면충돌,안전운전불이행,건조,맑음,교차로 - 교차로안,승용,여,58세,상해없음,승용,여,20세,경상
2021110700100384,2021년 11월 7일 18시,일요일,대전광역시 서구 관저동,경상사고,0,0,1,0,차대사람 - 횡단중,안전운전불이행,건조,맑음,교차로 - 교차로횡단보도내,승용,남,69세,상해없음,보행자,여,12세,경상
2021110700100407,2021년 11월 7일 19시,일요일,대전광역시 중구 대사동,경상사고,0,0,1,0,차대사람 - 횡단중,안전운전불이행,건조,맑음,교차로 - 교차로횡단보도내,승용,여,54세,상해없음,보행자,여,64세,경상
2021110700100408,2021년 11월 7일 19시,일요일,대전광역시 동구 가양동,경상사고,0,0,1,0,차대차 - 기타,안전운전불이행,건조,맑음,단일로 - 기타,화물,남,56세,상해없음,이륜,남,17세,경상
2021110700100409,2021년 11월 7일 19시,일요일,대전광역시 유성구 복용동,부상신고사고,0,0,0,1,차대차 - 측면충돌,안전운전불이행,건조,맑음,단일로 - 기타,승용,남,29세,상해없음,자전거,남,63세,부상신고
2021110700100410,2021년 11월 7일 19시,일요일,대전광역시 유성구 원내동,경상사고,0,0,5,0,차대차 - 기타,안전거리미확보,건조,맑음,단일로 - 기타,화물,남,60세,상해없음,승용,남,69세,경상
2021110700100476,2021년 11월 7일 22시,일요일,대전광역시 유성구 봉명동,경상사고,0,0,1,0,차대차 - 측면충돌,교차로운행방법위반,건조,맑음,교차로 - 교차로안,승용,남,22세,상해없음,이륜,남,21세,경상
2021110700100477,2021년 11월 7일 22시,일요일,대전광역시 유성구 장대동,경상사고,0,0,1,1,차대차 - 기타,안전운전불이행,건조,맑음,교차로 - 교차로부근,승용,남,34세,부상신고,승용,남,39세,경상
2021110800100041,2021년 11월 8일 05시,월요일,대전광역시 서구 월평동,중상사고,0,1,2,0,차대차 - 정면충돌,신호위반,건조,흐림,교차로 - 교차로안,승용,남,60세,상해없음,승용,남,71세,중상
2021110800100088,2021년 11월 8일 07시,월요일,대전광역시 유성구 하기동,경상사고,0,0,1,0,차대차 - 측면충돌,신호위반,건조,맑음,교차로 - 교차로부근,건설기계,남,54세,상해없음,승용,남,30세,경상
2021110800100133,2021년 11월 8일 08시,월요일,대전광역시 서구 가장동,경상사고,0,0,2,0,차대차 - 측면충돌,안전거리미확보,젖음/습기,비,단일로 - 기타,승용,여,34세,상해없음,승용,남,51세,경상
2021110800100134,2021년 11월 8일 08시,월요일,대전광역시 서구 갈마동,경상사고,0,0,1,0,차대차 - 측면충돌,안전거리미확보,젖음/습기,비,단일로 - 기타,승용,남,34세,상해없음,승용,남,37세,경상
2021110800100173,2021년 11월 8일 09시,월요일,대전광역시 대덕구 송촌동,경상사고,0,0,1,0,차대사람 - 기타,보행자보호의무위반,젖음/습기,흐림,교차로 - 교차로부근,승용,여,52세,상해없음,보행자,여,65세,경상
2021110800100174,2021년 11월 8일 09시,월요일,대전광역시 대덕구 오정동,경상사고,0,0,1,0,차대사람 - 횡단중,안전운전불이행,젖음/습기,비,교차로 - 교차로부근,승용,여,43세,기타불명,보행자,여,30세,경상
2021110800100197,2021년 11월 8일 10시,월요일,대전광역시 중구 유천동,경상사고,0,0,1,0,차대차 - 기타,안전운전불이행,젖음/습기,비,기타 - 기타,승용,남,43세,상해없음,승용,여,50세,경상
2021110800100239,2021년 11월 8일 11시,월요일,대전광역시 서구 내동,경상사고,0,0,1,0,차대차 - 기타,교차로운행방법위반,건조,맑음,교차로 - 교차로안,화물,남,49세,상해없음,이륜,남,24세,경상
2021110800100279,2021년 11월 8일 12시,월요일,대전광역시 중구 산성동,경상사고,0,0,3,0,차대차 - 기타,교차로운행방법위반,건조,맑음,교차로 - 교차로안,승용,남,69세,경상,승용,남,56세,경상
2021110800100280,2021년 11월 8일 12시,월요일,대전광역시 유성구 구암동,경상사고,0,0,2,0,차대차 - 기타,신호위반,젖음/습기,비,교차로 - 교차로안,승용,남,39세,기타불명,승용,여,47세,경상
2021110800100313,2021년 11월 8일 13시,월요일,대전광역시 동구 가양동,경상사고,0,0,1,0,차대차 - 기타,중앙선침범,건조,맑음,단일로 - 기타,승용,남,49세,상해없음,이륜,남,49세,경상
2021110800100346,2021년 11월 8일 14시,월요일,대전광역시 동구 신흥동,경상사고,0,0,1,0,차대차 - 기타,신호위반,건조,맑음,교차로 - 교차로안,화물,남,39세,상해없음,자전거,남,82세,경상
2021110800100378,2021년 11월 8일 15시,월요일,대전광역시 유성구 노은동,경상사고,0,0,1,0,차대차 - 기타,안전운전불이행,건조,맑음,교차로 - 교차로부근,승용,여,79세,상해없음,승용,남,35세,경상
2021110800100474,2021년 11월 8일 17시,월요일,대전광역시 대덕구 석봉동,경상사고,0,0,1,0,차대사람 - 기타,안전운전불이행,건조,맑음,단일로 - 기타,화물,남,71세,상해없음,보행자,여,60세,경상
2021110800100539,2021년 11월 8일 18시,월요일,대전광역시 중구 문화동,중상사고,0,1,1,0,차대차 - 측면충돌,안전운전불이행,건조,맑음,교차로 - 교차로부근,승용,남,22세,상해없음,승용,여,42세,중상
2021110800100540,2021년 11월 8일 18시,월요일,대전광역시 유성구 봉명동,경상사고,0,0,1,0,차대차 - 측면충돌,안전운전불이행,건조,맑음,교차로 - 교차로안,승용,남,69세,상해없음,승용,여,52세,경상
2021110800100592,2021년 11월 8일 19시,월요일,대전광역시 유성구 상대동,경상사고,0,0,2,0,차대차 - 측면충돌,안전운전불이행,건조,맑음,기타 - 기타,승용,여,42세,상해없음,승용,남,27세,경상
2021110800100656,2021년 11월 8일 21시,월요일,대전광역시 동구 가양동,경상사고,0,0,1,0,차량단독 - 전도전복 - 전도,안전운전불이행,젖음/습기,비,단일로 - 기타,이륜,남,22세,경상,,,,
2021110800100685,2021년 11월 8일 23시,월요일,대전광역시 동구 용운동,경상사고,0,0,2,0,차대차 - 기타,안전운전불이행,젖음/습기,흐림,교차로 - 교차로안,승용,남,56세,상해없음,승용,남,25세,기타불명
2021110800100686,2021년 11월 8일 23시,월요일,대전광역시 서구 관저동,중상사고,0,1,0,0,차대사람 - 기타,안전운전불이행,젖음/습기,비,단일로 - 기타,승용,남,66세,상해없음,보행자,남,45세,중상
2021110900100023,2021년 11월 9일 01시,화요일,대전광역시 서구 만년동,중상사고,0,1,1,0,차대차 - 추돌,안전운전불이행,건조,맑음,단일로 - 교량,승용,남,34세,상해없음,승용,남,57세,중상
2021110900100024,2021년 11월 9일 01시,화요일,대전광역시 유성구 봉산동,중상사고,0,1,1,0,차대차 - 기타,신호위반,건조,기타,교차로 - 교차로안,승용,남,47세,상해없음,화물,남,48세,중상
2021110900100112,2021년 11월 9일 08시,화요일,대전광역시 서구 괴정동,경상사고,0,0,1,0,차대차 - 측면충돌,안전운전불이행,건조,맑음,단일로 - 기타,승용,남,64세,상해없음,승용,남,44세,상해없음
2021110900100145,2021년 11월 9일 09시,화요일,대전광역시 중구 용두동,경상사고,0,0,2,0,차대차 - 기타,안전운전불이행,건조,맑음,기타 - 기타,승용,남,47세,상해없음,승용,여,52세,경상
2021110900100175,2021년 11월 9일 10시,화요일,대전광역시 중구 문화동,중상사고,0,1,0,0,차대차 - 기타,안전운전불이행,젖음/습기,흐림,기타 - 기타,자전거,여,68세,중상,승용,남,40세,상해없음
2021110900100176,2021년 11월 9일 10시,화요일,대전광역시 동구 용전동,경상사고,0,0,1,0,차대사람 - 횡단중,보행자보호의무위반,건조,맑음,교차로 - 교차로횡단보도내,화물,남,68세,상해없음,보행자,여,53세,경상
2021110900100177,2021년 11월 9일 10시,화요일,대전광역시 서구 변동,중상사고,0,1,0,0,차량단독 - 기타,기타,건조,맑음,단일로 - 기타,승용,남,61세,상해없음,,,,
2021110900100228,2021년 11월 9일 11시,화요일,대전광역시 중구 석교동,중상사고,0,1,0,0,차량단독 - 기타,안전운전불이행,건조,맑음,단일로 - 기타,승합,남,45세,상해없음,,,,
2021110900100229,2021년 11월 9일 11시,화요일,대전광역시 서구 도마동,중상사고,0,1,0,0,차대차 - 측면충돌,신호위반,건조,맑음,교차로 - 교차로안,승용,남,30세,상해없음,이륜,남,56세,중상
2021110900100230,2021년 11월 9일 11시,화요일,대전광역시 대덕구 오정동,경상사고,0,0,1,0,차대차 - 기타,안전운전불이행,건조,맑음,단일로 - 기타,승용,남,64세,상해없음,이륜,여,33세,경상
2021110900100231,2021년 11월 9일 11시,화요일,대전광역시 서구 탄방동,경상사고,0,0,1,0,차대차 - 기타,신호위반,건조,맑음,교차로 - 교차로안,승용,여,39세,상해없음,승용,남,69세,경상
2021110900100256,2021년 11월 9일 12시,화요일,대전광역시 중구 오류동,경상사고,0,0,1,0,차대차 - 기타,안전운전불이행,건조,맑음,기타 - 기타,승용,남,68세,상해없음,이륜,남,47세,경상
2021110900100287,2021년 11월 9일 13시,화요일,대전광역시 유성구 송강동,경상사고,0,0,2,0,차대차 - 기타,신호위반,건조,맑음,교차로 - 교차로안,화물,남,39세,경상,승용,여,40세,경상
2021110900100324,2021년 11월 9일 14시,화요일,대전광역시 동구 자양동,경상사고,0,0,1,0,차대차 - 기타,교차로운행방법위반,건조,맑음,교차로 - 교차로안,승용,여,26세,상해없음,승합,남,59세,경상
2021110900100456,2021년 11월 9일 17시,화요일,대전광역시 동구 가양동,경상사고,0,0,1,0,차대차 - 기타,안전운전불이행,건조,흐림,교차로 - 교차로안,화물,남,67세,상해없음,자전거,남,11세,경상
2021110900100457,2021년 11월 9일 17시,화요일,대전광역시 유성구 도룡동,사망사고,1,0,0,0,차대사람 - 횡단중,안전운전불이행,건조,맑음,단일로 - 기타,승용,남,25세,상해없음,보행자,남,73세,사망
2021110900100520,2021년 11월 9일 18시,화요일,대전광역시 서구 내동,경상사고,0,0,1,0,차대사람 - 횡단중,안전운전불이행,건조,맑음,교차로 - 교차로부근,승용,남,49세,상해없음,보행자,여,14세,경상
2021110900100521,2021년 11월 9일 18시,화요일,대전광역시 서구 변동,경상사고,0,0,1,0,차대차 - 측면충돌,안전운전불이행,건조,기타,단일로 - 기타,승용,남,56세,상해없음,승용,여,48세,경상
2021110900100522,2021년 11월 9일 18시,화요일,대전광역시 서구 월평동,경상사고,0,0,1,0,차대차 - 측면충돌,안전운전불이행,건조,맑음,교차로 - 교차로안,화물,남,76세,상해없음,승용,남,41세,경상
2021110900100523,2021년 11월 9일 18시,화요일,대전광역시 서구 둔산동,경상사고,0,0,1,1,차대차 - 측면충돌,안전운전불이행,건조,맑음,교차로 - 교차로안,승용,남,34세,상해없음,승용,남,55세,경상
2021110900100609,2021년 11월 9일 20시,화요일,대전광역시 중구 산성동,경상사고,0,0,1,0,차대차 - 측면충돌,교차로운행방법위반,건조,맑음,교차로 - 교차로안,승용,남,59세,상해없음,이륜,남,24세,경상
2021110900100634,2021년 11월 9일 21시,화요일,대전광역시 서구 도마동,중상사고,0,1,0,0,차대사람 - 기타,안전운전불이행,젖음/습기,흐림,기타 - 기타,승용,남,52세,상해없음,보행자,남,60세,중상
2021110900100635,2021년 11월 9일 21시,화요일,대전광역시 서구 월평동,경상사고,0,0,1,0,차대차 - 측면충돌,안전운전불이행,건조,맑음,단일로 - 기타,승용,남,26세,상해없음,승용,남,46세,경상
2021110900100661,2021년 11월 9일 22시,화요일,대전광역시 서구 관저동,경상사고,0,0,4,0,차대차 - 측면충돌,안전거리미확보,건조,맑음,교차로 - 교차로부근,승용,남,51세,상해없음,승용,남,34세,경상
2021111000100170,2021년 11월 10일 09시,수요일,대전광역시 대덕구 오정동,경상사고,0,0,1,0,차대차 - 추돌,안전운전불이행,건조,맑음,단일로 - 교량,승용,여,37세,상해없음,승용,여,45세,경상
2021111000100171,2021년 11월 10일 09시,수요일,대전광역시 대덕구 읍내동,경상사고,0,0,1,0,차대차 - 기타,신호위반,건조,맑음,교차로 - 교차로안,승용,여,42세,상해없음,승용,여,30세,경상
2021111000100193,2021년 11월 10일 10시,수요일,대전광역시 유성구 구암동,경상사고,0,0,1,0,차대차 - 기타,안전운전불이행,건조,맑음,단일로 - 기타,승용,남,50세,상해없음,자전거,남,57세,경상
2021111000100302,2021년 11월 10일 14시,수요일,대전광역시 대덕구 오정동,경상사고,0,0,1,1,차대차 - 기타,교차로운행방법위반,건조,맑음,교차로 - 교차로안,승용,남,65세,상해없음,승용,남,29세,부상신고
2021111000100349,2021년 11월 10일 15시,수요일,대전광역시 동구 가양동,경상사고,0,0,1,0,차대차 - 기타,안전거리미확보,건조,맑음,교차로 - 교차로부근,승용,여,57세,상해없음,승합,남,33세,경상
2021111000100382,2021년 11월 10일 16시,수요일,대전광역시 중구 태평동,중상사고,0,1,0,0,차대차 - 기타,안전운전불이행,건조,흐림,단일로 - 기타,승용,남,60세,상해없음,이륜,남,19세,중상
2021111000100383,2021년 11월 10일 16시,수요일,대전광역시 중구 대사동,경상사고,0,0,1,0,차대차 - 기타,신호위반,건조,맑음,교차로 - 교차로안,승용,여,69세,상해없음,승용,남,58세,경상
2021111000100384,2021년 11월 10일 16시,수요일,대전광역시 유성구 궁동,경상사고,0,0,1,0,차대차 - 기타,안전거리미확보,젖음/습기,비,기타 - 기타,이륜,남,55세,상해없음,이륜,남,22세,경상
2021111000100485,2021년 11월 10일 18시,수요일,대전광역시 중구 유천동,중상사고,0,1,0,0,차대사람 - 기타,안전운전불이행,젖음/습기,흐림,단일로 - 기타,원동기,남,44세,상해없음,보행자,여,78세,중상
2021111000100486,2021년 11월 10일 18시,수요일,대전광역시 서구 괴정동,경상사고,0,0,2,0,차대차 - 추돌,안전운전불이행,건조,맑음,단일로 - 기타,승용,남,74세,상해없음,승용,남,22세,경상
2021111000100487,2021년 11월 10일 18시,수요일,대전광역시 서구 월평동,경상사고,0,0,1,0,차대차 - 기타,신호위반,젖음/습기,비,단일로 - 지하차도(도로)내,승용,남,28세,상해없음,승용,여,49세,경상
2021111000100488,2021년 11월 10일 18시,수요일,대전광역시 서구 탄방동,경상사고,0,0,1,0,차대차 - 추돌,안전거리미확보,젖음/습기,비,교차로 - 교차로안,승용,여,29세,상해없음,승용,남,23세,경상