사고번호,사고일시,요일,시군구,사고내용,사망자수,중상자수,경상자수,부상신고자수,사고유형,법규위반,노면상태,기상상태,도로형태,가해운전자 차종,가해운전자 성별,가해운전자 연령,가해운전자 상해정도,피해운전자 차종,피해운전자 성별,피해운전자 연령,피해운전자 상해정도
2021111000100489,2021년 11월 10일 18시,수요일,대전광역시 유성구 전민동,경상사고,0,0,1,0,차대차 - 측면충돌,안전운전불이행,건조,맑음,기타 - 기타,승용,남,39세,상해없음,이륜,남,52세,경상
2021111000100528,2021년 11월 10일 19시,수요일,대전광역시 대덕구 신일동,경상사고,0,0,1,0,차대차 - 기타,신호위반,건조,맑음,교차로 - 교차로안,승용,남,74세,상해없음,승용,남,30세,경상
2021111000100615,2021년 11월 10일 22시,수요일,대전광역시 유성구 복용동,경상사고,0,0,1,0,차대차 - 측면충돌,안전거리미확보,건조,맑음,단일로 - 기타,승용,남,35세,상해없음,승용,남,75세,경상
2021111000100637,2021년 11월 10일 23시,수요일,대전광역시 서구 둔산동,경상사고,0,0,1,0,차대사람 - 기타,안전운전불이행,건조,맑음,단일로 - 기타,승용,남,26세,상해없음,보행자,여,23세,경상
2021111100100006,2021년 11월 11일 00시,목요일,대전광역시 대덕구 오정동,사망사고,1,0,0,0,차대차 - 기타,안전운전불이행,건조,맑음,단일로 - 기타,승용,남,26세,상해없음,개인형이동수단(PM),남,15세,사망
2021111100100020,2021년 11월 11일 01시,목요일,대전광역시 서구 갈마동,경상사고,0,0,2,0,차대차 - 추돌,안전운전불이행,건조,맑음,단일로 - 기타,승용,남,28세,상해없음,승용,남,29세,경상
2021111100100036,2021년 11월 11일 04시,목요일,대전광역시 동구 소제동,경상사고,0,0,2,0,차대차 - 추돌,안전운전불이행,건조,맑음,교차로 - 교차로안,승합,남,26세,상해없음,승용,남,68세,경상
2021111100100103,2021년 11월 11일 07시,목요일,대전광역시 서구 용문동,중상사고,0,1,3,0,차대차 - 기타,안전운전불이행,건조,맑음,기타 - 기타,승합,남,53세,상해없음,승용,남,32세,경상
2021111100100149,2021년 11월 11일 08시,목요일,대전광역시 중구 문화동,중상사고,0,1,0,0,차대사람 - 기타,안전운전불이행,건조,맑음,단일로 - 기타,기타불명,기타불명,미분류,기타불명,보행자,여,75세,중상
2021111100100181,2021년 11월 11일 09시,목요일,대전광역시 서구 탄방동,중상사고,0,1,0,0,차대차 - 측면충돌,안전운전불이행,건조,맑음,단일로 - 기타,승용,여,46세,상해없음,이륜,남,64세,중상
2021111100100247,2021년 11월 11일 11시,목요일,대전광역시 중구 대사동,부상신고사고,0,0,0,1,차대사람 - 길가장자리구역통행중,안전운전불이행,건조,맑음,단일로 - 기타,자전거,남,42세,부상신고,보행자,여,73세,상해없음
2021111100100364,2021년 11월 11일 15시,목요일,대전광역시 서구 도마동,경상사고,0,0,3,0,차대차 - 기타,안전운전불이행,건조,맑음,교차로 - 교차로부근,승용,여,58세,상해없음,화물,남,50세,경상
2021111100100365,2021년 11월 11일 15시,목요일,대전광역시 대덕구 읍내동,경상사고,0,0,1,0,차대차 - 추돌,안전운전불이행,건조,맑음,기타 - 기타,승용,여,60세,기타불명,승용,여,54세,경상
2021111100100406,2021년 11월 11일 16시,목요일,대전광역시 중구 중촌동,중상사고,0,1,0,0,차대사람 - 보도통행중,기타,건조,맑음,교차로 - 교차로부근,자전거,남,17세,상해없음,보행자,여,75세,중상
2021111100100460,2021년 11월 11일 17시,목요일,대전광역시 유성구 지족동,경상사고,0,0,2,0,차대차 - 기타,안전운전불이행,건조,맑음,단일로 - 기타,화물,남,54세,상해없음,승용,여,36세,경상
2021111100100461,2021년 11월 11일 17시,목요일,대전광역시 유성구 학하동,경상사고,0,0,4,0,차대차 - 기타,안전운전불이행,건조,맑음,단일로 - 기타,승용,남,39세,경상,승합,남,60세,경상
2021111100100514,2021년 11월 11일 18시,목요일,대전광역시 중구 문화동,부상신고사고,0,0,0,1,차대차 - 기타,안전운전불이행,건조,맑음,단일로 - 기타,원동기,남,22세,부상신고,승용,여,42세,상해없음
2021111100100515,2021년 11월 11일 18시,목요일,대전광역시 대덕구 덕암동,경상사고,0,0,1,0,차대사람 - 기타,안전운전불이행,건조,맑음,단일로 - 기타,원동기,남,53세,상해없음,보행자,여,70세,경상
2021111100100562,2021년 11월 11일 19시,목요일,대전광역시 중구 대흥동,경상사고,0,0,1,0,차대차 - 기타,안전운전불이행,젖음/습기,흐림,단일로 - 기타,승용,남,20세,상해없음,승용,남,25세,경상
2021111100100563,2021년 11월 11일 19시,목요일,대전광역시 유성구 구암동,경상사고,0,0,1,0,차대차 - 기타,안전거리미확보,건조,맑음,단일로 - 기타,승용,남,68세,상해없음,이륜,남,45세,경상
2021111100100564,2021년 11월 11일 19시,목요일,대전광역시 유성구 봉명동,경상사고,0,0,1,0,차대차 - 추돌,안전운전불이행,건조,맑음,단일로 - 기타,승용,남,31세,상해없음,승용,여,32세,경상
2021111100100589,2021년 11월 11일 20시,목요일,대전광역시 유성구 구암동,중상사고,0,1,0,0,차대차 - 기타,직진우회전진행방해,건조,맑음,교차로 - 교차로안,승용,남,44세,상해없음,이륜,남,57세,중상
2021111100100609,2021년 11월 11일 21시,목요일,대전광역시 서구 월평동,경상사고,0,0,1,0,차대차 - 기타,안전운전불이행,건조,맑음,교차로 - 교차로부근,승용,여,57세,상해없음,승용,남,35세,경상
2021111100100610,2021년 11월 11일 21시,목요일,대전광역시 유성구 장대동,경상사고,0,0,1,0,차대차 - 기타,안전거리미확보,건조,맑음,교차로 - 교차로부근,승용,남,35세,상해없음,승용,여,48세,경상
2021111100100637,2021년 11월 11일 22시,목요일,대전광역시 서구 용문동,경상사고,0,0,1,0,차대차 - 기타,신호위반,건조,맑음,교차로 - 교차로부근,승용,남,57세,상해없음,승용,남,59세,경상
2021111200100028,2021년 11월 12일 02시,금요일,대전광역시 서구 둔산동,중상사고,0,1,1,0,차대차 - 기타,교차로운행방법위반,건조,맑음,교차로 - 교차로안,승용,남,64세,경상,이륜,남,41세,중상
2021111200100029,2021년 11월 12일 02시,금요일,대전광역시 유성구 원신흥동,경상사고,0,0,1,0,차대차 - 기타,안전운전불이행,건조,맑음,교차로 - 교차로부근,승용,남,38세,상해없음,승용,남,49세,경상
2021111200100068,2021년 11월 12일 06시,금요일,대전광역시 동구 삼괴동,중상사고,0,1,0,0,차량단독 - 공작물충돌,안전운전불이행,건조,맑음,단일로 - 기타,화물,남,45세,중상,,,,
2021111200100081,2021년 11월 12일 07시,금요일,대전광역시 유성구 신봉동,경상사고,0,0,1,0,차대차 - 기타,안전운전불이행,젖음/습기,맑음,교차로 - 교차로안,승용,여,30세,상해없음,자전거,남,38세,경상
2021111200100126,2021년 11월 12일 08시,금요일,대전광역시 유성구 봉명동,경상사고,0,0,1,0,차대차 - 추돌,안전운전불이행,건조,맑음,교차로 - 교차로부근,승용,여,66세,상해없음,승용,남,45세,경상
2021111200100189,2021년 11월 12일 10시,금요일,대전광역시 서구 도안동,경상사고,0,0,3,0,차대차 - 기타,안전운전불이행,건조,맑음,단일로 - 기타,화물,남,52세,상해없음,승용,여,36세,경상
2021111200100299,2021년 11월 12일 13시,금요일,대전광역시 유성구 구룡동,경상사고,0,0,2,0,차대차 - 기타,안전운전불이행,건조,맑음,단일로 - 기타,화물,남,49세,경상,승용,남,53세,경상
2021111200100330,2021년 11월 12일 14시,금요일,대전광역시 유성구 원신흥동,경상사고,0,0,1,0,차대차 - 추돌,안전거리미확보,건조,맑음,단일로 - 기타,건설기계,남,46세,기타불명,승합,여,46세,경상
2021111200100376,2021년 11월 12일 15시,금요일,대전광역시 중구 산성동,경상사고,0,0,1,0,차대사람 - 횡단중,신호위반,건조,맑음,교차로 - 교차로안,승용,여,58세,상해없음,보행자,남,31세,경상
2021111200100460,2021년 11월 12일 17시,금요일,대전광역시 대덕구 목상동,경상사고,0,0,1,0,차대사람 - 기타,보행자보호의무위반,건조,맑음,교차로 - 교차로부근,승용,여,40세,상해없음,보행자,여,12세,경상
2021111200100518,2021년 11월 12일 18시,금요일,대전광역시 서구 둔산동,경상사고,0,0,1,0,차대차 - 측면충돌,안전운전불이행,건조,맑음,교차로 - 교차로안,승용,여,46세,상해없음,원동기,남,45세,경상
2021111200100519,2021년 11월 12일 18시,금요일,대전광역시 서구 갈마동,경상사고,0,0,1,0,차대사람 - 보도통행중,보행자보호의무위반,건조,맑음,교차로 - 교차로횡단보도내,승용,남,77세,상해없음,보행자,여,27세,경상
2021111200100520,2021년 11월 12일 18시,금요일,대전광역시 유성구 도룡동,경상사고,0,0,2,0,차대차 - 측면충돌,안전운전불이행,건조,맑음,단일로 - 기타,승용,여,31세,상해없음,승용,남,31세,경상
2021111200100602,2021년 11월 12일 20시,금요일,대전광역시 중구 태평동,경상사고,0,0,1,0,차대사람 - 기타,보행자보호의무위반,건조,맑음,교차로 - 교차로횡단보도내,승용,남,32세,상해없음,보행자,남,78세,경상
2021111200100603,2021년 11월 12일 20시,금요일,대전광역시 유성구 장대동,경상사고,0,0,2,0,차대사람 - 기타,안전운전불이행,건조,맑음,교차로 - 교차로안,승용,남,32세,상해없음,보행자,남,27세,경상
2021111200100636,2021년 11월 12일 21시,금요일,대전광역시 서구 갈마동,중상사고,0,1,1,0,차대차 - 측면충돌,기타,건조,맑음,교차로 - 교차로안,이륜,남,20세,중상,승용,남,41세,경상
2021111200100660,2021년 11월 12일 22시,금요일,대전광역시 서구 도안동,경상사고,0,0,1,0,차대차 - 기타,안전운전불이행,건조,맑음,단일로 - 기타,승용,남,36세,상해없음,승용,여,41세,상해없음
2021111300100019,2021년 11월 13일 00시,토요일,대전광역시 중구 대흥동,경상사고,0,0,1,0,차대차 - 기타,안전거리미확보,건조,맑음,교차로 - 교차로부근,승용,여,40세,상해없음,승용,남,28세,경상
2021111300100087,2021년 11월 13일 06시,토요일,대전광역시 서구 도마동,경상사고,0,0,1,0,차대차 - 기타,안전운전불이행,건조,맑음,교차로 - 교차로부근,승용,여,73세,기타불명,승용,남,62세,경상
2021111300100145,2021년 11월 13일 09시,토요일,대전광역시 유성구 봉명동,경상사고,0,0,1,0,차대차 - 기타,안전거리미확보,건조,맑음,단일로 - 기타,승용,여,29세,상해없음,승합,남,54세,상해없음
2021111300100187,2021년 11월 13일 10시,토요일,대전광역시 동구 중동,경상사고,0,0,1,0,차대사람 - 기타,안전운전불이행,건조,맑음,교차로 - 교차로안,승용,여,56세,상해없음,보행자,남,52세,경상
2021111300100188,2021년 11월 13일 10시,토요일,대전광역시 유성구 궁동,경상사고,0,0,1,0,차대차 - 기타,신호위반,건조,맑음,교차로 - 교차로안,화물,남,62세,상해없음,승합,남,63세,상해없음
2021111300100233,2021년 11월 13일 11시,토요일,대전광역시 중구 중촌동,경상사고,0,0,1,0,차대차 - 기타,안전운전불이행,건조,맑음,교차로 - 교차로부근,승용,여,37세,상해없음,승합,남,55세,상해없음
2021111300100266,2021년 11월 13일 12시,토요일,대전광역시 대덕구 중리동,경상사고,0,0,2,0,차대차 - 추돌,안전운전불이행,건조,맑음,단일로 - 기타,승용,남,29세,상해없음,승용,여,45세,경상
2021111300100267,2021년 11월 13일 12시,토요일,대전광역시 서구 갈마동,경상사고,0,0,2,0,차대차 - 기타,안전운전불이행,건조,맑음,교차로 - 교차로부근,승용,남,50세,기타불명,승용,남,27세,경상
2021111300100268,2021년 11월 13일 12시,토요일,대전광역시 유성구 신성동,경상사고,0,0,1,0,차대차 - 측면충돌,안전운전불이행,건조,맑음,교차로 - 교차로안,승용,여,64세,상해없음,자전거,남,55세,경상
2021111300100310,2021년 11월 13일 13시,토요일,대전광역시 동구 가오동,경상사고,0,0,1,0,차대차 - 측면충돌,안전운전불이행,건조,맑음,교차로 - 교차로안,승용,여,43세,상해없음,승합,남,56세,경상
2021111300100343,2021년 11월 13일 14시,토요일,대전광역시 서구 둔산동,경상사고,0,0,1,0,차대차 - 기타,안전운전불이행,건조,맑음,교차로 - 교차로부근,승합,남,57세,상해없음,승용,여,43세,경상
2021111300100387,2021년 11월 13일 15시,토요일,대전광역시 중구 중촌동,경상사고,0,0,1,0,차대차 - 측면충돌,중앙선침범,건조,맑음,기타 - 기타,승용,남,65세,기타불명,승용,여,32세,경상
2021111300100420,2021년 11월 13일 16시,토요일,대전광역시 유성구 지족동,중상사고,0,1,6,0,차대차 - 측면충돌,기타,건조,맑음,교차로 - 교차로부근,승용,남,33세,중상,승용,여,43세,경상
2021111300100465,2021년 11월 13일 17시,토요일,대전광역시 유성구 궁동,경상사고,0,0,1,0,차대차 - 측면충돌,안전운전불이행,건조,맑음,단일로 - 기타,화물,남,67세,기타불명,승용,여,28세,경상
2021111300100657,2021년 11월 13일 23시,토요일,대전광역시 유성구 궁동,경상사고,0,0,3,0,차대차 - 추돌,안전운전불이행,건조,맑음,교차로 - 교차로부근,승용,여,33세,상해없음,승용,남,63세,경상
2021111400100046,2021년 11월 14일 02시,일요일,대전광역시 서구 도마동,경상사고,0,0,1,0,차대차 - 측면충돌,신호위반,건조,맑음,교차로 - 교차로안,승용,남,42세,상해없음,승용,여,60세,경상
2021111400100074,2021년 11월 14일 05시,일요일,대전광역시 동구 삼정동,경상사고,0,0,1,0,차량단독 - 공작물충돌,안전운전불이행,건조,맑음,단일로 - 기타,화물,남,47세,경상,,,,
2021111400100093,2021년 11월 14일 08시,일요일,대전광역시 중구 목동,경상사고,0,0,1,0,차대차 - 기타,안전운전불이행,건조,맑음,단일로 - 기타,승용,남,52세,기타불명,승용,남,30세,경상
2021111400100094,2021년 11월 14일 08시,일요일,대전광역시 동구 가양동,경상사고,0,0,1,0,차대차 - 측면충돌,안전운전불이행,건조,맑음,교차로 - 교차로안,화물,남,64세,상해없음,승용,남,48세,경상
2021111400100153,2021년 11월 14일 11시,일요일,대전광역시 동구 삼성동,경상사고,0,0,1,0,차대차 - 정면충돌,안전운전불이행,건조,맑음,단일로 - 기타,승용,여,71세,상해없음,승용,남,34세,경상
2021111400100179,2021년 11월 14일 12시,일요일,대전광역시 유성구 장대동,경상사고,0,0,1,0,차대차 - 측면충돌,안전거리미확보,건조,맑음,단일로 - 기타,승용,남,45세,기타불명,승용,남,28세,경상
2021111400100267,2021년 11월 14일 15시,일요일,대전광역시 중구 문화동,경상사고,0,0,4,0,차대차 - 기타,안전운전불이행,건조,맑음,단일로 - 기타,이륜,남,72세,상해없음,승용,여,36세,경상
2021111400100268,2021년 11월 14일 15시,일요일,대전광역시 서구 둔산동,경상사고,0,0,1,0,차대차 - 기타,중앙선침범,건조,맑음,교차로 - 교차로부근,승용,남,70세,상해없음,이륜,남,28세,경상
2021111400100269,2021년 11월 14일 15시,일요일,대전광역시 유성구 원촌동,경상사고,0,0,4,0,차대차 - 기타,안전거리미확보,건조,맑음,교차로 - 교차로부근,화물,남,50세,상해없음,승용,남,29세,경상
2021111400100296,2021년 11월 14일 16시,일요일,대전광역시 동구 낭월동,경상사고,0,0,3,0,차대차 - 측면충돌,안전운전불이행,건조,맑음,교차로 - 교차로안,승용,여,66세,상해없음,승용,남,40세,경상
2021111400100345,2021년 11월 14일 17시,일요일,대전광역시 중구 은행동,경상사고,0,0,4,0,차대차 - 기타,안전거리미확보,건조,맑음,단일로 - 기타,승용,남,40세,상해없음,승합,남,55세,경상
2021111400100381,2021년 11월 14일 18시,일요일,대전광역시 동구 상소동,경상사고,0,0,2,0,차대차 - 추돌,안전거리미확보,건조,맑음,단일로 - 기타,화물,남,63세,기타불명,화물,여,57세,경상
2021111400100382,2021년 11월 14일 18시,일요일,대전광역시 서구 둔산동,경상사고,0,0,4,0,차대차 - 기타,안전운전불이행,건조,맑음,교차로 - 교차로부근,승용,남,30세,상해없음,승용,남,50세,경상
2021111400100413,2021년 11월 14일 19시,일요일,대전광역시 중구 목동,경상사고,0,0,1,0,차대차 - 측면충돌,안전운전불이행,건조,맑음,단일로 - 기타,승용,남,63세,상해없음,승용,여,56세,경상
2021111400100414,2021년 11월 14일 19시,일요일,대전광역시 동구 삼성동,경상사고,0,0,1,0,차대차 - 측면충돌,안전거리미확보,건조,맑음,단일로 - 기타,승용,여,64세,상해없음,승용,여,71세,경상
2021111400100415,2021년 11월 14일 19시,일요일,대전광역시 서구 만년동,경상사고,0,0,1,0,차대차 - 후진중충돌,안전운전불이행,건조,맑음,단일로 - 기타,승용,여,53세,상해없음,승용,여,33세,경상
2021111400100436,2021년 11월 14일 20시,일요일,대전광역시 대덕구 석봉동,경상사고,0,0,1,0,차대차 - 측면충돌,안전거리미확보,건조,맑음,교차로 - 교차로부근,승용,남,61세,상해없음,이륜,남,29세,경상
2021111400100437,2021년 11월 14일 20시,일요일,대전광역시 유성구 신봉동,경상사고,0,0,1,0,차대차 - 후진중충돌,안전운전불이행,건조,맑음,단일로 - 기타,승용,남,50세,상해없음,이륜,남,19세,경상
2021111500100010,2021년 11월 15일 00시,월요일,대전광역시 서구 변동,경상사고,0,0,1,0,차대사람 - 기타,안전운전불이행,건조,맑음,단일로 - 기타,승용,여,48세,상해없음,보행자,남,23세,경상
2021111500100023,2021년 11월 15일 02시,월요일,대전광역시 서구 변동,경상사고,0,0,2,0,차대차 - 추돌,안전운전불이행,건조,맑음,기타 - 기타,승용,남,38세,상해없음,승용,남,26세,경상
2021111500100061,2021년 11월 15일 06시,월요일,대전광역시 서구 도마동,중상사고,0,1,0,0,차대차 - 기타,신호위반,건조,맑음,교차로 - 교차로안,승용,남,63세,상해없음,기타불명,여,68세,중상
2021111500100084,2021년 11월 15일 07시,월요일,대전광역시 대덕구 중리동,중상사고,0,1,0,0,차대차 - 측면충돌,교차로운행방법위반,건조,맑음,교차로 - 교차로부근,승용,남,55세,기타불명,자전거,여,48세,중상
2021111500100122,2021년 11월 15일 08시,월요일,대전광역시 유성구 장대동,경상사고,0,0,1,0,차대차 - 추돌,안전운전불이행,건조,맑음,교차로 - 교차로부근,승용,여,27세,상해없음,승용,여,48세,경상
2021111500100148,2021년 11월 15일 09시,월요일,대전광역시 서구 도안동,중상사고,0,1,1,0,차대사람 - 기타,기타,건조,맑음,기타 - 기타,승용,남,37세,상해없음,보행자,여,23세,중상
2021111500100181,2021년 11월 15일 10시,월요일,대전광역시 중구 용두동,경상사고,0,0,1,0,차대차 - 측면충돌,안전운전불이행,건조,맑음,단일로 - 기타,이륜,여,32세,기타불명,특수,남,29세,경상
2021111500100182,2021년 11월 15일 10시,월요일,대전광역시 서구 갈마동,경상사고,0,0,1,0,차대사람 - 기타,안전운전불이행,건조,맑음,교차로 - 교차로부근,승용,여,22세,상해없음,보행자,남,41세,경상
2021111500100253,2021년 11월 15일 12시,월요일,대전광역시 서구 복수동,중상사고,0,1,0,0,차대차 - 기타,신호위반,건조,맑음,교차로 - 교차로안,승용,여,59세,기타불명,이륜,남,23세,중상
2021111500100283,2021년 11월 15일 13시,월요일,대전광역시 대덕구 법동,경상사고,0,0,2,0,차대차 - 추돌,안전운전불이행,건조,맑음,단일로 - 기타,승용,남,63세,상해없음,화물,남,54세,경상
2021111500100284,2021년 11월 15일 13시,월요일,대전광역시 유성구 원내동,경상사고,0,0,1,0,차량단독 - 기타,기타,건조,맑음,단일로 - 기타,승합,남,52세,상해없음,,,,
2021111500100319,2021년 11월 15일 14시,월요일,대전광역시 대덕구 와동,중상사고,0,1,0,0,차대사람 - 기타,안전운전불이행,건조,맑음,기타 - 기타,승용,남,58세,상해없음,보행자,남,51세,중상
2021111500100352,2021년 11월 15일 15시,월요일,대전광역시 동구 대성동,경상사고,0,0,4,0,차대차 - 추돌,안전거리미확보,건조,맑음,단일로 - 기타,특수,남,51세,상해없음,화물,남,70세,경상
2021111500100353,2021년 11월 15일 15시,월요일,대전광역시 동구 가양동,경상사고,0,0,2,0,차대차 - 기타,안전거리미확보,건조,맑음,단일로 - 기타,승용,남,39세,상해없음,승용,여,49세,경상
2021111500100354,2021년 11월 15일 15시,월요일,대전광역시 서구 탄방동,경상사고,0,0,1,0,차대차 - 기타,안전거리미확보,건조,맑음,기타 - 기타,승용,남,37세,상해없음,승용,남,31세,경상
2021111500100355,2021년 11월 15일 15시,월요일,대전광역시 대덕구 덕암동,중상사고,0,1,0,0,차대사람 - 횡단중,보행자보호의무위반,건조,맑음,교차로 - 교차로부근,승용,남,67세,상해없음,보행자,여,60세,중상
2021111500100387,2021년 11월 15일 16시,월요일,대전광역시 동구 가양동,중상사고,0,1,0,0,차대사람 - 기타,안전운전불이행,건조,맑음,교차로 - 교차로부근,화물,남,37세,상해없음,보행자,여,62세,중상
2021111500100388,2021년 11월 15일 16시,월요일,대전광역시 서구 가수원동,경상사고,0,0,1,0,차대사람 - 기타,안전운전불이행,건조,맑음,단일로 - 기타,승용,남,61세,상해없음,보행자,남,35세,경상
2021111500100389,2021년 11월 15일 16시,월요일,대전광역시 서구 가수원동,경상사고,0,0,1,0,차대차 - 기타,신호위반,건조,맑음,교차로 - 교차로횡단보도내,이륜,남,23세,상해없음,자전거,여,11세,경상
2021111500100516,2021년 11월 15일 18시,월요일,대전광역시 동구 대별동,경상사고,0,0,1,0,차대차 - 기타,안전거리미확보,건조,맑음,교차로 - 교차로부근,승용,남,67세,상해없음,승용,남,26세,경상
2021111500100517,2021년 11월 15일 18시,월요일,대전광역시 유성구 노은동,경상사고,0,0,1,0,차대차 - 측면충돌,안전거리미확보,건조,맑음,단일로 - 기타,승용,여,45세,상해없음,승용,여,23세,경상
2021111500100583,2021년 11월 15일 20시,월요일,대전광역시 동구 가양동,경상사고,0,0,1,0,차대사람 - 기타,안전운전불이행,건조,맑음,교차로 - 교차로안,승용,남,57세,상해없음,보행자,여,26세,경상
2021111500100631,2021년 11월 15일 22시,월요일,대전광역시 대덕구 신일동,중상사고,0,1,1,0,차대차 - 정면충돌,신호위반,건조,맑음,교차로 - 교차로안,승용,남,65세,상해없음,승용,남,32세,중상
2021111600100094,2021년 11월 16일 07시,화요일,대전광역시 유성구 원신흥동,경상사고,0,0,1,0,차대차 - 기타,안전운전불이행,건조,맑음,교차로 - 교차로안,승합,남,70세,상해없음,승용,남,68세,경상
2021111600100141,2021년 11월 16일 08시,화요일,대전광역시 서구 가수원동,중상사고,0,1,0,0,차대사람 - 횡단중,안전운전불이행,건조,맑음,단일로 - 기타,승합,남,70세,상해없음,보행자,남,44세,중상
2021111600100142,2021년 11월 16일 08시,화요일,대전광역시 대덕구 송촌동,경상사고,0,0,1,0,차대차 - 기타,불법유턴,건조,맑음,단일로 - 기타,승용,여,22세,기타불명,승용,남,38세,경상
2021111600100285,2021년 11월 16일 12시,화요일,대전광역시 서구 변동,경상사고,0,0,1,0,차대차 - 기타,신호위반,건조,맑음,교차로 - 교차로안,이륜,남,23세,상해없음,승용,남,52세,경상
2021111600100286,2021년 11월 16일 12시,화요일,대전광역시 유성구 봉산동,경상사고,0,0,1,0,차대사람 - 횡단중,보행자보호의무위반,건조,맑음,교차로 - 교차로부근,승용,남,50세,상해없음,보행자,남,81세,경상
2021111600100378,2021년 11월 16일 15시,화요일,대전광역시 중구 선화동,경상사고,0,0,1,0,차대차 - 기타,안전운전불이행,건조,맑음,단일로 - 기타,건설기계,남,56세,상해없음,승용,여,63세,경상
2021111600100379,2021년 11월 16일 15시,화요일,대전광역시 서구 괴정동,경상사고,0,0,1,0,차대차 - 측면충돌,신호위반,건조,맑음,단일로 - 기타,화물,남,64세,상해없음,승합,남,58세,경상
2021111600100423,2021년 11월 16일 16시,화요일,대전광역시 유성구 관평동,경상사고,0,0,1,0,차대차 - 기타,안전거리미확보,건조,맑음,단일로 - 기타,승용,남,27세,상해없음,원동기,남,24세,경상
2021111600100476,2021년 11월 16일 17시,화요일,대전광역시 서구 만년동,경상사고,0,0,2,0,차대차 - 측면충돌,교차로운행방법위반,건조,맑음,교차로 - 교차로안,승용,남,45세,경상,승용,여,54세,상해없음
2021111600100526,2021년 11월 16일 18시,화요일,대전광역시 유성구 원내동,부상신고사고,0,0,0,1,차대차 - 측면충돌,신호위반,건조,맑음,교차로 - 교차로안,승용,여,66세,상해없음,승용,여,52세,부상신고
2021111600100527,2021년 11월 16일 18시,화요일,대전광역시 유성구 용계동,경상사고,0,0,1,0,차대차 - 기타,중앙선침범,건조,맑음,단일로 - 기타,기타불명,기타불명,미분류,기타불명,승용,남,54세,상해없음
2021111600100560,2021년 11월 16일 19시,화요일,대전광역시 서구 둔산동,경상사고,0,0,1,0,차대사람 - 기타,안전운전불이행,건조,맑음,기타 - 기타,승합,남,47세,기타불명,보행자,여,20세,경상
2021111600100586,2021년 11월 16일 20시,화요일,대전광역시 중구 오류동,경상사고,0,0,1,0,차대차 - 후진중충돌,안전운전불이행,건조,맑음,단일로 - 기타,승용,남,45세,상해없음,원동기,남,22세,경상
2021111600100587,2021년 11월 16일 20시,화요일,대전광역시 유성구 봉명동,중상사고,0,1,5,0,차대차 - 기타,신호위반,건조,맑음,교차로 - 교차로부근,승용,남,57세,상해없음,승합,남,39세,상해없음
2021111600100625,2021년 11월 16일 22시,화요일,대전광역시 중구 대흥동,경상사고,0,0,2,0,차대차 - 기타,중앙선침범,건조,맑음,교차로 - 교차로부근,승용,남,25세,상해없음,승용,여,21세,경상
2021111600100626,2021년 11월 16일 22시,화요일,대전광역시 서구 관저동,경상사고,0,0,1,0,차대차 - 후진중충돌,안전운전불이행,건조,맑음,교차로 - 교차로안,승용,남,61세,상해없음,이륜,남,37세,경상
2021111600100641,2021년 11월 16일 23시,화요일,대전광역시 유성구 죽동,경상사고,0,0,4,0,차대차 - 추돌,안전운전불이행,건조,맑음,기타 - 기타,승용,남,31세,상해없음,승용,여,26세,경상
2021111700100016,2021년 11월 17일 01시,수요일,대전광역시 대덕구 중리동,중상사고,0,2,0,0,차대차 - 기타,안전운전불이행,건조,맑음,교차로 - 교차로부근,승용,남,49세,상해없음,이륜,남,49세,중상
2021111700100017,2021년 11월 17일 01시,수요일,대전광역시 유성구 관평동,경상사고,0,0,1,0,차대사람 - 기타,중앙선침범,건조,맑음,교차로 - 교차로부근,기타불명,기타불명,미분류,기타불명,보행자,남,22세,경상
2021111700100057,2021년 11월 17일 06시,수요일,대전광역시 유성구 도룡동,중상사고,0,1,0,0,차대차 - 기타,안전운전불이행,건조,맑음,교차로 - 교차로안,특수,남,36세,상해없음,특수,남,61세,상해없음
2021111700100150,2021년 11월 17일 09시,수요일,대전광역시 중구 대흥동,경상사고,0,0,1,0,차대사람 - 기타,보행자보호의무위반,건조,맑음,단일로 - 기타,승용,남,68세,기타불명,보행자,여,25세,경상
2021111700100151,2021년 11월 17일 09시,수요일,대전광역시 서구 관저동,경상사고,0,0,1,0,차대차 - 측면충돌,신호위반,건조,맑음,교차로 - 교차로안,승용,여,40세,상해없음,승용,남,60세,경상
2021111700100152,2021년 11월 17일 09시,수요일,대전광역시 서구 둔산동,경상사고,0,0,1,0,차대차 - 기타,안전운전불이행,건조,맑음,교차로 - 교차로부근,승용,여,30세,상해없음,승합,남,54세,경상
2021111700100153,2021년 11월 17일 09시,수요일,대전광역시 서구 탄방동,경상사고,0,0,1,0,차대차 - 측면충돌,신호위반,건조,맑음,단일로 - 기타,승용,남,49세,상해없음,승용,여,39세,경상