사고번호,사고일시,요일,시군구,사고내용,사망자수,중상자수,경상자수,부상신고자수,사고유형,법규위반,노면상태,기상상태,도로형태,가해운전자 차종,가해운전자 성별,가해운전자 연령,가해운전자 상해정도,피해운전자 차종,피해운전자 성별,피해운전자 연령,피해운전자 상해정도
2021111700100194,2021년 11월 17일 10시,수요일,대전광역시 유성구 장대동,경상사고,0,0,3,0,차대차 - 기타,안전운전불이행,건조,맑음,교차로 - 교차로부근,화물,남,63세,상해없음,승용,남,74세,경상
2021111700100195,2021년 11월 17일 10시,수요일,대전광역시 유성구 반석동,경상사고,0,0,1,0,차대차 - 측면충돌,안전운전불이행,건조,맑음,단일로 - 기타,승용,남,44세,상해없음,승용,남,40세,경상
2021111700100196,2021년 11월 17일 10시,수요일,대전광역시 유성구 반석동,경상사고,0,0,1,0,차대차 - 추돌,안전운전불이행,건조,맑음,단일로 - 기타,승합,남,52세,상해없음,승용,여,45세,경상
2021111700100234,2021년 11월 17일 11시,수요일,대전광역시 중구 대흥동,중상사고,0,3,0,0,차대차 - 기타,안전운전불이행,건조,맑음,단일로 - 기타,건설기계,남,41세,상해없음,승용,남,45세,중상
2021111700100235,2021년 11월 17일 11시,수요일,대전광역시 서구 갈마동,경상사고,0,0,1,0,차대사람 - 길가장자리구역통행중,안전운전불이행,건조,맑음,단일로 - 기타,승용,여,49세,상해없음,보행자,여,63세,경상
2021111700100310,2021년 11월 17일 13시,수요일,대전광역시 대덕구 대화동,경상사고,0,0,2,0,차대차 - 측면충돌,안전운전불이행,건조,맑음,교차로 - 교차로안,승용,남,58세,기타불명,화물,남,47세,경상
2021111700100311,2021년 11월 17일 13시,수요일,대전광역시 유성구 관평동,경상사고,0,0,1,0,차대차 - 기타,안전운전불이행,건조,맑음,기타 - 기타,이륜,남,61세,상해없음,자전거,여,30세,경상
2021111700100348,2021년 11월 17일 14시,수요일,대전광역시 유성구 지족동,중상사고,0,1,0,0,차대차 - 측면충돌,안전운전불이행,건조,맑음,교차로 - 교차로안,승용,여,59세,상해없음,이륜,남,36세,중상
2021111700100389,2021년 11월 17일 15시,수요일,대전광역시 유성구 구암동,경상사고,0,0,1,0,차대차 - 기타,교차로운행방법위반,건조,맑음,교차로 - 교차로안,승용,여,53세,상해없음,화물,남,58세,경상
2021111700100432,2021년 11월 17일 16시,수요일,대전광역시 중구 은행동,경상사고,0,0,1,0,차대차 - 기타,신호위반,건조,맑음,교차로 - 교차로부근,승용,여,54세,상해없음,자전거,여,24세,경상
2021111700100433,2021년 11월 17일 16시,수요일,대전광역시 대덕구 오정동,중상사고,0,1,0,0,차대사람 - 횡단중,안전운전불이행,건조,맑음,단일로 - 기타,승용,남,38세,상해없음,보행자,남,10세,중상
2021111700100490,2021년 11월 17일 17시,수요일,대전광역시 서구 만년동,경상사고,0,0,1,0,차대차 - 기타,안전거리미확보,건조,맑음,단일로 - 기타,승용,남,74세,상해없음,승용,남,32세,경상
2021111700100559,2021년 11월 17일 18시,수요일,대전광역시 서구 둔산동,경상사고,0,0,1,0,차대차 - 기타,신호위반,건조,맑음,교차로 - 교차로안,승용,여,46세,상해없음,승용,여,33세,경상
2021111700100608,2021년 11월 17일 19시,수요일,대전광역시 서구 괴정동,경상사고,0,0,1,0,차대차 - 기타,안전운전불이행,건조,맑음,교차로 - 교차로부근,승용,남,51세,상해없음,승용,남,26세,경상
2021111700100609,2021년 11월 17일 19시,수요일,대전광역시 서구 월평동,경상사고,0,0,3,0,차대차 - 기타,안전거리미확보,건조,맑음,단일로 - 기타,승용,남,22세,상해없음,승용,남,43세,경상
2021111700100652,2021년 11월 17일 21시,수요일,대전광역시 서구 탄방동,경상사고,0,0,2,0,차대차 - 추돌,안전운전불이행,건조,맑음,교차로 - 교차로부근,승용,남,72세,상해없음,승용,남,51세,경상
2021111700100671,2021년 11월 17일 22시,수요일,대전광역시 유성구 노은동,경상사고,0,0,2,0,차대차 - 측면충돌,안전운전불이행,건조,맑음,단일로 - 기타,승용,남,60세,상해없음,승합,남,59세,경상
2021111800100014,2021년 11월 18일 00시,목요일,대전광역시 유성구 장대동,경상사고,0,0,1,0,차대차 - 측면충돌,신호위반,건조,맑음,교차로 - 교차로부근,승용,남,29세,상해없음,승용,남,52세,경상
2021111800100045,2021년 11월 18일 05시,목요일,대전광역시 유성구 장대동,중상사고,0,3,1,0,차대차 - 측면충돌,안전거리미확보,건조,맑음,단일로 - 기타,승용,남,52세,경상,승용,남,74세,중상
2021111800100119,2021년 11월 18일 08시,목요일,대전광역시 중구 사정동,경상사고,0,0,1,0,차대차 - 기타,안전운전불이행,건조,맑음,교차로 - 교차로부근,승합,남,50세,상해없음,승용,여,49세,경상
2021111800100120,2021년 11월 18일 08시,목요일,대전광역시 대덕구 송촌동,경상사고,0,0,1,0,차대차 - 기타,신호위반,건조,맑음,교차로 - 교차로안,승용,남,70세,상해없음,승합,남,36세,경상
2021111800100160,2021년 11월 18일 09시,목요일,대전광역시 대덕구 오정동,경상사고,0,0,2,0,차대차 - 기타,안전운전불이행,건조,맑음,교차로 - 교차로안,승용,여,38세,경상,승용,남,42세,경상
2021111800100222,2021년 11월 18일 11시,목요일,대전광역시 유성구 장대동,경상사고,0,0,1,0,차대차 - 기타,안전운전불이행,건조,맑음,교차로 - 교차로부근,승용,남,50세,상해없음,승용,남,65세,경상
2021111800100280,2021년 11월 18일 13시,목요일,대전광역시 대덕구 송촌동,경상사고,0,0,2,0,차대차 - 기타,안전운전불이행,건조,맑음,단일로 - 기타,승용,여,50세,기타불명,승용,여,54세,경상
2021111800100281,2021년 11월 18일 13시,목요일,대전광역시 서구 둔산동,경상사고,0,0,1,0,차대사람 - 횡단중,보행자보호의무위반,건조,맑음,교차로 - 교차로횡단보도내,승용,여,55세,상해없음,보행자,여,67세,경상
2021111800100341,2021년 11월 18일 15시,목요일,대전광역시 서구 용문동,경상사고,0,0,1,0,차대차 - 정면충돌,안전운전불이행,건조,맑음,교차로 - 교차로안,개인형이동수단(PM),남,25세,경상,승용,여,42세,상해없음
2021111800100378,2021년 11월 18일 16시,목요일,대전광역시 중구 오류동,경상사고,0,0,1,0,차대사람 - 기타,안전운전불이행,건조,맑음,단일로 - 기타,승용,여,44세,상해없음,보행자,여,59세,경상
2021111800100379,2021년 11월 18일 16시,목요일,대전광역시 중구 산성동,중상사고,0,1,0,0,차대사람 - 횡단중,안전운전불이행,건조,맑음,단일로 - 기타,이륜,남,52세,상해없음,보행자,여,13세,중상
2021111800100380,2021년 11월 18일 16시,목요일,대전광역시 대덕구 석봉동,경상사고,0,0,1,0,차대차 - 기타,안전운전불이행,건조,맑음,교차로 - 교차로안,화물,남,58세,기타불명,자전거,남,11세,경상
2021111800100484,2021년 11월 18일 18시,목요일,대전광역시 중구 선화동,경상사고,0,0,1,0,차대차 - 기타,신호위반,건조,맑음,교차로 - 교차로안,승용,남,79세,상해없음,승합,남,69세,상해없음
2021111800100485,2021년 11월 18일 18시,목요일,대전광역시 서구 용문동,경상사고,0,0,1,0,차대사람 - 횡단중,보행자보호의무위반,건조,맑음,교차로 - 교차로횡단보도내,승용,남,72세,상해없음,보행자,남,32세,경상
2021111800100486,2021년 11월 18일 18시,목요일,대전광역시 서구 둔산동,경상사고,0,0,2,0,차대차 - 기타,안전운전불이행,젖음/습기,비,교차로 - 교차로부근,화물,남,53세,기타불명,승용,남,30세,경상
2021111800100575,2021년 11월 18일 21시,목요일,대전광역시 서구 관저동,중상사고,0,1,1,0,차대차 - 기타,신호위반,건조,맑음,교차로 - 교차로부근,이륜,남,20세,중상,화물,남,37세,경상
2021111800100576,2021년 11월 18일 21시,목요일,대전광역시 서구 탄방동,경상사고,0,0,1,0,차량단독 - 공작물충돌,안전운전불이행,건조,맑음,단일로 - 기타,승용,남,69세,상해없음,,,,
2021111800100577,2021년 11월 18일 21시,목요일,대전광역시 유성구 도룡동,중상사고,0,1,0,0,차대사람 - 횡단중,보행자보호의무위반,건조,맑음,교차로 - 교차로횡단보도내,승용,남,38세,상해없음,보행자,여,51세,중상
2021111800100601,2021년 11월 18일 22시,목요일,대전광역시 동구 자양동,중상사고,0,1,0,0,차대차 - 기타,안전거리미확보,건조,맑음,교차로 - 교차로부근,승용,남,40세,상해없음,이륜,남,31세,중상
2021111800100626,2021년 11월 18일 23시,목요일,대전광역시 동구 정동,중상사고,0,1,0,0,차대사람 - 횡단중,안전운전불이행,건조,맑음,단일로 - 기타,승용,남,55세,상해없음,보행자,여,26세,중상
2021111900100010,2021년 11월 19일 00시,금요일,대전광역시 중구 구완동,사망사고,1,0,1,0,차대차 - 추돌,안전운전불이행,건조,맑음,단일로 - 터널,화물,남,40세,사망,화물,남,44세,경상
2021111900100015,2021년 11월 19일 00시,금요일,대전광역시 서구 탄방동,경상사고,0,0,1,0,차대차 - 기타,안전운전불이행,건조,맑음,교차로 - 교차로안,승용,여,53세,상해없음,승용,여,53세,경상
2021111900100041,2021년 11월 19일 02시,금요일,대전광역시 유성구 교촌동,경상사고,0,0,2,0,차대차 - 측면충돌,안전운전불이행,건조,맑음,교차로 - 교차로안,승용,여,45세,경상,이륜,남,44세,경상
2021111900100056,2021년 11월 19일 05시,금요일,대전광역시 중구 문화동,중상사고,0,1,0,0,차대차 - 기타,신호위반,건조,맑음,교차로 - 교차로안,승용,남,48세,상해없음,승용,남,61세,중상
2021111900100057,2021년 11월 19일 05시,금요일,대전광역시 유성구 봉명동,경상사고,0,0,1,0,차대사람 - 기타,신호위반,건조,맑음,교차로 - 교차로횡단보도내,승용,남,33세,상해없음,보행자,남,31세,경상
2021111900100075,2021년 11월 19일 06시,금요일,대전광역시 대덕구 상서동,경상사고,0,0,1,0,차대차 - 기타,안전거리미확보,건조,맑음,단일로 - 기타,승용,남,63세,상해없음,승용,남,67세,경상
2021111900100129,2021년 11월 19일 08시,금요일,대전광역시 대덕구 법동,경상사고,0,0,1,0,차대차 - 측면충돌,안전거리미확보,건조,맑음,단일로 - 기타,승용,여,42세,상해없음,승용,남,41세,경상
2021111900100217,2021년 11월 19일 11시,금요일,대전광역시 유성구 봉명동,경상사고,0,0,1,0,차량단독 - 기타,안전운전불이행,건조,맑음,교차로 - 교차로부근,승합,남,66세,상해없음,,,,
2021111900100313,2021년 11월 19일 14시,금요일,대전광역시 동구 효동,중상사고,0,1,0,0,차대사람 - 기타,기타,건조,맑음,교차로 - 교차로안,승용,남,74세,상해없음,보행자,여,77세,중상
2021111900100314,2021년 11월 19일 14시,금요일,대전광역시 유성구 노은동,경상사고,0,0,4,0,차대차 - 기타,중앙선침범,건조,맑음,단일로 - 기타,화물,남,61세,경상,화물,남,69세,경상
2021111900100405,2021년 11월 19일 16시,금요일,대전광역시 중구 산성동,중상사고,0,1,0,0,차대차 - 기타,신호위반,건조,맑음,교차로 - 교차로횡단보도내,화물,남,53세,상해없음,자전거,남,83세,중상
2021111900100465,2021년 11월 19일 17시,금요일,대전광역시 서구 둔산동,경상사고,0,0,1,0,차대차 - 측면충돌,안전운전불이행,건조,맑음,단일로 - 기타,승용,남,54세,상해없음,이륜,남,23세,경상
2021111900100523,2021년 11월 19일 18시,금요일,대전광역시 동구 가양동,경상사고,0,0,2,0,차대차 - 추돌,안전거리미확보,건조,맑음,교차로 - 교차로안,승용,남,60세,상해없음,승용,여,67세,경상
2021111900100524,2021년 11월 19일 18시,금요일,대전광역시 대덕구 상서동,중상사고,0,1,0,0,차대사람 - 기타,보행자보호의무위반,건조,맑음,교차로 - 교차로횡단보도내,승용,남,41세,상해없음,보행자,여,22세,중상
2021111900100525,2021년 11월 19일 18시,금요일,대전광역시 서구 탄방동,중상사고,0,1,1,0,차대차 - 추돌,안전운전불이행,건조,맑음,교차로 - 교차로부근,승용,여,63세,상해없음,승용,남,50세,중상
2021111900100526,2021년 11월 19일 18시,금요일,대전광역시 유성구 지족동,경상사고,0,0,2,0,차대차 - 측면충돌,안전운전불이행,건조,맑음,교차로 - 교차로부근,승용,남,21세,기타불명,승용,여,46세,경상
2021111900100527,2021년 11월 19일 18시,금요일,대전광역시 유성구 전민동,경상사고,0,0,1,0,차대차 - 기타,안전운전불이행,건조,맑음,교차로 - 교차로횡단보도내,승용,여,50세,상해없음,승용,남,33세,경상
2021111900100577,2021년 11월 19일 19시,금요일,대전광역시 동구 판암동,경상사고,0,0,1,0,차대차 - 측면충돌,안전거리미확보,건조,맑음,교차로 - 교차로안,승용,여,52세,상해없음,화물,남,47세,경상
2021111900100578,2021년 11월 19일 19시,금요일,대전광역시 동구 판암동,경상사고,0,0,1,0,차대차 - 기타,안전거리미확보,건조,맑음,단일로 - 기타,화물,남,40세,상해없음,승용,남,62세,경상
2021111900100641,2021년 11월 19일 21시,금요일,대전광역시 중구 태평동,경상사고,0,0,1,0,차량단독 - 기타,안전운전불이행,건조,맑음,단일로 - 기타,승용,남,76세,상해없음,,,,
2021111900100642,2021년 11월 19일 21시,금요일,대전광역시 동구 낭월동,중상사고,0,1,1,0,차대사람 - 차도통행중,기타,건조,맑음,단일로 - 기타,개인형이동수단(PM),남,16세,경상,보행자,여,37세,중상
2021112000100017,2021년 11월 20일 00시,토요일,대전광역시 중구 선화동,경상사고,0,0,1,0,차대차 - 측면충돌,신호위반,건조,맑음,교차로 - 교차로안,승용,남,49세,상해없음,승용,남,67세,경상
2021112000100018,2021년 11월 20일 00시,토요일,대전광역시 동구 소제동,경상사고,0,0,3,0,차대차 - 추돌,안전운전불이행,건조,맑음,교차로 - 교차로부근,승용,남,59세,상해없음,화물,남,65세,경상
2021112000100089,2021년 11월 20일 06시,토요일,대전광역시 대덕구 오정동,경상사고,0,0,1,0,차대사람 - 횡단중,보행자보호의무위반,건조,맑음,교차로 - 교차로횡단보도내,화물,남,34세,상해없음,보행자,남,37세,경상
2021112000100155,2021년 11월 20일 10시,토요일,대전광역시 중구 선화동,중상사고,0,1,0,0,차대차 - 측면충돌,신호위반,건조,맑음,단일로 - 기타,이륜,남,69세,상해없음,자전거,남,66세,중상
2021112000100156,2021년 11월 20일 10시,토요일,대전광역시 유성구 원신흥동,경상사고,0,0,1,0,차대차 - 측면충돌,신호위반,건조,맑음,교차로 - 교차로안,승용,여,46세,상해없음,승용,남,57세,경상
2021112000100196,2021년 11월 20일 11시,토요일,대전광역시 서구 가장동,경상사고,0,0,1,0,차대차 - 기타,안전운전불이행,건조,맑음,교차로 - 교차로부근,승용,남,53세,상해없음,화물,남,46세,경상
2021112000100223,2021년 11월 20일 12시,토요일,대전광역시 유성구 관평동,경상사고,0,0,1,0,차대차 - 기타,안전운전불이행,건조,맑음,교차로 - 교차로부근,승용,남,68세,상해없음,승용,남,25세,경상
2021112000100270,2021년 11월 20일 13시,토요일,대전광역시 유성구 봉명동,경상사고,0,0,2,0,차대차 - 측면충돌,신호위반,건조,맑음,교차로 - 교차로안,승용,남,84세,상해없음,승용,남,31세,경상
2021112000100308,2021년 11월 20일 14시,토요일,대전광역시 유성구 봉명동,경상사고,0,0,2,0,차대차 - 기타,안전거리미확보,건조,맑음,교차로 - 교차로안,승용,남,50세,상해없음,승용,남,39세,경상
2021112000100342,2021년 11월 20일 15시,토요일,대전광역시 중구 대흥동,경상사고,0,0,3,0,차대차 - 측면충돌,안전거리미확보,건조,맑음,단일로 - 기타,승용,남,56세,상해없음,승합,남,48세,경상
2021112000100343,2021년 11월 20일 15시,토요일,대전광역시 서구 도마동,경상사고,0,0,1,0,차대차 - 추돌,안전운전불이행,건조,맑음,단일로 - 기타,이륜,남,59세,상해없음,승용,남,47세,경상
2021112000100344,2021년 11월 20일 15시,토요일,대전광역시 서구 월평동,중상사고,0,1,0,0,차대사람 - 기타,안전운전불이행,건조,맑음,기타 - 기타,자전거,남,67세,상해없음,보행자,여,79세,중상
2021112000100375,2021년 11월 20일 16시,토요일,대전광역시 서구 도안동,경상사고,0,0,1,1,차대차 - 측면충돌,교차로운행방법위반,건조,맑음,교차로 - 교차로안,화물,여,40세,상해없음,승용,남,23세,부상신고
2021112000100419,2021년 11월 20일 17시,토요일,대전광역시 유성구 장대동,경상사고,0,0,4,0,차대차 - 기타,안전운전불이행,건조,맑음,교차로 - 교차로안,승용,여,54세,상해없음,승용,남,25세,경상
2021112000100420,2021년 11월 20일 17시,토요일,대전광역시 유성구 원내동,경상사고,0,0,2,0,차대차 - 기타,안전거리미확보,건조,맑음,단일로 - 기타,화물,남,61세,상해없음,승용,남,66세,경상
2021112000100463,2021년 11월 20일 18시,토요일,대전광역시 유성구 송강동,경상사고,0,0,1,0,차대사람 - 차도통행중,안전운전불이행,건조,맑음,교차로 - 교차로부근,이륜,남,60세,상해없음,보행자,남,67세,경상
2021112000100464,2021년 11월 20일 18시,토요일,대전광역시 유성구 구암동,중상사고,0,1,0,0,차대사람 - 횡단중,보행자보호의무위반,건조,맑음,교차로 - 교차로횡단보도내,승용,남,60세,상해없음,보행자,남,20세,중상
2021112000100498,2021년 11월 20일 19시,토요일,대전광역시 유성구 관평동,경상사고,0,0,2,0,차대차 - 기타,신호위반,건조,맑음,교차로 - 교차로안,승용,남,48세,상해없음,승용,여,42세,경상
2021112000100527,2021년 11월 20일 20시,토요일,대전광역시 중구 문화동,경상사고,0,0,1,0,차대차 - 기타,안전거리미확보,건조,맑음,단일로 - 기타,승용,남,23세,상해없음,승용,남,25세,경상
2021112000100549,2021년 11월 20일 21시,토요일,대전광역시 중구 대흥동,중상사고,0,1,0,0,차대차 - 기타,안전운전불이행,건조,맑음,교차로 - 교차로안,승용,남,24세,상해없음,이륜,남,20세,중상
2021112000100582,2021년 11월 20일 23시,토요일,대전광역시 서구 변동,중상사고,0,1,3,0,차대차 - 기타,안전운전불이행,건조,기타,교차로 - 교차로안,승용,남,34세,상해없음,승용,남,25세,중상
2021112000100583,2021년 11월 20일 23시,토요일,대전광역시 서구 용문동,경상사고,0,0,3,0,차대차 - 기타,안전운전불이행,건조,맑음,기타 - 기타,승용,남,40세,상해없음,승용,남,51세,경상
2021112000100584,2021년 11월 20일 23시,토요일,대전광역시 대덕구 중리동,경상사고,0,0,2,0,차대차 - 기타,안전거리미확보,건조,맑음,교차로 - 교차로안,승용,여,41세,상해없음,승용,남,51세,경상
2021112100100068,2021년 11월 21일 07시,일요일,대전광역시 유성구 장대동,경상사고,0,0,1,0,차대차 - 기타,신호위반,건조,맑음,교차로 - 교차로안,승용,남,23세,상해없음,승용,남,52세,경상
2021112100100108,2021년 11월 21일 10시,일요일,대전광역시 중구 중촌동,경상사고,0,0,1,0,차대차 - 측면충돌,안전거리미확보,건조,맑음,단일로 - 기타,승용,남,55세,상해없음,이륜,남,46세,경상
2021112100100109,2021년 11월 21일 10시,일요일,대전광역시 서구 탄방동,경상사고,0,0,1,0,차대차 - 기타,안전운전불이행,건조,맑음,교차로 - 교차로부근,승용,여,25세,상해없음,승용,남,62세,경상
2021112100100110,2021년 11월 21일 10시,일요일,대전광역시 유성구 구암동,경상사고,0,0,1,0,차대사람 - 횡단중,안전운전불이행,건조,흐림,교차로 - 교차로안,화물,여,58세,상해없음,보행자,여,64세,경상
2021112100100129,2021년 11월 21일 11시,일요일,대전광역시 중구 선화동,중상사고,0,1,0,0,차량단독 - 공작물충돌,안전운전불이행,건조,맑음,단일로 - 기타,이륜,남,43세,중상,,,,
2021112100100130,2021년 11월 21일 11시,일요일,대전광역시 유성구 봉명동,경상사고,0,0,1,0,차대차 - 측면충돌,안전운전불이행,건조,맑음,교차로 - 교차로안,승용,남,73세,상해없음,이륜,남,31세,경상
2021112100100230,2021년 11월 21일 14시,일요일,대전광역시 동구 정동,경상사고,0,0,1,0,차대사람 - 기타,안전운전불이행,건조,맑음,단일로 - 기타,승용,남,59세,상해없음,보행자,남,60세,경상
2021112100100261,2021년 11월 21일 15시,일요일,대전광역시 동구 중동,경상사고,0,0,1,0,차대차 - 추돌,안전거리미확보,건조,맑음,교차로 - 교차로부근,승용,남,63세,상해없음,승용,남,48세,경상
2021112100100262,2021년 11월 21일 15시,일요일,대전광역시 서구 둔산동,경상사고,0,0,1,0,차대사람 - 기타,안전운전불이행,건조,맑음,단일로 - 기타,승용,남,31세,상해없음,보행자,여,23세,경상
2021112100100332,2021년 11월 21일 17시,일요일,대전광역시 중구 은행동,경상사고,0,0,1,0,차대차 - 기타,신호위반,건조,맑음,교차로 - 교차로부근,승용,남,37세,상해없음,승용,남,33세,경상
2021112100100333,2021년 11월 21일 17시,일요일,대전광역시 대덕구 비래동,경상사고,0,0,1,0,차량단독 - 기타,안전운전불이행,건조,맑음,단일로 - 기타,승합,남,50세,상해없음,,,,
2021112100100334,2021년 11월 21일 17시,일요일,대전광역시 서구 월평동,경상사고,0,0,2,0,차대차 - 측면충돌,안전거리미확보,건조,맑음,단일로 - 기타,승용,남,24세,상해없음,승용,남,26세,경상
2021112100100335,2021년 11월 21일 17시,일요일,대전광역시 유성구 용계동,경상사고,0,0,3,0,차대차 - 기타,차로위반,건조,맑음,교차로 - 교차로부근,승용,여,61세,기타불명,승용,남,57세,상해없음
2021112100100409,2021년 11월 21일 19시,일요일,대전광역시 서구 월평동,경상사고,0,0,1,0,차대사람 - 횡단중,신호위반,건조,맑음,교차로 - 교차로횡단보도내,승용,남,67세,기타불명,보행자,남,49세,경상
2021112100100432,2021년 11월 21일 20시,일요일,대전광역시 유성구 장대동,경상사고,0,0,2,0,차대차 - 기타,안전운전불이행,건조,맑음,단일로 - 기타,승용,여,21세,기타불명,승용,남,69세,경상
2021112100100457,2021년 11월 21일 21시,일요일,대전광역시 동구 가양동,경상사고,0,0,1,0,차대차 - 측면충돌,안전운전불이행,건조,맑음,교차로 - 교차로안,승용,여,47세,상해없음,승용,여,48세,경상
2021112100100485,2021년 11월 21일 22시,일요일,대전광역시 서구 괴정동,중상사고,0,1,0,0,차대차 - 기타,안전거리미확보,건조,맑음,단일로 - 기타,승용,남,36세,상해없음,이륜,남,29세,중상
2021112100100506,2021년 11월 21일 23시,일요일,대전광역시 유성구 봉명동,경상사고,0,0,2,0,차대차 - 기타,안전운전불이행,건조,맑음,교차로 - 교차로안,승용,남,63세,상해없음,승용,남,26세,상해없음
2021112200100027,2021년 11월 22일 01시,월요일,대전광역시 서구 둔산동,경상사고,0,0,1,0,차대사람 - 기타,안전운전불이행,건조,맑음,단일로 - 기타,승용,남,27세,상해없음,보행자,남,29세,경상
2021112200100077,2021년 11월 22일 06시,월요일,대전광역시 대덕구 대화동,경상사고,0,0,1,0,차대차 - 기타,안전운전불이행,건조,맑음,단일로 - 기타,승용,남,39세,상해없음,승용,남,28세,경상
2021112200100131,2021년 11월 22일 08시,월요일,대전광역시 동구 중동,경상사고,0,0,1,0,차대차 - 측면충돌,안전거리미확보,건조,맑음,교차로 - 교차로부근,화물,남,72세,상해없음,승합,남,56세,경상
2021112200100156,2021년 11월 22일 09시,월요일,대전광역시 대덕구 석봉동,중상사고,0,1,0,0,차대사람 - 횡단중,보행자보호의무위반,건조,맑음,교차로 - 교차로안,승용,남,63세,상해없음,보행자,여,49세,중상
2021112200100226,2021년 11월 22일 11시,월요일,대전광역시 대덕구 법동,중상사고,0,1,0,0,차대사람 - 횡단중,보행자보호의무위반,건조,맑음,교차로 - 교차로안,승용,남,53세,상해없음,보행자,여,73세,중상
2021112200100227,2021년 11월 22일 11시,월요일,대전광역시 서구 갈마동,경상사고,0,0,1,0,차대차 - 측면충돌,안전운전불이행,건조,맑음,교차로 - 교차로안,승용,여,53세,상해없음,이륜,남,38세,경상
2021112200100303,2021년 11월 22일 13시,월요일,대전광역시 중구 안영동,경상사고,0,0,2,0,차대차 - 기타,안전거리미확보,건조,맑음,단일로 - 기타,건설기계,남,61세,상해없음,승용,남,64세,상해없음
2021112200100304,2021년 11월 22일 13시,월요일,대전광역시 중구 문화동,경상사고,0,0,2,0,차대차 - 추돌,안전운전불이행,건조,맑음,기타 - 기타,화물,남,58세,상해없음,승용,남,72세,경상
2021112200100305,2021년 11월 22일 13시,월요일,대전광역시 서구 탄방동,중상사고,0,1,0,0,차대차 - 기타,신호위반,건조,맑음,교차로 - 교차로부근,이륜,여,38세,중상,승용,여,46세,상해없음
2021112200100306,2021년 11월 22일 13시,월요일,대전광역시 서구 갈마동,경상사고,0,0,4,0,차대차 - 기타,안전운전불이행,건조,맑음,단일로 - 기타,승용,남,48세,경상,승용,여,38세,경상
2021112200100307,2021년 11월 22일 13시,월요일,대전광역시 유성구 신동,경상사고,0,0,1,1,차대차 - 측면충돌,안전운전불이행,건조,맑음,교차로 - 교차로횡단보도내,화물,남,44세,부상신고,화물,남,35세,경상
2021112200100345,2021년 11월 22일 14시,월요일,대전광역시 중구 선화동,경상사고,0,0,1,0,차대차 - 기타,안전운전불이행,건조,맑음,교차로 - 교차로안,승용,남,65세,상해없음,승용,남,37세,경상
2021112200100346,2021년 11월 22일 14시,월요일,대전광역시 서구 내동,경상사고,0,0,1,0,차대차 - 기타,안전운전불이행,건조,맑음,단일로 - 기타,승용,여,57세,상해없음,승용,여,41세,경상
2021112200100347,2021년 11월 22일 14시,월요일,대전광역시 서구 탄방동,경상사고,0,0,1,0,차대차 - 기타,안전운전불이행,건조,맑음,교차로 - 교차로부근,승용,남,22세,기타불명,승용,여,45세,경상
2021112200100372,2021년 11월 22일 15시,월요일,대전광역시 동구 대동,경상사고,0,0,2,0,차대차 - 측면충돌,신호위반,건조,맑음,교차로 - 교차로안,사륜오토바이(ATV),여,75세,경상,승용,남,27세,경상
2021112200100373,2021년 11월 22일 15시,월요일,대전광역시 서구 용문동,중상사고,0,1,0,0,차대차 - 기타,안전운전불이행,젖음/습기,비,단일로 - 기타,화물,남,43세,상해없음,이륜,남,48세,중상
2021112200100374,2021년 11월 22일 15시,월요일,대전광역시 대덕구 오정동,경상사고,0,0,1,0,차대차 - 측면충돌,안전운전불이행,건조,맑음,단일로 - 기타,승용,남,32세,상해없음,이륜,남,65세,경상
2021112200100375,2021년 11월 22일 15시,월요일,대전광역시 서구 둔산동,경상사고,0,0,1,0,차대차 - 기타,안전운전불이행,건조,맑음,교차로 - 교차로안,승용,여,60세,상해없음,승용,여,59세,경상
2021112200100411,2021년 11월 22일 16시,월요일,대전광역시 동구 신상동,경상사고,0,0,2,0,차대차 - 측면충돌,중앙선침범,건조,맑음,단일로 - 기타,승용,여,59세,상해없음,승용,여,50세,경상
2021112200100449,2021년 11월 22일 17시,월요일,대전광역시 동구 정동,중상사고,0,1,0,0,차대사람 - 기타,신호위반,젖음/습기,비,단일로 - 기타,승용,남,73세,상해없음,보행자,남,64세,중상
2021112200100450,2021년 11월 22일 17시,월요일,대전광역시 대덕구 오정동,경상사고,0,0,1,0,차대차 - 추돌,안전운전불이행,건조,흐림,단일로 - 기타,화물,남,54세,기타불명,승용,여,23세,경상
2021112200100452,2021년 11월 22일 17시,월요일,대전광역시 유성구 화암동,경상사고,0,0,1,0,차대차 - 기타,안전거리미확보,건조,맑음,교차로 - 교차로안,승용,여,37세,상해없음,승용,여,45세,경상
2021112200100512,2021년 11월 22일 18시,월요일,대전광역시 중구 오류동,경상사고,0,0,1,0,차대사람 - 보도통행중,안전운전불이행,건조,맑음,기타 - 기타,승용,여,48세,상해없음,보행자,남,30세,경상