사고번호,사고일시,요일,시군구,사고내용,사망자수,중상자수,경상자수,부상신고자수,사고유형,법규위반,노면상태,기상상태,도로형태,가해운전자 차종,가해운전자 성별,가해운전자 연령,가해운전자 상해정도,피해운전자 차종,피해운전자 성별,피해운전자 연령,피해운전자 상해정도
2021112200100513,2021년 11월 22일 18시,월요일,대전광역시 유성구 봉명동,경상사고,0,0,2,0,차대차 - 기타,안전거리미확보,건조,맑음,교차로 - 교차로부근,승용,남,22세,상해없음,승용,남,54세,경상
2021112200100545,2021년 11월 22일 19시,월요일,대전광역시 동구 자양동,경상사고,0,0,1,0,차대차 - 추돌,안전거리미확보,건조,맑음,교차로 - 교차로부근,이륜,남,40세,상해없음,승합,여,56세,경상
2021112200100546,2021년 11월 22일 19시,월요일,대전광역시 대덕구 송촌동,경상사고,0,0,4,0,차대차 - 측면충돌,안전운전불이행,건조,맑음,기타 - 기타,승용,남,48세,기타불명,승용,남,32세,경상
2021112200100565,2021년 11월 22일 20시,월요일,대전광역시 중구 유천동,경상사고,0,0,1,0,차대차 - 기타,안전운전불이행,건조,흐림,단일로 - 기타,승용,남,68세,상해없음,승용,남,41세,상해없음
2021112200100578,2021년 11월 22일 21시,월요일,대전광역시 동구 소제동,경상사고,0,0,1,0,차대차 - 측면충돌,신호위반,건조,맑음,교차로 - 교차로안,승용,여,27세,상해없음,승용,남,67세,경상
2021112200100579,2021년 11월 22일 21시,월요일,대전광역시 유성구 송강동,중상사고,0,1,0,0,차대차 - 측면충돌,신호위반,건조,맑음,교차로 - 교차로횡단보도내,승용,남,32세,상해없음,자전거,남,40세,중상
2021112200100606,2021년 11월 22일 22시,월요일,대전광역시 유성구 갑동,경상사고,0,0,1,0,차대차 - 추돌,안전운전불이행,건조,맑음,교차로 - 교차로부근,승용,남,55세,상해없음,승용,남,62세,경상
2021112300100012,2021년 11월 23일 00시,화요일,대전광역시 유성구 반석동,경상사고,0,0,1,0,차대차 - 측면충돌,신호위반,건조,맑음,교차로 - 교차로안,승용,남,30세,상해없음,승용,남,48세,경상
2021112300100022,2021년 11월 23일 01시,화요일,대전광역시 서구 가장동,경상사고,0,0,1,0,차대차 - 추돌,안전운전불이행,건조,맑음,단일로 - 기타,승용,남,40세,상해없음,승용,남,67세,경상
2021112300100029,2021년 11월 23일 02시,화요일,대전광역시 유성구 용산동,경상사고,0,0,1,0,차대차 - 기타,신호위반,젖음/습기,비,교차로 - 교차로안,승용,남,25세,기타불명,승용,남,40세,경상
2021112300100038,2021년 11월 23일 05시,화요일,대전광역시 서구 월평동,경상사고,0,0,1,0,차대차 - 기타,신호위반,건조,맑음,교차로 - 교차로안,승용,남,30세,상해없음,승용,남,51세,경상
2021112300100051,2021년 11월 23일 06시,화요일,대전광역시 유성구 가정동,경상사고,0,0,1,0,차대차 - 측면충돌,안전운전불이행,건조,맑음,교차로 - 교차로횡단보도내,승용,남,73세,상해없음,자전거,남,28세,경상
2021112300100073,2021년 11월 23일 07시,화요일,대전광역시 대덕구 오정동,중상사고,0,2,4,0,차대차 - 기타,안전운전불이행,건조,맑음,단일로 - 기타,화물,남,43세,상해없음,승합,남,53세,상해없음
2021112300100074,2021년 11월 23일 07시,화요일,대전광역시 서구 탄방동,경상사고,0,0,2,0,차대차 - 정면충돌,안전운전불이행,건조,맑음,단일로 - 기타,승용,남,29세,경상,승용,남,26세,경상
2021112300100238,2021년 11월 23일 12시,화요일,대전광역시 중구 대흥동,경상사고,0,0,1,0,차대차 - 후진중충돌,안전운전불이행,건조,맑음,단일로 - 기타,승용,남,71세,상해없음,승용,남,40세,경상
2021112300100239,2021년 11월 23일 12시,화요일,대전광역시 중구 선화동,경상사고,0,0,1,0,차대차 - 기타,안전운전불이행,건조,맑음,기타 - 기타,승용,남,56세,상해없음,승용,남,50세,경상
2021112300100268,2021년 11월 23일 13시,화요일,대전광역시 중구 중촌동,경상사고,0,0,1,0,차대차 - 기타,안전운전불이행,건조,맑음,교차로 - 교차로안,승용,여,53세,기타불명,승용,남,29세,경상
2021112300100300,2021년 11월 23일 14시,화요일,대전광역시 동구 구도동,중상사고,0,1,0,0,차량단독 - 도로외이탈 - 기타,안전운전불이행,건조,맑음,단일로 - 기타,승용,남,52세,중상,,,,
2021112300100301,2021년 11월 23일 14시,화요일,대전광역시 대덕구 석봉동,중상사고,0,1,0,0,차대차 - 측면충돌,신호위반,건조,맑음,교차로 - 교차로부근,화물,남,55세,상해없음,승용,여,37세,중상
2021112300100324,2021년 11월 23일 15시,화요일,대전광역시 중구 석교동,중상사고,0,1,1,0,차대차 - 기타,신호위반,건조,맑음,교차로 - 교차로안,승용,남,56세,경상,원동기,남,40세,중상
2021112300100413,2021년 11월 23일 17시,화요일,대전광역시 유성구 구암동,경상사고,0,0,2,0,차대차 - 기타,안전운전불이행,건조,맑음,단일로 - 기타,승용,남,62세,상해없음,승용,여,29세,경상
2021112300100473,2021년 11월 23일 18시,화요일,대전광역시 동구 용운동,중상사고,0,2,0,0,차대사람 - 횡단중,보행자보호의무위반,건조,맑음,단일로 - 기타,승용,남,44세,상해없음,보행자,남,78세,중상
2021112300100474,2021년 11월 23일 18시,화요일,대전광역시 서구 월평동,경상사고,0,0,1,0,차대차 - 기타,안전거리미확보,건조,맑음,단일로 - 기타,승용,여,52세,상해없음,이륜,남,33세,경상
2021112300100539,2021년 11월 23일 20시,화요일,대전광역시 동구 낭월동,중상사고,0,1,0,0,차대차 - 측면충돌,중앙선침범,건조,맑음,교차로 - 교차로안,승용,남,49세,상해없음,원동기,남,54세,중상
2021112300100556,2021년 11월 23일 21시,화요일,대전광역시 서구 월평동,경상사고,0,0,1,0,차대차 - 기타,안전운전불이행,건조,맑음,교차로 - 교차로안,승용,남,31세,상해없음,이륜,남,20세,경상
2021112300100581,2021년 11월 23일 22시,화요일,대전광역시 서구 월평동,경상사고,0,0,1,0,차대차 - 기타,안전운전불이행,건조,맑음,단일로 - 기타,이륜,남,28세,상해없음,화물,남,53세,상해없음
2021112300100600,2021년 11월 23일 23시,화요일,대전광역시 서구 둔산동,경상사고,0,0,1,0,차대차 - 정면충돌,신호위반,건조,맑음,교차로 - 교차로안,승용,남,24세,상해없음,승용,남,44세,경상
2021112400100131,2021년 11월 24일 09시,수요일,대전광역시 대덕구 평촌동,경상사고,0,0,2,0,차대차 - 측면충돌,안전운전불이행,건조,맑음,단일로 - 기타,건설기계,남,71세,상해없음,승용,남,64세,경상
2021112400100159,2021년 11월 24일 10시,수요일,대전광역시 서구 용문동,경상사고,0,0,1,0,차대사람 - 차도통행중,안전운전불이행,건조,맑음,기타 - 기타,승용,남,63세,상해없음,보행자,여,59세,경상
2021112400100223,2021년 11월 24일 12시,수요일,대전광역시 서구 도마동,중상사고,0,1,0,0,차대사람 - 횡단중,안전운전불이행,건조,맑음,단일로 - 기타,이륜,남,41세,상해없음,보행자,여,9세,중상
2021112400100224,2021년 11월 24일 12시,수요일,대전광역시 서구 갈마동,경상사고,0,0,1,0,차대사람 - 길가장자리구역통행중,안전운전불이행,건조,맑음,단일로 - 기타,승용,여,56세,상해없음,보행자,여,61세,경상
2021112400100225,2021년 11월 24일 12시,수요일,대전광역시 유성구 원내동,중상사고,0,1,0,0,차대차 - 측면충돌,신호위반,건조,맑음,교차로 - 교차로안,승용,남,84세,상해없음,승용,남,39세,중상
2021112400100226,2021년 11월 24일 12시,수요일,대전광역시 유성구 봉명동,경상사고,0,0,1,0,차대차 - 측면충돌,안전운전불이행,건조,맑음,교차로 - 교차로부근,승용,여,64세,상해없음,승용,남,43세,경상
2021112400100257,2021년 11월 24일 13시,수요일,대전광역시 서구 갈마동,경상사고,0,0,1,0,차대차 - 기타,안전운전불이행,건조,맑음,교차로 - 교차로안,화물,남,37세,상해없음,이륜,여,27세,경상
2021112400100277,2021년 11월 24일 14시,수요일,대전광역시 동구 삼성동,경상사고,0,0,3,0,차대차 - 기타,안전거리미확보,건조,맑음,단일로 - 기타,승용,남,64세,경상,승용,남,32세,경상
2021112400100278,2021년 11월 24일 14시,수요일,대전광역시 대덕구 오정동,경상사고,0,0,1,0,차대차 - 측면충돌,신호위반,건조,맑음,교차로 - 교차로안,승용,남,49세,상해없음,이륜,남,23세,경상
2021112400100304,2021년 11월 24일 15시,수요일,대전광역시 중구 문화동,경상사고,0,0,1,0,차대차 - 측면충돌,안전운전불이행,건조,맑음,교차로 - 교차로안,화물,남,55세,경상,승용,여,23세,상해없음
2021112400100305,2021년 11월 24일 15시,수요일,대전광역시 중구 석교동,중상사고,0,1,0,0,차대차 - 측면충돌,교차로운행방법위반,건조,맑음,교차로 - 교차로안,이륜,남,57세,중상,화물,남,63세,상해없음
2021112400100384,2021년 11월 24일 17시,수요일,대전광역시 동구 홍도동,중상사고,0,1,0,0,차대사람 - 기타,안전운전불이행,건조,맑음,교차로 - 교차로안,승합,남,44세,기타불명,보행자,남,82세,중상
2021112400100499,2021년 11월 24일 19시,수요일,대전광역시 중구 문화동,경상사고,0,0,2,0,차대차 - 기타,직진우회전진행방해,건조,맑음,교차로 - 교차로안,승용,여,54세,경상,화물,남,45세,경상
2021112400100500,2021년 11월 24일 19시,수요일,대전광역시 유성구 구암동,경상사고,0,0,1,0,차대차 - 기타,안전거리미확보,건조,맑음,단일로 - 기타,승용,남,27세,기타불명,승용,남,48세,경상
2021112400100524,2021년 11월 24일 20시,수요일,대전광역시 유성구 장대동,경상사고,0,0,1,0,차대차 - 기타,안전운전불이행,건조,맑음,단일로 - 기타,화물,남,66세,상해없음,이륜,남,51세,경상
2021112400100559,2021년 11월 24일 22시,수요일,대전광역시 동구 자양동,중상사고,0,1,0,0,차대차 - 기타,신호위반,건조,맑음,교차로 - 교차로횡단보도내,이륜,남,57세,상해없음,개인형이동수단(PM),여,19세,중상
2021112400100560,2021년 11월 24일 22시,수요일,대전광역시 대덕구 오정동,중상사고,0,1,0,0,차량단독 - 기타,안전운전불이행,건조,맑음,단일로 - 기타,승합,남,42세,상해없음,,,,
2021112400100578,2021년 11월 24일 23시,수요일,대전광역시 서구 둔산동,경상사고,0,0,1,0,차대차 - 추돌,안전운전불이행,건조,맑음,교차로 - 교차로부근,승용,여,29세,상해없음,승용,여,26세,경상
2021112500100020,2021년 11월 25일 01시,목요일,대전광역시 중구 대흥동,경상사고,0,0,5,0,차대차 - 기타,안전거리미확보,건조,맑음,단일로 - 기타,승용,남,65세,상해없음,승용,남,22세,경상
2021112500100087,2021년 11월 25일 07시,목요일,대전광역시 서구 둔산동,경상사고,0,0,1,0,차대차 - 기타,신호위반,건조,맑음,교차로 - 교차로안,기타불명,기타불명,미분류,기타불명,승합,남,62세,상해없음
2021112500100128,2021년 11월 25일 08시,목요일,대전광역시 유성구 화암동,경상사고,0,0,5,0,차대차 - 측면충돌,기타,건조,맑음,교차로 - 교차로안,승용,남,28세,경상,승용,여,27세,경상
2021112500100168,2021년 11월 25일 09시,목요일,대전광역시 중구 산성동,경상사고,0,0,1,0,차대차 - 기타,안전운전불이행,건조,맑음,기타 - 기타,화물,남,62세,기타불명,자전거,남,85세,경상
2021112500100198,2021년 11월 25일 10시,목요일,대전광역시 동구 홍도동,경상사고,0,0,1,0,차대차 - 측면충돌,안전운전불이행,건조,맑음,교차로 - 교차로안,승용,여,63세,상해없음,승용,여,52세,경상
2021112500100200,2021년 11월 25일 10시,목요일,대전광역시 유성구 도룡동,경상사고,0,0,4,0,차대차 - 측면충돌,신호위반,건조,맑음,교차로 - 교차로안,승용,남,61세,상해없음,승용,남,39세,경상
2021112500100269,2021년 11월 25일 12시,목요일,대전광역시 유성구 신성동,경상사고,0,0,1,0,차대차 - 정면충돌,안전운전불이행,건조,맑음,교차로 - 교차로안,승용,남,26세,기타불명,이륜,남,36세,경상
2021112500100298,2021년 11월 25일 13시,목요일,대전광역시 동구 자양동,경상사고,0,0,1,0,차대사람 - 길가장자리구역통행중,안전운전불이행,건조,맑음,단일로 - 기타,승용,남,24세,상해없음,보행자,남,31세,경상
2021112500100299,2021년 11월 25일 13시,목요일,대전광역시 서구 만년동,경상사고,0,0,1,0,차대차 - 기타,안전운전불이행,건조,맑음,단일로 - 기타,승용,여,32세,상해없음,승합,남,60세,경상
2021112500100387,2021년 11월 25일 15시,목요일,대전광역시 유성구 반석동,경상사고,0,0,2,0,차대차 - 측면충돌,안전운전불이행,건조,맑음,교차로 - 교차로안,승합,남,53세,상해없음,승용,여,50세,경상
2021112500100434,2021년 11월 25일 16시,목요일,대전광역시 대덕구 장동,중상사고,0,1,0,0,차대차 - 추돌,안전운전불이행,건조,맑음,단일로 - 기타,승용,남,25세,상해없음,승용,여,59세,상해없음
2021112500100435,2021년 11월 25일 16시,목요일,대전광역시 유성구 봉명동,경상사고,0,0,4,0,차대차 - 기타,신호위반,건조,맑음,교차로 - 교차로안,이륜,남,39세,상해없음,승합,남,58세,경상
2021112500100485,2021년 11월 25일 17시,목요일,대전광역시 동구 용운동,경상사고,0,0,1,0,차대사람 - 횡단중,신호위반,건조,맑음,교차로 - 교차로횡단보도내,승용,남,66세,상해없음,보행자,남,7세,경상
2021112500100486,2021년 11월 25일 17시,목요일,대전광역시 유성구 지족동,경상사고,0,0,1,0,차대사람 - 횡단중,안전운전불이행,건조,맑음,단일로 - 기타,화물,남,59세,상해없음,보행자,남,9세,경상
2021112500100487,2021년 11월 25일 17시,목요일,대전광역시 유성구 원내동,경상사고,0,0,1,0,차대차 - 측면충돌,교차로운행방법위반,건조,맑음,교차로 - 교차로안,승용,남,51세,상해없음,승용,남,60세,경상
2021112500100542,2021년 11월 25일 18시,목요일,대전광역시 동구 삼괴동,중상사고,0,1,0,0,차대차 - 측면충돌,안전운전불이행,건조,맑음,단일로 - 기타,화물,남,44세,상해없음,승용,남,41세,중상
2021112500100543,2021년 11월 25일 18시,목요일,대전광역시 서구 둔산동,경상사고,0,0,1,0,차대차 - 기타,안전운전불이행,건조,맑음,단일로 - 기타,승용,남,53세,상해없음,승용,남,58세,경상
2021112500100544,2021년 11월 25일 18시,목요일,대전광역시 유성구 반석동,경상사고,0,0,1,0,차대사람 - 횡단중,안전운전불이행,건조,맑음,단일로 - 터널,승용,남,44세,상해없음,보행자,남,14세,경상
2021112500100545,2021년 11월 25일 18시,목요일,대전광역시 유성구 대정동,경상사고,0,0,1,0,차대차 - 측면충돌,안전운전불이행,건조,맑음,교차로 - 교차로안,특수,남,50세,상해없음,승용,여,46세,경상
2021112500100586,2021년 11월 25일 19시,목요일,대전광역시 중구 용두동,중상사고,0,1,0,0,차대사람 - 기타,교차로운행방법위반,건조,맑음,교차로 - 교차로안,화물,남,46세,상해없음,보행자,여,74세,중상
2021112500100587,2021년 11월 25일 19시,목요일,대전광역시 서구 탄방동,경상사고,0,0,3,0,차대차 - 기타,안전운전불이행,건조,맑음,교차로 - 교차로안,화물,남,60세,경상,승용,남,33세,경상
2021112500100612,2021년 11월 25일 20시,목요일,대전광역시 유성구 원촌동,경상사고,0,0,1,0,차대차 - 기타,안전운전불이행,건조,맑음,교차로 - 교차로부근,화물,남,68세,상해없음,승용,여,60세,경상
2021112500100635,2021년 11월 25일 21시,목요일,대전광역시 서구 괴정동,경상사고,0,0,1,0,차대차 - 기타,안전운전불이행,건조,맑음,교차로 - 교차로횡단보도내,승용,남,64세,상해없음,이륜,남,18세,경상
2021112600100026,2021년 11월 26일 01시,금요일,대전광역시 유성구 궁동,경상사고,0,0,1,0,차대차 - 추돌,안전운전불이행,건조,맑음,단일로 - 기타,승용,남,28세,상해없음,승용,남,62세,경상
2021112600100034,2021년 11월 26일 02시,금요일,대전광역시 유성구 봉명동,경상사고,0,0,2,0,차대차 - 기타,안전거리미확보,건조,맑음,교차로 - 교차로안,승용,여,56세,경상,승용,여,41세,상해없음
2021112600100043,2021년 11월 26일 04시,금요일,대전광역시 서구 둔산동,경상사고,0,0,1,0,차대사람 - 기타,기타,건조,맑음,단일로 - 기타,승용,남,51세,상해없음,보행자,남,36세,경상
2021112600100051,2021년 11월 26일 05시,금요일,대전광역시 서구 만년동,경상사고,0,0,1,0,차대사람 - 기타,안전운전불이행,건조,맑음,단일로 - 기타,승용,남,66세,기타불명,보행자,남,28세,경상
2021112600100085,2021년 11월 26일 07시,금요일,대전광역시 유성구 화암동,경상사고,0,0,1,0,차대차 - 기타,기타,건조,맑음,단일로 - 기타,건설기계,남,62세,상해없음,승용,여,56세,경상
2021112600100101,2021년 11월 26일 07시,금요일,대전광역시 서구 도안동,중상사고,0,1,0,0,차대차 - 기타,안전운전불이행,건조,맑음,기타 - 기타,승용,여,48세,기타불명,승합,남,44세,중상
2021112600100149,2021년 11월 26일 08시,금요일,대전광역시 서구 둔산동,경상사고,0,0,2,0,차대차 - 측면충돌,안전운전불이행,건조,맑음,단일로 - 기타,승용,여,69세,경상,승용,남,62세,경상
2021112600100150,2021년 11월 26일 08시,금요일,대전광역시 유성구 죽동,경상사고,0,0,1,0,차대차 - 추돌,안전거리미확보,건조,맑음,단일로 - 기타,승용,여,52세,기타불명,승합,남,70세,경상
2021112600100190,2021년 11월 26일 09시,금요일,대전광역시 서구 괴정동,경상사고,0,0,1,0,차대사람 - 기타,안전운전불이행,건조,맑음,단일로 - 기타,승용,여,53세,상해없음,보행자,여,58세,경상
2021112600100191,2021년 11월 26일 09시,금요일,대전광역시 유성구 도룡동,중상사고,0,1,1,0,차대차 - 기타,신호위반,건조,맑음,교차로 - 교차로부근,승용,여,64세,중상,승용,여,31세,경상
2021112600100221,2021년 11월 26일 10시,금요일,대전광역시 서구 괴정동,경상사고,0,0,1,0,차대차 - 기타,신호위반,건조,맑음,교차로 - 교차로부근,승용,여,39세,상해없음,승용,여,69세,경상
2021112600100247,2021년 11월 26일 11시,금요일,대전광역시 서구 월평동,경상사고,0,0,2,0,차대차 - 기타,안전운전불이행,건조,맑음,단일로 - 기타,승용,남,69세,상해없음,승용,남,46세,경상
2021112600100365,2021년 11월 26일 14시,금요일,대전광역시 중구 오류동,경상사고,0,0,3,0,차대차 - 측면충돌,직진우회전진행방해,건조,맑음,교차로 - 교차로안,승용,여,58세,경상,승용,여,72세,경상
2021112600100408,2021년 11월 26일 15시,금요일,대전광역시 서구 탄방동,경상사고,0,0,1,0,차대차 - 기타,안전운전불이행,건조,맑음,단일로 - 기타,승용,여,43세,상해없음,승용,남,28세,경상
2021112600100527,2021년 11월 26일 17시,금요일,대전광역시 대덕구 법동,경상사고,0,0,1,0,차대사람 - 횡단중,보행자보호의무위반,건조,맑음,교차로 - 교차로횡단보도내,승용,남,43세,상해없음,보행자,남,7세,경상
2021112600100592,2021년 11월 26일 18시,금요일,대전광역시 서구 가수원동,경상사고,0,0,1,0,차대차 - 추돌,안전거리미확보,건조,맑음,교차로 - 교차로안,승용,여,35세,상해없음,승용,여,40세,경상
2021112600100593,2021년 11월 26일 18시,금요일,대전광역시 유성구 관평동,경상사고,0,0,1,0,차대차 - 기타,안전운전불이행,건조,맑음,교차로 - 교차로부근,승용,남,26세,상해없음,승용,남,24세,경상
2021112600100646,2021년 11월 26일 19시,금요일,대전광역시 대덕구 중리동,경상사고,0,0,1,0,차대차 - 측면충돌,안전운전불이행,건조,맑음,단일로 - 기타,화물,여,48세,상해없음,승용,여,43세,경상
2021112600100707,2021년 11월 26일 21시,금요일,대전광역시 서구 용문동,경상사고,0,0,2,0,차대차 - 후진중충돌,안전운전불이행,건조,맑음,교차로 - 교차로부근,승용,남,64세,상해없음,승용,여,23세,경상
2021112600100726,2021년 11월 26일 22시,금요일,대전광역시 서구 둔산동,경상사고,0,0,2,0,차대차 - 후진중충돌,안전운전불이행,건조,맑음,교차로 - 교차로부근,승용,여,47세,상해없음,승용,여,60세,경상
2021112600100727,2021년 11월 26일 22시,금요일,대전광역시 서구 둔산동,경상사고,0,0,1,0,차대차 - 측면충돌,안전운전불이행,건조,맑음,단일로 - 기타,승용,남,25세,상해없음,승용,남,28세,경상
2021112600100728,2021년 11월 26일 22시,금요일,대전광역시 유성구 장대동,경상사고,0,0,1,0,차대차 - 측면충돌,차로위반,건조,맑음,단일로 - 기타,승용,남,62세,상해없음,승용,남,46세,경상
2021112700100066,2021년 11월 27일 06시,토요일,대전광역시 대덕구 비래동,중상사고,0,1,0,0,차대사람 - 보도통행중,보행자보호의무위반,건조,맑음,교차로 - 교차로횡단보도내,승용,남,72세,상해없음,보행자,남,74세,중상
2021112700100150,2021년 11월 27일 10시,토요일,대전광역시 유성구 장대동,경상사고,0,0,2,0,차대차 - 측면충돌,교차로운행방법위반,건조,맑음,교차로 - 교차로안,승용,여,41세,상해없음,승용,남,31세,경상
2021112700100190,2021년 11월 27일 11시,토요일,대전광역시 동구 용전동,경상사고,0,0,1,0,차대차 - 측면충돌,안전운전불이행,건조,맑음,교차로 - 교차로부근,이륜,남,40세,경상,승용,남,33세,상해없음
2021112700100191,2021년 11월 27일 11시,토요일,대전광역시 대덕구 신대동,경상사고,0,0,4,0,차대차 - 측면충돌,안전거리미확보,건조,맑음,단일로 - 고가도로위,승용,남,67세,상해없음,승용,남,41세,경상
2021112700100231,2021년 11월 27일 12시,토요일,대전광역시 동구 홍도동,중상사고,0,1,0,0,차대사람 - 차도통행중,안전운전불이행,건조,맑음,교차로 - 교차로안,승용,남,52세,상해없음,보행자,남,87세,중상
2021112700100270,2021년 11월 27일 13시,토요일,대전광역시 중구 부사동,경상사고,0,0,3,0,차대차 - 측면충돌,기타,건조,맑음,교차로 - 교차로안,승용,남,25세,경상,이륜,남,48세,경상
2021112700100271,2021년 11월 27일 13시,토요일,대전광역시 동구 원동,경상사고,0,0,4,0,차대차 - 측면충돌,교차로운행방법위반,건조,맑음,교차로 - 교차로안,승합,남,55세,상해없음,승용,남,42세,경상
2021112700100272,2021년 11월 27일 13시,토요일,대전광역시 서구 변동,중상사고,0,1,0,0,차대사람 - 기타,보행자보호의무위반,건조,맑음,교차로 - 교차로횡단보도내,승용,여,33세,상해없음,보행자,남,77세,중상
2021112700100359,2021년 11월 27일 15시,토요일,대전광역시 중구 선화동,중상사고,0,1,0,0,차대사람 - 기타,안전운전불이행,건조,맑음,단일로 - 기타,개인형이동수단(PM),남,21세,상해없음,보행자,여,70세,중상
2021112700100360,2021년 11월 27일 15시,토요일,대전광역시 중구 대흥동,경상사고,0,0,1,0,차대차 - 측면충돌,안전운전불이행,건조,맑음,교차로 - 교차로부근,승용,남,57세,상해없음,승용,남,26세,경상
2021112700100361,2021년 11월 27일 15시,토요일,대전광역시 동구 가양동,경상사고,0,0,2,0,차대차 - 기타,신호위반,건조,맑음,교차로 - 교차로부근,승용,여,48세,상해없음,승합,남,42세,경상
2021112700100362,2021년 11월 27일 15시,토요일,대전광역시 서구 탄방동,중상사고,0,2,0,0,차대차 - 측면충돌,교차로운행방법위반,건조,맑음,교차로 - 교차로안,승용,여,42세,상해없음,승용,여,50세,중상
2021112700100396,2021년 11월 27일 16시,토요일,대전광역시 유성구 구암동,경상사고,0,0,2,0,차대차 - 측면충돌,안전운전불이행,건조,맑음,교차로 - 교차로부근,승용,여,58세,상해없음,승용,남,25세,경상
2021112700100397,2021년 11월 27일 16시,토요일,대전광역시 유성구 지족동,경상사고,0,0,1,0,차대차 - 기타,안전운전불이행,건조,맑음,단일로 - 기타,승용,남,75세,상해없음,승용,여,34세,경상
2021112700100440,2021년 11월 27일 17시,토요일,대전광역시 중구 오류동,경상사고,0,0,1,0,차대차 - 추돌,안전운전불이행,건조,맑음,단일로 - 기타,승용,남,56세,상해없음,승용,남,51세,상해없음
2021112700100441,2021년 11월 27일 17시,토요일,대전광역시 동구 대동,경상사고,0,0,3,0,차대차 - 측면충돌,안전거리미확보,건조,맑음,단일로 - 기타,승용,여,31세,경상,승용,남,70세,경상
2021112700100492,2021년 11월 27일 18시,토요일,대전광역시 서구 도마동,중상사고,0,1,2,0,차대차 - 기타,교차로운행방법위반,건조,맑음,교차로 - 교차로안,승용,남,60세,상해없음,승용,여,62세,경상
2021112700100493,2021년 11월 27일 18시,토요일,대전광역시 서구 둔산동,경상사고,0,0,1,0,차대사람 - 기타,안전운전불이행,건조,맑음,단일로 - 기타,승용,남,41세,기타불명,보행자,여,25세,경상
2021112700100494,2021년 11월 27일 18시,토요일,대전광역시 유성구 장대동,경상사고,0,0,1,0,차대차 - 측면충돌,안전거리미확보,건조,맑음,단일로 - 기타,승용,여,53세,상해없음,승용,남,24세,경상
2021112700100495,2021년 11월 27일 18시,토요일,대전광역시 유성구 노은동,경상사고,0,0,5,0,차대차 - 기타,안전운전불이행,건조,맑음,기타 - 기타,승용,남,29세,경상,승용,남,34세,경상
2021112700100554,2021년 11월 27일 20시,토요일,대전광역시 서구 내동,중상사고,0,1,0,0,차대사람 - 횡단중,신호위반,건조,맑음,교차로 - 교차로안,이륜,남,28세,상해없음,보행자,여,38세,중상
2021112700100571,2021년 11월 27일 21시,토요일,대전광역시 서구 가수원동,경상사고,0,0,2,0,차대차 - 추돌,안전운전불이행,건조,맑음,단일로 - 기타,이륜,남,61세,경상,승용,여,50세,경상
2021112700100584,2021년 11월 27일 22시,토요일,대전광역시 중구 용두동,경상사고,0,0,1,0,차대차 - 기타,신호위반,건조,맑음,교차로 - 교차로안,이륜,남,22세,상해없음,화물,남,55세,경상
2021112800100072,2021년 11월 28일 07시,일요일,대전광역시 유성구 봉명동,경상사고,0,0,1,0,차대차 - 기타,신호위반,건조,맑음,교차로 - 교차로안,승용,남,34세,기타불명,이륜,남,31세,경상
2021112800100083,2021년 11월 28일 08시,일요일,대전광역시 서구 도마동,경상사고,0,0,1,0,차대차 - 측면충돌,신호위반,건조,맑음,교차로 - 교차로부근,승용,남,83세,기타불명,승용,여,61세,경상
2021112800100097,2021년 11월 28일 09시,일요일,대전광역시 중구 오류동,경상사고,0,0,1,0,차대차 - 측면충돌,안전거리미확보,건조,맑음,단일로 - 기타,이륜,여,76세,상해없음,승용,여,38세,경상
2021112800100098,2021년 11월 28일 09시,일요일,대전광역시 대덕구 신일동,경상사고,0,0,1,0,차대차 - 추돌,안전거리미확보,건조,맑음,교차로 - 교차로부근,건설기계,남,59세,상해없음,승용,여,60세,경상
2021112800100129,2021년 11월 28일 10시,일요일,대전광역시 대덕구 중리동,경상사고,0,0,2,0,차대차 - 기타,안전거리미확보,건조,맑음,기타 - 기타,승용,남,30세,기타불명,승용,남,66세,경상
2021112800100154,2021년 11월 28일 11시,일요일,대전광역시 중구 문화동,경상사고,0,0,1,0,차대차 - 정면충돌,중앙선침범,건조,맑음,단일로 - 기타,개인형이동수단(PM),남,27세,상해없음,이륜,남,43세,경상
2021112800100182,2021년 11월 28일 12시,일요일,대전광역시 대덕구 석봉동,경상사고,0,0,2,0,차대차 - 정면충돌,중앙선침범,건조,맑음,교차로 - 교차로안,이륜,남,38세,경상,승용,남,45세,경상
2021112800100213,2021년 11월 28일 13시,일요일,대전광역시 중구 대사동,경상사고,0,0,1,0,차대차 - 기타,안전거리미확보,건조,맑음,단일로 - 기타,승용,여,33세,상해없음,승용,남,36세,경상
2021112800100214,2021년 11월 28일 13시,일요일,대전광역시 유성구 방동,경상사고,0,0,2,0,차대차 - 측면충돌,안전운전불이행,건조,맑음,교차로 - 교차로안,화물,남,70세,상해없음,승용,여,44세,경상
2021112800100373,2021년 11월 28일 18시,일요일,대전광역시 서구 괴정동,경상사고,0,0,1,0,차대차 - 기타,안전운전불이행,건조,맑음,교차로 - 교차로안,이륜,남,22세,상해없음,승용,여,64세,경상