사고번호,사고일시,요일,시군구,사고내용,사망자수,중상자수,경상자수,부상신고자수,사고유형,법규위반,노면상태,기상상태,도로형태,가해운전자 차종,가해운전자 성별,가해운전자 연령,가해운전자 상해정도,피해운전자 차종,피해운전자 성별,피해운전자 연령,피해운전자 상해정도
2021112800100402,2021년 11월 28일 19시,일요일,대전광역시 중구 태평동,경상사고,0,0,1,0,차대차 - 추돌,안전운전불이행,건조,맑음,단일로 - 교량,승용,남,74세,상해없음,기타불명,기타불명,미분류,기타불명
2021112800100452,2021년 11월 28일 21시,일요일,대전광역시 중구 유천동,경상사고,0,0,2,0,차대차 - 측면충돌,신호위반,건조,맑음,교차로 - 교차로부근,이륜,남,41세,경상,승용,남,26세,경상
2021112800100453,2021년 11월 28일 21시,일요일,대전광역시 중구 오류동,경상사고,0,0,3,0,차대차 - 측면충돌,교차로운행방법위반,건조,맑음,교차로 - 교차로안,승용,남,77세,상해없음,승합,남,41세,경상
2021112800100454,2021년 11월 28일 21시,일요일,대전광역시 유성구 원내동,경상사고,0,0,1,0,차대차 - 추돌,안전운전불이행,건조,맑음,교차로 - 교차로부근,승용,남,23세,상해없음,승용,남,31세,경상
2021112800100473,2021년 11월 28일 22시,일요일,대전광역시 서구 둔산동,경상사고,0,0,1,0,차대차 - 후진중충돌,안전운전불이행,건조,맑음,교차로 - 교차로부근,승용,여,47세,상해없음,승용,남,28세,경상
2021112900100054,2021년 11월 29일 06시,월요일,대전광역시 대덕구 석봉동,중상사고,0,1,0,0,차대사람 - 보도통행중,보행자보호의무위반,건조,맑음,기타 - 기타,화물,남,66세,상해없음,보행자,여,67세,중상
2021112900100088,2021년 11월 29일 07시,월요일,대전광역시 중구 은행동,중상사고,0,2,0,0,차대차 - 측면충돌,기타,건조,맑음,교차로 - 교차로안,승용,남,56세,상해없음,승용,여,34세,중상
2021112900100089,2021년 11월 29일 07시,월요일,대전광역시 유성구 화암동,경상사고,0,0,2,0,차대차 - 추돌,안전운전불이행,건조,흐림,단일로 - 기타,승용,남,47세,상해없음,승용,여,40세,상해없음
2021112900100137,2021년 11월 29일 08시,월요일,대전광역시 중구 중촌동,경상사고,0,0,2,0,차대차 - 기타,신호위반,건조,맑음,단일로 - 기타,승용,여,23세,상해없음,승용,여,37세,경상
2021112900100138,2021년 11월 29일 08시,월요일,대전광역시 동구 인동,경상사고,0,0,1,0,차대차 - 정면충돌,안전운전불이행,건조,맑음,교차로 - 교차로횡단보도내,자전거,남,80세,경상,승용,남,45세,상해없음
2021112900100140,2021년 11월 29일 08시,월요일,대전광역시 대덕구 읍내동,중상사고,0,1,0,0,차대차 - 측면충돌,안전운전불이행,건조,맑음,단일로 - 기타,승용,여,55세,상해없음,승용,남,30세,중상
2021112900100225,2021년 11월 29일 11시,월요일,대전광역시 동구 가양동,경상사고,0,0,1,0,차대차 - 기타,안전운전불이행,건조,맑음,교차로 - 교차로안,승용,여,56세,상해없음,화물,남,43세,경상
2021112900100255,2021년 11월 29일 12시,월요일,대전광역시 유성구 봉명동,경상사고,0,0,3,0,차대차 - 측면충돌,안전거리미확보,건조,맑음,기타 - 기타,승용,여,37세,경상,승용,여,60세,경상
2021112900100415,2021년 11월 29일 16시,월요일,대전광역시 중구 대흥동,경상사고,0,0,2,0,차대사람 - 기타,안전운전불이행,건조,맑음,단일로 - 기타,승용,여,60세,상해없음,보행자,여,64세,경상
2021112900100416,2021년 11월 29일 16시,월요일,대전광역시 유성구 덕명동,경상사고,0,0,1,0,차대차 - 측면충돌,안전거리미확보,건조,맑음,단일로 - 기타,승용,남,72세,상해없음,승용,남,69세,경상
2021112900100467,2021년 11월 29일 17시,월요일,대전광역시 대덕구 석봉동,중상사고,0,2,0,0,차대사람 - 횡단중,보행자보호의무위반,건조,맑음,교차로 - 교차로안,승용,남,70세,상해없음,보행자,남,66세,중상
2021112900100468,2021년 11월 29일 17시,월요일,대전광역시 서구 월평동,경상사고,0,0,1,0,차대차 - 측면충돌,직진우회전진행방해,건조,맑음,교차로 - 교차로안,승용,남,31세,상해없음,승용,여,43세,경상
2021112900100469,2021년 11월 29일 17시,월요일,대전광역시 유성구 교촌동,경상사고,0,0,1,0,차대사람 - 횡단중,보행자보호의무위반,건조,맑음,교차로 - 교차로횡단보도내,승용,여,62세,상해없음,보행자,여,13세,경상
2021112900100518,2021년 11월 29일 18시,월요일,대전광역시 중구 문창동,경상사고,0,0,1,0,차대사람 - 기타,안전운전불이행,건조,맑음,단일로 - 기타,승용,남,62세,상해없음,보행자,여,65세,경상
2021112900100519,2021년 11월 29일 18시,월요일,대전광역시 중구 사정동,경상사고,0,0,1,0,차대차 - 측면충돌,중앙선침범,건조,맑음,단일로 - 기타,승용,남,61세,상해없음,승용,남,37세,경상
2021112900100520,2021년 11월 29일 18시,월요일,대전광역시 동구 삼괴동,중상사고,0,1,0,0,차대사람 - 기타,안전운전불이행,건조,맑음,단일로 - 기타,승용,남,41세,상해없음,보행자,남,76세,중상
2021112900100584,2021년 11월 29일 20시,월요일,대전광역시 서구 만년동,경상사고,0,0,1,0,차대차 - 측면충돌,신호위반,건조,맑음,교차로 - 교차로안,승용,여,47세,상해없음,이륜,남,20세,경상
2021112900100596,2021년 11월 29일 21시,월요일,대전광역시 대덕구 덕암동,경상사고,0,0,1,0,차대차 - 기타,안전거리미확보,건조,맑음,단일로 - 기타,승용,여,38세,상해없음,화물,남,39세,경상
2021113000100024,2021년 11월 30일 04시,화요일,대전광역시 대덕구 송촌동,경상사고,0,0,1,0,차량단독 - 공작물충돌,안전운전불이행,기타,흐림,단일로 - 기타,승용,남,60세,상해없음,,,,
2021113000100068,2021년 11월 30일 06시,화요일,대전광역시 중구 선화동,경상사고,0,0,1,0,차대차 - 측면충돌,신호위반,젖음/습기,비,교차로 - 교차로안,화물,남,60세,상해없음,승용,여,46세,경상
2021113000100069,2021년 11월 30일 06시,화요일,대전광역시 유성구 봉명동,사망사고,1,0,0,0,차대사람 - 횡단중,안전운전불이행,젖음/습기,비,교차로 - 교차로횡단보도내,승합,남,61세,상해없음,보행자,남,71세,사망
2021113000100158,2021년 11월 30일 08시,화요일,대전광역시 동구 홍도동,경상사고,0,0,2,0,차대차 - 추돌,안전운전불이행,건조,맑음,단일로 - 지하차도(도로)내,승용,남,22세,상해없음,승용,남,67세,경상
2021113000100159,2021년 11월 30일 08시,화요일,대전광역시 유성구 가정동,경상사고,0,0,1,0,차대차 - 기타,안전거리미확보,젖음/습기,비,단일로 - 기타,승용,여,60세,기타불명,승용,남,28세,경상
2021113000100318,2021년 11월 30일 13시,화요일,대전광역시 서구 갈마동,경상사고,0,0,1,0,차대차 - 측면충돌,안전운전불이행,젖음/습기,흐림,단일로 - 기타,화물,남,51세,상해없음,이륜,남,38세,경상
2021113000100319,2021년 11월 30일 13시,화요일,대전광역시 유성구 관평동,중상사고,0,1,1,0,차대차 - 측면충돌,교차로운행방법위반,젖음/습기,비,교차로 - 교차로안,승용,남,47세,경상,승용,여,40세,중상
2021113000100380,2021년 11월 30일 15시,화요일,대전광역시 유성구 관평동,경상사고,0,0,8,0,차대차 - 추돌,중앙선침범,젖음/습기,비,교차로 - 교차로부근,승용,남,28세,상해없음,승용,남,29세,경상
2021113000100381,2021년 11월 30일 15시,화요일,대전광역시 유성구 원내동,경상사고,0,0,1,0,차대차 - 기타,안전운전불이행,건조,맑음,교차로 - 교차로안,승용,남,75세,상해없음,자전거,남,85세,경상
2021113000100417,2021년 11월 30일 16시,화요일,대전광역시 동구 용운동,경상사고,0,0,1,0,차대사람 - 횡단중,보행자보호의무위반,젖음/습기,비,교차로 - 교차로횡단보도내,승용,여,19세,상해없음,보행자,여,19세,경상
2021113000100418,2021년 11월 30일 16시,화요일,대전광역시 대덕구 상서동,중상사고,0,1,0,0,차대차 - 측면충돌,안전운전불이행,건조,맑음,교차로 - 교차로안,화물,남,65세,상해없음,이륜,남,30세,중상
2021113000100475,2021년 11월 30일 17시,화요일,대전광역시 유성구 교촌동,중상사고,0,1,0,0,차대차 - 측면충돌,신호위반,젖음/습기,비,교차로 - 교차로부근,승용,남,22세,상해없음,이륜,남,46세,중상
2021113000100527,2021년 11월 30일 18시,화요일,대전광역시 중구 선화동,부상신고사고,0,0,0,1,차대사람 - 기타,안전운전불이행,건조,맑음,단일로 - 기타,기타불명,기타불명,미분류,기타불명,보행자,여,27세,부상신고
2021113000100528,2021년 11월 30일 18시,화요일,대전광역시 동구 용운동,경상사고,0,0,1,0,차대차 - 기타,교차로운행방법위반,젖음/습기,비,교차로 - 교차로안,승용,남,46세,상해없음,승용,남,44세,경상
2021113000100529,2021년 11월 30일 18시,화요일,대전광역시 서구 도마동,경상사고,0,0,2,0,차대차 - 기타,중앙선침범,젖음/습기,맑음,단일로 - 기타,승용,남,24세,상해없음,승용,남,38세,경상
2021113000100530,2021년 11월 30일 18시,화요일,대전광역시 서구 월평동,경상사고,0,0,1,0,차대차 - 측면충돌,안전거리미확보,젖음/습기,비,교차로 - 교차로부근,승용,여,36세,상해없음,승용,여,44세,경상
2021113000100531,2021년 11월 30일 18시,화요일,대전광역시 유성구 노은동,경상사고,0,0,2,0,차대차 - 기타,안전운전불이행,건조,맑음,교차로 - 교차로부근,승용,남,44세,경상,승용,여,31세,경상
2021113000100567,2021년 11월 30일 19시,화요일,대전광역시 유성구 장대동,경상사고,0,0,1,0,차대차 - 측면충돌,교차로운행방법위반,젖음/습기,비,교차로 - 교차로안,승용,남,44세,상해없음,이륜,남,31세,경상
2021113000100568,2021년 11월 30일 19시,화요일,대전광역시 유성구 봉명동,경상사고,0,0,1,0,차대차 - 기타,안전거리미확보,건조,맑음,기타 - 기타,승용,남,41세,상해없음,이륜,남,35세,경상
2021113000100603,2021년 11월 30일 20시,화요일,대전광역시 중구 사정동,경상사고,0,0,1,0,차대차 - 측면충돌,신호위반,건조,맑음,교차로 - 교차로안,승용,여,52세,상해없음,승용,남,58세,경상
2021113000100604,2021년 11월 30일 20시,화요일,대전광역시 유성구 지족동,경상사고,0,0,1,0,차대차 - 기타,안전운전불이행,젖음/습기,비,단일로 - 기타,승용,남,27세,상해없음,이륜,남,27세,경상
2021113000100660,2021년 11월 30일 23시,화요일,대전광역시 동구 자양동,경상사고,0,0,1,0,차대차 - 기타,안전거리미확보,젖음/습기,흐림,교차로 - 교차로안,승용,여,43세,상해없음,승용,남,68세,경상
2021120100100122,2021년 12월 1일 08시,수요일,대전광역시 서구 갈마동,중상사고,0,1,0,0,차대차 - 기타,안전거리미확보,건조,맑음,단일로 - 기타,승용,남,63세,상해없음,이륜,남,43세,중상
2021120100100163,2021년 12월 1일 09시,수요일,대전광역시 유성구 궁동,경상사고,0,0,1,0,차대차 - 기타,신호위반,건조,맑음,단일로 - 지하차도(도로)내,기타불명,기타불명,미분류,기타불명,승용,여,44세,경상
2021120100100197,2021년 12월 1일 10시,수요일,대전광역시 서구 괴정동,경상사고,0,0,1,0,차대차 - 기타,직진우회전진행방해,건조,맑음,교차로 - 교차로안,승용,남,58세,상해없음,이륜,남,35세,경상
2021120100100255,2021년 12월 1일 12시,수요일,대전광역시 유성구 관평동,경상사고,0,0,1,0,차대차 - 기타,안전거리미확보,건조,맑음,단일로 - 기타,승용,남,42세,기타불명,이륜,남,23세,경상
2021120100100256,2021년 12월 1일 12시,수요일,대전광역시 유성구 관평동,경상사고,0,0,1,0,차대차 - 측면충돌,안전거리미확보,건조,맑음,교차로 - 교차로부근,승용,여,51세,상해없음,승용,남,37세,경상
2021120100100275,2021년 12월 1일 13시,수요일,대전광역시 대덕구 신탄진동,경상사고,0,0,2,0,차대차 - 추돌,안전운전불이행,건조,맑음,단일로 - 기타,승용,남,62세,상해없음,승용,여,58세,경상
2021120100100276,2021년 12월 1일 13시,수요일,대전광역시 유성구 덕명동,중상사고,0,1,0,0,차대차 - 기타,안전운전불이행,건조,맑음,단일로 - 기타,승용,여,59세,상해없음,승합,남,28세,상해없음
2021120100100319,2021년 12월 1일 14시,수요일,대전광역시 중구 중촌동,경상사고,0,0,1,0,차대차 - 기타,안전거리미확보,건조,맑음,단일로 - 기타,승합,남,61세,상해없음,화물,남,49세,경상
2021120100100320,2021년 12월 1일 14시,수요일,대전광역시 동구 홍도동,경상사고,0,0,2,0,차대차 - 기타,안전운전불이행,건조,맑음,단일로 - 기타,승용,여,51세,경상,화물,남,53세,경상
2021120100100349,2021년 12월 1일 15시,수요일,대전광역시 중구 은행동,경상사고,0,0,1,0,차대사람 - 기타,안전운전불이행,건조,맑음,단일로 - 기타,승용,남,54세,상해없음,보행자,여,16세,경상
2021120100100350,2021년 12월 1일 15시,수요일,대전광역시 서구 탄방동,경상사고,0,0,1,0,차대차 - 기타,안전운전불이행,건조,맑음,단일로 - 기타,화물,남,30세,상해없음,승용,여,48세,경상
2021120100100431,2021년 12월 1일 17시,수요일,대전광역시 대덕구 중리동,경상사고,0,0,1,0,차대차 - 측면충돌,기타,건조,맑음,단일로 - 기타,승용,남,71세,상해없음,승용,남,62세,경상
2021120100100432,2021년 12월 1일 17시,수요일,대전광역시 서구 둔산동,경상사고,0,0,1,0,차대차 - 추돌,안전운전불이행,건조,맑음,단일로 - 기타,승용,남,22세,상해없음,승합,남,61세,경상
2021120100100501,2021년 12월 1일 18시,수요일,대전광역시 서구 가수원동,경상사고,0,0,1,0,차대차 - 기타,안전운전불이행,건조,맑음,교차로 - 교차로안,승용,여,48세,상해없음,승용,여,38세,경상
2021120100100544,2021년 12월 1일 19시,수요일,대전광역시 서구 만년동,경상사고,0,0,6,6,차대차 - 추돌,안전운전불이행,건조,맑음,단일로 - 기타,승용,남,49세,상해없음,승합,남,62세,경상
2021120100100573,2021년 12월 1일 20시,수요일,대전광역시 동구 가양동,부상신고사고,0,0,0,1,차대차 - 기타,안전거리미확보,건조,맑음,단일로 - 기타,이륜,남,25세,부상신고,승용,여,55세,상해없음
2021120100100574,2021년 12월 1일 20시,수요일,대전광역시 서구 괴정동,경상사고,0,0,1,0,차대차 - 기타,중앙선침범,건조,맑음,단일로 - 기타,승용,남,44세,상해없음,이륜,남,34세,경상
2021120200100013,2021년 12월 2일 00시,목요일,대전광역시 유성구 봉명동,경상사고,0,0,1,0,차대차 - 기타,안전거리미확보,건조,맑음,단일로 - 기타,승용,남,70세,상해없음,승용,남,59세,상해없음
2021120200100060,2021년 12월 2일 06시,목요일,대전광역시 중구 오류동,부상신고사고,0,0,0,1,차대사람 - 횡단중,보행자보호의무위반,건조,맑음,교차로 - 교차로횡단보도내,승용,남,74세,상해없음,보행자,여,45세,부상신고
2021120200100084,2021년 12월 2일 07시,목요일,대전광역시 유성구 방동,경상사고,0,0,1,0,차대차 - 추돌,안전운전불이행,건조,맑음,단일로 - 기타,승용,남,55세,상해없음,승용,남,29세,경상
2021120200100128,2021년 12월 2일 08시,목요일,대전광역시 서구 내동,경상사고,0,0,1,0,차대차 - 측면충돌,안전운전불이행,건조,맑음,교차로 - 교차로부근,승용,남,23세,상해없음,승용,남,48세,경상
2021120200100129,2021년 12월 2일 08시,목요일,대전광역시 대덕구 신대동,경상사고,0,0,2,0,차대차 - 기타,안전운전불이행,건조,맑음,단일로 - 기타,승용,남,39세,상해없음,승용,남,31세,경상
2021120200100130,2021년 12월 2일 08시,목요일,대전광역시 대덕구 중리동,경상사고,0,0,1,0,차대사람 - 기타,안전운전불이행,건조,맑음,단일로 - 기타,승용,여,41세,기타불명,보행자,남,16세,경상
2021120200100131,2021년 12월 2일 08시,목요일,대전광역시 유성구 탑립동,경상사고,0,0,2,0,차대차 - 추돌,안전운전불이행,건조,맑음,교차로 - 교차로부근,승합,남,48세,상해없음,승용,남,33세,경상
2021120200100225,2021년 12월 2일 11시,목요일,대전광역시 중구 중촌동,경상사고,0,0,1,0,차대차 - 기타,안전거리미확보,건조,맑음,교차로 - 교차로부근,승용,여,61세,상해없음,승용,여,61세,경상
2021120200100259,2021년 12월 2일 12시,목요일,대전광역시 서구 내동,중상사고,0,1,0,0,차대차 - 측면충돌,안전거리미확보,건조,맑음,단일로 - 기타,승용,남,73세,기타불명,이륜,남,41세,중상
2021120200100290,2021년 12월 2일 13시,목요일,대전광역시 동구 신상동,경상사고,0,0,1,0,차대차 - 기타,신호위반,건조,맑음,교차로 - 교차로안,화물,남,44세,상해없음,승용,남,43세,경상
2021120200100291,2021년 12월 2일 13시,목요일,대전광역시 동구 대동,중상사고,0,1,1,0,차대차 - 기타,신호위반,건조,맑음,교차로 - 교차로안,이륜,남,36세,경상,이륜,남,58세,중상
2021120200100292,2021년 12월 2일 13시,목요일,대전광역시 유성구 죽동,경상사고,0,0,1,0,차대사람 - 기타,안전운전불이행,건조,맑음,단일로 - 기타,승용,여,24세,상해없음,보행자,여,33세,경상
2021120200100325,2021년 12월 2일 14시,목요일,대전광역시 동구 대별동,경상사고,0,0,1,0,차대차 - 측면충돌,교차로운행방법위반,건조,맑음,교차로 - 교차로안,승용,남,74세,상해없음,승용,여,61세,경상
2021120200100356,2021년 12월 2일 15시,목요일,대전광역시 대덕구 읍내동,중상사고,0,1,0,0,차대차 - 기타,안전운전불이행,건조,맑음,단일로 - 기타,승용,여,56세,상해없음,승합,남,39세,상해없음
2021120200100357,2021년 12월 2일 15시,목요일,대전광역시 서구 월평동,경상사고,0,0,1,0,차대차 - 추돌,안전운전불이행,건조,맑음,교차로 - 교차로부근,승용,남,44세,상해없음,승용,남,27세,경상
2021120200100440,2021년 12월 2일 17시,목요일,대전광역시 동구 용전동,경상사고,0,0,1,0,차대차 - 추돌,안전운전불이행,건조,맑음,단일로 - 기타,승용,여,55세,상해없음,승용,여,39세,경상
2021120200100441,2021년 12월 2일 17시,목요일,대전광역시 대덕구 신대동,경상사고,0,0,1,0,차대차 - 측면충돌,안전운전불이행,건조,맑음,교차로 - 교차로안,승용,남,38세,상해없음,승용,남,43세,경상
2021120200100442,2021년 12월 2일 17시,목요일,대전광역시 유성구 상대동,중상사고,0,1,0,0,차대차 - 기타,신호위반,건조,맑음,교차로 - 교차로안,승용,남,65세,상해없음,이륜,남,19세,중상
2021120200100507,2021년 12월 2일 18시,목요일,대전광역시 서구 월평동,경상사고,0,0,1,0,차대사람 - 기타,안전운전불이행,건조,맑음,기타 - 기타,자전거,여,24세,기타불명,보행자,여,27세,경상
2021120200100533,2021년 12월 2일 19시,목요일,대전광역시 대덕구 법동,중상사고,0,1,0,0,차대차 - 기타,신호위반,건조,맑음,교차로 - 교차로안,승용,남,65세,상해없음,이륜,남,40세,중상
2021120200100618,2021년 12월 2일 22시,목요일,대전광역시 유성구 원내동,경상사고,0,0,1,0,차대사람 - 보도통행중,신호위반,건조,맑음,교차로 - 교차로횡단보도내,기타불명,기타불명,미분류,기타불명,보행자,여,20세,경상
2021120200100637,2021년 12월 2일 23시,목요일,대전광역시 서구 둔산동,경상사고,0,0,1,0,차대차 - 기타,신호위반,건조,맑음,교차로 - 교차로안,승용,남,25세,기타불명,승용,남,74세,상해없음
2021120300100024,2021년 12월 3일 01시,금요일,대전광역시 유성구 봉명동,경상사고,0,0,1,0,차대차 - 기타,안전운전불이행,젖음/습기,비,기타 - 기타,승용,여,61세,상해없음,승용,여,38세,경상
2021120300100077,2021년 12월 3일 06시,금요일,대전광역시 서구 가장동,중상사고,0,1,0,0,차대사람 - 기타,안전운전불이행,젖음/습기,비,기타 - 기타,화물,남,54세,상해없음,보행자,남,70세,중상
2021120300100178,2021년 12월 3일 08시,금요일,대전광역시 대덕구 상서동,경상사고,0,0,1,0,차대차 - 기타,안전운전불이행,젖음/습기,흐림,단일로 - 기타,승용,남,21세,상해없음,승용,남,44세,경상
2021120300100179,2021년 12월 3일 08시,금요일,대전광역시 대덕구 비래동,중상사고,0,1,0,0,차대차 - 기타,안전운전불이행,젖음/습기,맑음,교차로 - 교차로부근,승용,남,57세,상해없음,승용,남,68세,중상
2021120300100212,2021년 12월 3일 09시,금요일,대전광역시 유성구 죽동,경상사고,0,0,2,0,차대차 - 추돌,안전거리미확보,젖음/습기,맑음,단일로 - 기타,승용,남,40세,경상,승용,남,34세,경상
2021120300100249,2021년 12월 3일 10시,금요일,대전광역시 서구 둔산동,경상사고,0,0,1,1,차대차 - 측면충돌,안전운전불이행,건조,맑음,교차로 - 교차로안,승용,남,47세,부상신고,이륜,남,39세,경상
2021120300100250,2021년 12월 3일 10시,금요일,대전광역시 유성구 대정동,경상사고,0,0,1,1,차대차 - 기타,안전운전불이행,건조,맑음,단일로 - 기타,승용,여,60세,상해없음,승용,여,37세,경상
2021120300100315,2021년 12월 3일 12시,금요일,대전광역시 대덕구 덕암동,중상사고,0,1,0,0,차대사람 - 기타,안전운전불이행,건조,맑음,교차로 - 교차로안,특수,남,61세,상해없음,보행자,남,58세,상해없음
2021120300100316,2021년 12월 3일 12시,금요일,대전광역시 서구 갈마동,경상사고,0,0,1,0,차대차 - 추돌,안전운전불이행,건조,맑음,단일로 - 기타,승용,남,33세,상해없음,승용,여,62세,경상
2021120300100400,2021년 12월 3일 14시,금요일,대전광역시 서구 복수동,중상사고,0,1,0,0,차대차 - 측면충돌,교차로운행방법위반,건조,맑음,교차로 - 교차로안,승용,남,50세,상해없음,승용,여,44세,중상
2021120300100401,2021년 12월 3일 14시,금요일,대전광역시 유성구 노은동,경상사고,0,0,2,0,차대차 - 측면충돌,기타,건조,맑음,교차로 - 교차로안,이륜,남,37세,상해없음,승용,여,35세,경상
2021120300100434,2021년 12월 3일 15시,금요일,대전광역시 유성구 상대동,경상사고,0,0,1,0,차대차 - 기타,안전운전불이행,건조,맑음,교차로 - 교차로횡단보도내,승합,남,64세,상해없음,자전거,남,12세,경상
2021120300100475,2021년 12월 3일 16시,금요일,대전광역시 서구 갈마동,중상사고,0,1,0,0,차대차 - 기타,안전운전불이행,건조,맑음,교차로 - 교차로안,승용,남,31세,상해없음,이륜,남,64세,중상
2021120300100476,2021년 12월 3일 16시,금요일,대전광역시 유성구 신봉동,중상사고,0,1,2,1,차대차 - 기타,안전거리미확보,건조,맑음,단일로 - 기타,승용,남,25세,경상,승용,여,50세,중상
2021120300100533,2021년 12월 3일 17시,금요일,대전광역시 유성구 구암동,경상사고,0,0,1,0,차대차 - 측면충돌,안전운전불이행,건조,맑음,교차로 - 교차로안,승용,여,59세,상해없음,승용,남,44세,경상
2021120300100589,2021년 12월 3일 18시,금요일,대전광역시 중구 문화동,경상사고,0,0,1,0,차량단독 - 기타,안전운전불이행,건조,맑음,교차로 - 교차로안,승합,남,41세,기타불명,,,,
2021120300100590,2021년 12월 3일 18시,금요일,대전광역시 동구 용전동,경상사고,0,0,1,0,차대차 - 측면충돌,신호위반,건조,맑음,단일로 - 기타,승용,여,69세,상해없음,승합,남,59세,경상
2021120300100591,2021년 12월 3일 18시,금요일,대전광역시 서구 둔산동,경상사고,0,0,1,0,차대차 - 기타,안전운전불이행,건조,맑음,교차로 - 교차로안,승용,여,51세,기타불명,승용,여,29세,경상
2021120300100635,2021년 12월 3일 19시,금요일,대전광역시 중구 대사동,중상사고,0,1,0,0,차대차 - 기타,안전거리미확보,건조,맑음,단일로 - 기타,승용,남,43세,상해없음,이륜,남,59세,중상
2021120300100636,2021년 12월 3일 19시,금요일,대전광역시 유성구 노은동,경상사고,0,0,1,0,차대차 - 측면충돌,안전거리미확보,건조,맑음,단일로 - 기타,승용,남,63세,상해없음,승용,여,49세,경상
2021120300100697,2021년 12월 3일 21시,금요일,대전광역시 서구 탄방동,경상사고,0,0,1,0,차대차 - 기타,안전운전불이행,건조,맑음,교차로 - 교차로부근,승용,남,66세,상해없음,승용,남,45세,경상
2021120300100720,2021년 12월 3일 22시,금요일,대전광역시 서구 가수원동,경상사고,0,0,3,0,차대차 - 기타,신호위반,건조,맑음,교차로 - 교차로부근,승용,남,42세,상해없음,승합,남,50세,경상
2021120400100018,2021년 12월 4일 00시,토요일,대전광역시 유성구 원촌동,경상사고,0,0,1,0,차대차 - 정면충돌,중앙선침범,건조,맑음,단일로 - 기타,승용,남,45세,상해없음,승용,여,35세,경상
2021120400100019,2021년 12월 4일 00시,토요일,대전광역시 유성구 신성동,경상사고,0,0,1,0,차대차 - 기타,안전운전불이행,건조,맑음,단일로 - 기타,승용,남,29세,상해없음,승용,남,63세,경상
2021120400100032,2021년 12월 4일 01시,토요일,대전광역시 대덕구 신일동,경상사고,0,0,1,0,차대차 - 기타,안전운전불이행,건조,맑음,단일로 - 기타,승용,남,30세,경상,화물,남,26세,상해없음
2021120400100042,2021년 12월 4일 02시,토요일,대전광역시 유성구 원내동,경상사고,0,0,2,0,차대차 - 추돌,신호위반,건조,맑음,교차로 - 교차로안,화물,남,41세,상해없음,화물,남,53세,상해없음
2021120400100081,2021년 12월 4일 07시,토요일,대전광역시 중구 은행동,경상사고,0,0,1,0,차량단독 - 기타,안전거리미확보,건조,맑음,단일로 - 기타,승합,남,57세,상해없음,,,,
2021120400100082,2021년 12월 4일 07시,토요일,대전광역시 서구 만년동,경상사고,0,0,1,0,차량단독 - 공작물충돌,안전운전불이행,건조,맑음,교차로 - 교차로부근,승용,남,44세,상해없음,,,,
2021120400100113,2021년 12월 4일 09시,토요일,대전광역시 서구 둔산동,경상사고,0,0,1,0,차대차 - 기타,안전거리미확보,건조,맑음,단일로 - 기타,승용,남,50세,상해없음,승용,남,30세,경상
2021120400100139,2021년 12월 4일 10시,토요일,대전광역시 유성구 장대동,중상사고,0,1,0,0,차대사람 - 기타,중앙선침범,건조,맑음,단일로 - 기타,승용,여,63세,상해없음,보행자,남,77세,중상
2021120400100173,2021년 12월 4일 11시,토요일,대전광역시 대덕구 읍내동,경상사고,0,0,1,0,차대차 - 추돌,안전운전불이행,건조,맑음,단일로 - 기타,승용,여,58세,상해없음,승용,남,64세,경상
2021120400100252,2021년 12월 4일 13시,토요일,대전광역시 서구 둔산동,경상사고,0,0,2,0,차대차 - 측면충돌,신호위반,건조,맑음,교차로 - 교차로안,승용,여,45세,상해없음,승용,여,43세,경상
2021120400100317,2021년 12월 4일 15시,토요일,대전광역시 동구 삼성동,경상사고,0,0,2,0,차대차 - 추돌,안전거리미확보,건조,맑음,단일로 - 기타,화물,남,50세,상해없음,승용,남,60세,경상
2021120400100429,2021년 12월 4일 18시,토요일,대전광역시 동구 자양동,경상사고,0,0,1,0,차대사람 - 횡단중,신호위반,건조,맑음,교차로 - 교차로안,승용,남,58세,상해없음,보행자,남,47세,경상
2021120400100484,2021년 12월 4일 20시,토요일,대전광역시 동구 삼성동,경상사고,0,0,2,0,차대차 - 측면충돌,신호위반,건조,맑음,교차로 - 교차로안,승용,남,64세,상해없음,승합,남,53세,경상
2021120400100485,2021년 12월 4일 20시,토요일,대전광역시 서구 탄방동,경상사고,0,0,1,0,차대차 - 기타,신호위반,건조,맑음,교차로 - 교차로안,이륜,남,26세,상해없음,이륜,남,24세,경상
2021120400100486,2021년 12월 4일 20시,토요일,대전광역시 유성구 죽동,중상사고,0,1,1,0,차대사람 - 횡단중,신호위반,건조,맑음,교차로 - 교차로횡단보도내,이륜,남,23세,상해없음,보행자,남,52세,중상
2021120400100487,2021년 12월 4일 20시,토요일,대전광역시 유성구 봉명동,경상사고,0,0,3,0,차대차 - 기타,안전운전불이행,건조,맑음,주차장 - 주차장,승용,남,30세,상해없음,승용,남,27세,경상