사고번호,사고일시,요일,시군구,사고내용,사망자수,중상자수,경상자수,부상신고자수,사고유형,법규위반,노면상태,기상상태,도로형태,가해운전자 차종,가해운전자 성별,가해운전자 연령,가해운전자 상해정도,피해운전자 차종,피해운전자 성별,피해운전자 연령,피해운전자 상해정도
2021122400100386,2021년 12월 24일 17시,금요일,대전광역시 동구 대성동,경상사고,0,0,1,0,차대차 - 기타,신호위반,건조,맑음,단일로 - 기타,이륜,남,33세,경상,승용,남,61세,상해없음
2021122400100387,2021년 12월 24일 17시,금요일,대전광역시 유성구 봉명동,경상사고,0,0,1,0,차대차 - 측면충돌,안전거리미확보,건조,맑음,단일로 - 기타,화물,남,34세,상해없음,승용,남,45세,경상
2021122400100388,2021년 12월 24일 17시,금요일,대전광역시 유성구 관평동,경상사고,0,0,1,0,차대사람 - 횡단중,보행자보호의무위반,건조,맑음,교차로 - 교차로횡단보도내,승용,남,55세,상해없음,보행자,남,15세,경상
2021122400100443,2021년 12월 24일 18시,금요일,대전광역시 중구 문화동,중상사고,0,1,1,0,차대사람 - 기타,안전운전불이행,건조,맑음,교차로 - 교차로부근,승용,남,45세,상해없음,보행자,여,58세,중상
2021122400100444,2021년 12월 24일 18시,금요일,대전광역시 동구 가양동,경상사고,0,0,1,0,차대사람 - 횡단중,보행자보호의무위반,건조,맑음,교차로 - 교차로안,승용,여,37세,상해없음,보행자,여,66세,경상
2021122400100445,2021년 12월 24일 18시,금요일,대전광역시 동구 성남동,경상사고,0,0,1,0,차대차 - 기타,신호위반,건조,맑음,교차로 - 교차로안,승용,남,46세,상해없음,승용,여,45세,경상
2021122400100446,2021년 12월 24일 18시,금요일,대전광역시 서구 도마동,경상사고,0,0,1,0,차대사람 - 기타,안전운전불이행,건조,맑음,기타 - 기타,승용,여,54세,상해없음,보행자,남,60세,경상
2021122400100447,2021년 12월 24일 18시,금요일,대전광역시 대덕구 오정동,경상사고,0,0,1,0,차대차 - 기타,직진우회전진행방해,건조,맑음,교차로 - 교차로안,승용,남,52세,상해없음,승용,여,45세,경상
2021122400100448,2021년 12월 24일 18시,금요일,대전광역시 유성구 궁동,경상사고,0,0,1,0,차대차 - 기타,교차로운행방법위반,건조,맑음,교차로 - 교차로안,이륜,남,21세,상해없음,승용,남,19세,경상
2021122400100508,2021년 12월 24일 19시,금요일,대전광역시 중구 은행동,경상사고,0,0,1,0,차대차 - 기타,안전운전불이행,건조,맑음,교차로 - 교차로안,승용,남,18세,상해없음,승용,남,65세,경상
2021122400100509,2021년 12월 24일 19시,금요일,대전광역시 동구 가양동,경상사고,0,0,1,0,차대사람 - 기타,안전운전불이행,건조,맑음,교차로 - 교차로안,승용,남,43세,상해없음,보행자,여,64세,경상
2021122400100556,2021년 12월 24일 20시,금요일,대전광역시 서구 괴정동,부상신고사고,0,0,0,2,차대차 - 측면충돌,기타,건조,맑음,교차로 - 교차로안,이륜,남,32세,상해없음,승용,남,59세,부상신고
2021122400100597,2021년 12월 24일 21시,금요일,대전광역시 중구 용두동,경상사고,0,0,1,0,차대차 - 기타,안전운전불이행,건조,맑음,교차로 - 교차로안,이륜,남,19세,기타불명,승용,남,21세,경상
2021122400100628,2021년 12월 24일 22시,금요일,대전광역시 서구 도마동,중상사고,0,3,2,0,차대차 - 추돌,중앙선침범,건조,맑음,단일로 - 기타,승용,남,54세,상해없음,승용,여,56세,중상
2021122500100053,2021년 12월 25일 08시,토요일,대전광역시 서구 도마동,경상사고,0,0,1,0,차대차 - 기타,신호위반,건조,맑음,교차로 - 교차로부근,화물,남,56세,상해없음,승용,여,53세,경상
2021122500100069,2021년 12월 25일 09시,토요일,대전광역시 유성구 봉명동,경상사고,0,0,1,0,차대차 - 기타,안전운전불이행,건조,맑음,단일로 - 기타,승용,여,51세,상해없음,승용,남,25세,경상
2021122500100134,2021년 12월 25일 12시,토요일,대전광역시 중구 문화동,경상사고,0,0,2,0,차대차 - 기타,교차로운행방법위반,건조,맑음,교차로 - 교차로안,화물,남,62세,상해없음,화물,남,63세,경상
2021122500100135,2021년 12월 25일 12시,토요일,대전광역시 동구 홍도동,중상사고,0,1,1,0,차대차 - 기타,중앙선침범,건조,맑음,교차로 - 교차로안,자전거,남,74세,중상,원동기,남,51세,경상
2021122500100193,2021년 12월 25일 14시,토요일,대전광역시 중구 문창동,경상사고,0,0,1,0,차대사람 - 기타,안전운전불이행,건조,맑음,단일로 - 기타,승용,남,67세,상해없음,보행자,남,57세,경상
2021122500100194,2021년 12월 25일 14시,토요일,대전광역시 중구 대흥동,경상사고,0,0,1,0,차대차 - 측면충돌,교차로운행방법위반,건조,맑음,교차로 - 교차로안,승용,남,72세,상해없음,승용,남,24세,경상
2021122500100220,2021년 12월 25일 15시,토요일,대전광역시 동구 신안동,경상사고,0,0,1,0,차대차 - 기타,신호위반,건조,맑음,교차로 - 교차로안,승용,여,22세,상해없음,승합,남,35세,경상
2021122500100221,2021년 12월 25일 15시,토요일,대전광역시 서구 월평동,중상사고,0,1,0,0,차대차 - 추돌,안전운전불이행,건조,맑음,교차로 - 교차로횡단보도내,기타불명,기타불명,미분류,기타불명,승용,여,62세,중상
2021122500100243,2021년 12월 25일 16시,토요일,대전광역시 서구 변동,부상신고사고,0,0,0,1,차대차 - 기타,직진우회전진행방해,건조,맑음,교차로 - 교차로안,이륜,남,18세,부상신고,승용,남,62세,상해없음
2021122500100305,2021년 12월 25일 18시,토요일,대전광역시 동구 인동,경상사고,0,0,1,0,차대차 - 기타,안전운전불이행,건조,흐림,단일로 - 기타,승용,남,47세,상해없음,자전거,남,52세,경상
2021122500100334,2021년 12월 25일 19시,토요일,대전광역시 유성구 원내동,경상사고,0,0,1,0,차대차 - 기타,안전운전불이행,건조,맑음,단일로 - 기타,승용,여,32세,상해없음,이륜,남,49세,경상
2021122500100359,2021년 12월 25일 20시,토요일,대전광역시 유성구 화암동,경상사고,0,0,4,0,차대차 - 기타,안전운전불이행,건조,맑음,단일로 - 기타,승용,남,45세,상해없음,승용,남,31세,경상
2021122500100389,2021년 12월 25일 21시,토요일,대전광역시 동구 가양동,경상사고,0,0,1,0,차대차 - 측면충돌,교차로운행방법위반,건조,맑음,단일로 - 기타,승용,남,53세,상해없음,승용,남,23세,경상
2021122600100007,2021년 12월 26일 00시,일요일,대전광역시 중구 유천동,경상사고,0,0,1,0,차대차 - 측면충돌,직진우회전진행방해,건조,맑음,교차로 - 교차로안,승용,남,62세,상해없음,자전거,남,68세,경상
2021122600100008,2021년 12월 26일 00시,일요일,대전광역시 서구 도마동,중상사고,0,1,1,0,차대차 - 기타,안전운전불이행,건조,맑음,교차로 - 교차로안,승용,남,28세,상해없음,승용,여,64세,중상
2021122600100118,2021년 12월 26일 13시,일요일,대전광역시 중구 오류동,중상사고,0,1,0,0,차대차 - 측면충돌,신호위반,건조,맑음,교차로 - 교차로안,승합,남,56세,상해없음,원동기,남,23세,중상
2021122600100149,2021년 12월 26일 14시,일요일,대전광역시 대덕구 오정동,경상사고,0,0,1,0,차대차 - 기타,신호위반,건조,맑음,교차로 - 교차로안,승용,남,21세,상해없음,이륜,남,26세,경상
2021122600100150,2021년 12월 26일 14시,일요일,대전광역시 유성구 도룡동,경상사고,0,0,3,0,차대차 - 기타,안전운전불이행,건조,맑음,교차로 - 교차로부근,승용,남,66세,상해없음,승용,여,50세,경상
2021122600100173,2021년 12월 26일 15시,일요일,대전광역시 서구 도마동,경상사고,0,0,5,0,차대차 - 기타,신호위반,건조,맑음,교차로 - 교차로부근,승용,남,64세,상해없음,승용,남,29세,경상
2021122600100201,2021년 12월 26일 16시,일요일,대전광역시 서구 가장동,경상사고,0,0,1,0,차대사람 - 횡단중,보행자보호의무위반,건조,맑음,교차로 - 교차로횡단보도내,승용,남,66세,기타불명,보행자,여,80세,경상
2021122600100202,2021년 12월 26일 16시,일요일,대전광역시 대덕구 법동,경상사고,0,0,1,0,차대차 - 측면충돌,신호위반,건조,맑음,교차로 - 교차로안,화물,남,59세,상해없음,승용,남,68세,경상
2021122600100221,2021년 12월 26일 17시,일요일,대전광역시 중구 대사동,경상사고,0,0,2,1,차대차 - 기타,안전거리미확보,건조,맑음,교차로 - 교차로횡단보도내,승용,남,56세,부상신고,승용,남,69세,경상
2021122600100222,2021년 12월 26일 17시,일요일,대전광역시 동구 삼성동,경상사고,0,0,1,0,차대차 - 기타,안전거리미확보,건조,맑음,단일로 - 기타,승용,여,24세,상해없음,승용,남,29세,경상
2021122600100261,2021년 12월 26일 18시,일요일,대전광역시 유성구 관평동,경상사고,0,0,1,0,차대차 - 기타,안전운전불이행,건조,맑음,단일로 - 기타,승용,남,52세,상해없음,이륜,남,34세,경상
2021122600100283,2021년 12월 26일 19시,일요일,대전광역시 서구 관저동,중상사고,0,1,0,0,차대차 - 기타,신호위반,건조,맑음,교차로 - 교차로안,승용,남,57세,상해없음,이륜,남,25세,중상
2021122600100356,2021년 12월 26일 22시,일요일,대전광역시 동구 성남동,경상사고,0,0,4,0,차대차 - 정면충돌,안전거리미확보,건조,맑음,단일로 - 기타,승용,여,20세,경상,승용,남,71세,경상
2021122600100357,2021년 12월 26일 22시,일요일,대전광역시 유성구 상대동,경상사고,0,0,1,0,차대차 - 기타,차로위반,건조,맑음,교차로 - 교차로안,승합,남,49세,상해없음,승용,남,37세,경상
2021122700100019,2021년 12월 27일 05시,월요일,대전광역시 유성구 지족동,중상사고,0,1,0,0,차대차 - 기타,신호위반,건조,맑음,교차로 - 교차로안,승용,남,56세,상해없음,승용,남,49세,중상
2021122700100088,2021년 12월 27일 08시,월요일,대전광역시 서구 갈마동,경상사고,0,0,1,0,차대차 - 기타,신호위반,건조,맑음,단일로 - 기타,승용,남,56세,상해없음,자전거,남,78세,경상
2021122700100148,2021년 12월 27일 10시,월요일,대전광역시 유성구 장대동,경상사고,0,0,1,0,차대차 - 기타,안전거리미확보,건조,맑음,단일로 - 기타,승용,여,36세,상해없음,이륜,남,32세,경상
2021122700100178,2021년 12월 27일 11시,월요일,대전광역시 서구 월평동,경상사고,0,0,1,0,차대사람 - 기타,안전운전불이행,건조,맑음,단일로 - 기타,승용,여,57세,상해없음,보행자,남,37세,경상
2021122700100205,2021년 12월 27일 12시,월요일,대전광역시 중구 대흥동,경상사고,0,0,1,0,차대차 - 기타,안전운전불이행,건조,맑음,단일로 - 기타,승용,남,66세,상해없음,승용,여,38세,경상
2021122700100206,2021년 12월 27일 12시,월요일,대전광역시 동구 가양동,경상사고,0,0,1,0,차대차 - 기타,안전운전불이행,건조,맑음,교차로 - 교차로안,승용,남,75세,상해없음,자전거,남,13세,경상
2021122700100207,2021년 12월 27일 12시,월요일,대전광역시 유성구 봉산동,경상사고,0,0,1,0,차대차 - 후진중충돌,안전운전불이행,건조,맑음,단일로 - 기타,승용,여,41세,상해없음,승용,남,23세,경상
2021122700100233,2021년 12월 27일 13시,월요일,대전광역시 중구 석교동,중상사고,0,1,0,0,차대사람 - 기타,안전운전불이행,건조,맑음,교차로 - 교차로안,승용,남,62세,상해없음,보행자,남,51세,중상
2021122700100234,2021년 12월 27일 13시,월요일,대전광역시 동구 낭월동,경상사고,0,0,1,0,차대차 - 기타,신호위반,건조,맑음,교차로 - 교차로안,승용,남,74세,상해없음,화물,남,66세,경상
2021122700100274,2021년 12월 27일 14시,월요일,대전광역시 서구 가수원동,경상사고,0,0,1,0,차대차 - 측면충돌,안전운전불이행,건조,맑음,교차로 - 교차로안,승용,남,86세,상해없음,승합,남,47세,경상
2021122700100345,2021년 12월 27일 16시,월요일,대전광역시 동구 용운동,중상사고,0,1,0,0,차대사람 - 횡단중,안전운전불이행,건조,맑음,단일로 - 기타,이륜,남,29세,상해없음,보행자,여,74세,중상
2021122700100346,2021년 12월 27일 16시,월요일,대전광역시 유성구 어은동,경상사고,0,0,1,0,차대사람 - 횡단중,보행자보호의무위반,건조,맑음,교차로 - 교차로부근,승용,남,70세,상해없음,보행자,여,23세,경상
2021122700100427,2021년 12월 27일 18시,월요일,대전광역시 유성구 하기동,중상사고,0,1,0,0,차대차 - 기타,안전운전불이행,건조,맑음,기타 - 기타,승용,여,28세,상해없음,자전거,남,61세,중상
2021122700100467,2021년 12월 27일 19시,월요일,대전광역시 동구 성남동,경상사고,0,0,1,0,차대차 - 기타,안전운전불이행,젖음/습기,눈,교차로 - 교차로부근,승용,여,49세,상해없음,이륜,남,28세,경상
2021122700100500,2021년 12월 27일 20시,월요일,대전광역시 유성구 구암동,경상사고,0,0,2,0,차대차 - 측면충돌,교차로운행방법위반,건조,맑음,교차로 - 교차로안,승용,남,42세,경상,승용,남,63세,경상
2021122700100536,2021년 12월 27일 21시,월요일,대전광역시 유성구 방동,중상사고,0,1,0,0,차대차 - 후진중충돌,안전운전불이행,건조,맑음,단일로 - 기타,이륜,남,21세,중상,승용,여,58세,상해없음
2021122700100579,2021년 12월 27일 23시,월요일,대전광역시 서구 탄방동,중상사고,0,1,0,0,차량단독 - 전도전복 - 전도,안전운전불이행,서리/결빙,눈,교차로 - 교차로부근,이륜,남,29세,중상,,,,
2021122800100013,2021년 12월 28일 01시,화요일,대전광역시 유성구 구암동,경상사고,0,0,3,0,차대차 - 추돌,안전운전불이행,건조,맑음,단일로 - 기타,승용,남,51세,상해없음,승용,남,54세,경상
2021122800100141,2021년 12월 28일 09시,화요일,대전광역시 대덕구 덕암동,경상사고,0,0,3,0,차대차 - 측면충돌,안전운전불이행,건조,맑음,교차로 - 교차로안,승용,여,59세,상해없음,특수,남,40세,경상
2021122800100142,2021년 12월 28일 09시,화요일,대전광역시 대덕구 상서동,경상사고,0,0,2,0,차대차 - 측면충돌,안전거리미확보,건조,맑음,단일로 - 기타,승용,남,35세,상해없음,승용,여,47세,경상
2021122800100143,2021년 12월 28일 09시,화요일,대전광역시 서구 월평동,경상사고,0,0,1,0,차대차 - 측면충돌,신호위반,건조,맑음,교차로 - 교차로안,승용,남,43세,상해없음,화물,남,53세,상해없음
2021122800100144,2021년 12월 28일 09시,화요일,대전광역시 유성구 원내동,경상사고,0,0,1,0,차대차 - 기타,안전거리미확보,건조,맑음,단일로 - 기타,화물,남,63세,상해없음,승용,남,76세,경상
2021122800100165,2021년 12월 28일 10시,화요일,대전광역시 동구 인동,경상사고,0,0,1,0,차대차 - 기타,불법유턴,건조,맑음,교차로 - 교차로안,자전거,여,49세,경상,화물,남,54세,상해없음
2021122800100237,2021년 12월 28일 13시,화요일,대전광역시 중구 유천동,경상사고,0,0,1,0,차대차 - 기타,안전운전불이행,건조,맑음,단일로 - 기타,승용,남,45세,상해없음,자전거,남,15세,경상
2021122800100399,2021년 12월 28일 18시,화요일,대전광역시 동구 낭월동,경상사고,0,0,1,0,차대사람 - 기타,안전운전불이행,건조,맑음,단일로 - 기타,이륜,남,24세,상해없음,보행자,여,42세,경상
2021122800100401,2021년 12월 28일 18시,화요일,대전광역시 서구 월평동,중상사고,0,2,0,0,차대차 - 기타,신호위반,건조,맑음,교차로 - 교차로안,이륜,남,51세,중상,이륜,남,27세,중상
2021122800100438,2021년 12월 28일 19시,화요일,대전광역시 서구 둔산동,경상사고,0,0,3,0,차대차 - 추돌,안전운전불이행,건조,맑음,단일로 - 기타,승용,남,37세,상해없음,승용,남,34세,경상
2021122800100439,2021년 12월 28일 19시,화요일,대전광역시 서구 월평동,경상사고,0,0,1,0,차대차 - 기타,안전운전불이행,건조,맑음,교차로 - 교차로안,화물,남,59세,상해없음,이륜,남,48세,경상
2021122800100440,2021년 12월 28일 19시,화요일,대전광역시 유성구 봉명동,경상사고,0,0,1,0,차대사람 - 차도통행중,중앙선침범,건조,맑음,단일로 - 기타,개인형이동수단(PM),남,19세,상해없음,보행자,남,71세,경상
2021122800100466,2021년 12월 28일 20시,화요일,대전광역시 대덕구 목상동,경상사고,0,0,3,0,차대차 - 추돌,안전운전불이행,건조,맑음,단일로 - 기타,승용,남,36세,상해없음,화물,남,64세,경상
2021122800100503,2021년 12월 28일 21시,화요일,대전광역시 동구 용전동,중상사고,0,1,0,0,차대사람 - 횡단중,안전운전불이행,건조,맑음,단일로 - 기타,이륜,남,64세,상해없음,보행자,여,52세,중상
2021122800100504,2021년 12월 28일 21시,화요일,대전광역시 서구 괴정동,경상사고,0,0,1,0,차대차 - 기타,중앙선침범,건조,맑음,단일로 - 기타,승용,남,24세,상해없음,이륜,남,26세,경상
2021122800100505,2021년 12월 28일 21시,화요일,대전광역시 유성구 하기동,경상사고,0,0,1,0,차대차 - 측면충돌,안전거리미확보,건조,맑음,단일로 - 기타,화물,남,49세,상해없음,승용,남,55세,경상
2021122800100535,2021년 12월 28일 22시,화요일,대전광역시 서구 괴정동,경상사고,0,0,1,0,차대차 - 추돌,안전운전불이행,건조,기타,교차로 - 교차로횡단보도내,승용,남,42세,상해없음,승용,여,51세,경상
2021122800100549,2021년 12월 28일 23시,화요일,대전광역시 서구 관저동,사망사고,1,0,0,0,차대사람 - 기타,안전운전불이행,건조,맑음,단일로 - 기타,승용,남,46세,상해없음,보행자,남,45세,사망
2021122900100006,2021년 12월 29일 00시,수요일,대전광역시 유성구 봉명동,경상사고,0,0,2,0,차대차 - 측면충돌,안전운전불이행,건조,맑음,교차로 - 교차로안,기타불명,기타불명,미분류,기타불명,승용,여,28세,경상
2021122900100111,2021년 12월 29일 09시,수요일,대전광역시 서구 괴정동,경상사고,0,0,1,0,차대차 - 기타,안전운전불이행,건조,맑음,교차로 - 교차로부근,승용,남,50세,상해없음,이륜,남,36세,경상
2021122900100133,2021년 12월 29일 10시,수요일,대전광역시 서구 둔산동,경상사고,0,0,2,0,차대차 - 추돌,안전운전불이행,건조,맑음,단일로 - 기타,승용,여,54세,상해없음,화물,남,28세,경상
2021122900100163,2021년 12월 29일 11시,수요일,대전광역시 유성구 봉명동,경상사고,0,0,1,0,차대차 - 기타,안전운전불이행,건조,맑음,단일로 - 기타,승용,남,49세,상해없음,승용,여,39세,경상
2021122900100191,2021년 12월 29일 12시,수요일,대전광역시 서구 도마동,중상사고,0,1,2,0,차대차 - 기타,안전운전불이행,건조,맑음,교차로 - 교차로부근,화물,남,64세,상해없음,승용,여,59세,경상
2021122900100219,2021년 12월 29일 13시,수요일,대전광역시 중구 중촌동,경상사고,0,0,1,0,차대사람 - 기타,기타,건조,맑음,교차로 - 교차로부근,화물,남,42세,상해없음,보행자,여,66세,경상
2021122900100250,2021년 12월 29일 14시,수요일,대전광역시 중구 유천동,경상사고,0,0,1,0,차대사람 - 횡단중,안전운전불이행,건조,맑음,단일로 - 기타,화물,남,74세,상해없음,보행자,여,12세,경상
2021122900100321,2021년 12월 29일 16시,수요일,대전광역시 서구 관저동,경상사고,0,0,2,0,차대차 - 기타,안전운전불이행,건조,맑음,단일로 - 기타,승용,남,52세,상해없음,승용,여,59세,경상
2021122900100366,2021년 12월 29일 17시,수요일,대전광역시 유성구 가정동,경상사고,0,0,1,0,차대차 - 기타,안전운전불이행,젖음/습기,흐림,교차로 - 교차로부근,승용,남,55세,상해없음,승용,남,37세,경상
2021122900100438,2021년 12월 29일 18시,수요일,대전광역시 유성구 원내동,경상사고,0,0,1,0,차대차 - 후진중충돌,안전운전불이행,건조,맑음,교차로 - 교차로안,승용,남,75세,기타불명,승용,남,44세,경상
2021122900100534,2021년 12월 29일 21시,수요일,대전광역시 서구 둔산동,경상사고,0,0,1,0,차대사람 - 기타,안전운전불이행,건조,맑음,교차로 - 교차로부근,승용,여,42세,상해없음,보행자,남,27세,경상
2021122900100564,2021년 12월 29일 23시,수요일,대전광역시 서구 괴정동,경상사고,0,0,1,0,차대차 - 후진중충돌,안전운전불이행,건조,맑음,단일로 - 기타,승용,여,28세,상해없음,승용,남,35세,경상
2021123000100082,2021년 12월 30일 08시,목요일,대전광역시 중구 문창동,경상사고,0,0,1,0,차대차 - 측면충돌,교차로운행방법위반,건조,맑음,교차로 - 교차로안,승용,여,45세,상해없음,승용,여,40세,경상
2021123000100083,2021년 12월 30일 08시,목요일,대전광역시 서구 내동,중상사고,0,1,0,0,차대사람 - 기타,신호위반,건조,맑음,단일로 - 기타,승용,남,41세,상해없음,보행자,여,15세,중상
2021123000100084,2021년 12월 30일 08시,목요일,대전광역시 서구 둔산동,중상사고,0,1,0,0,차대차 - 측면충돌,안전운전불이행,건조,맑음,교차로 - 교차로안,화물,남,57세,상해없음,승용,여,40세,중상
2021123000100132,2021년 12월 30일 10시,목요일,대전광역시 중구 산성동,경상사고,0,0,1,0,차대차 - 측면충돌,안전운전불이행,건조,맑음,교차로 - 교차로안,승용,여,42세,상해없음,이륜,남,80세,경상
2021123000100263,2021년 12월 30일 14시,목요일,대전광역시 중구 선화동,경상사고,0,0,1,0,차대차 - 측면충돌,직진우회전진행방해,건조,맑음,교차로 - 교차로안,승용,여,50세,상해없음,이륜,남,24세,경상
2021123000100288,2021년 12월 30일 15시,목요일,대전광역시 유성구 봉명동,중상사고,0,1,0,0,차대사람 - 기타,안전운전불이행,젖음/습기,기타,기타 - 기타,자전거,남,17세,상해없음,보행자,남,61세,중상
2021123000100373,2021년 12월 30일 17시,목요일,대전광역시 중구 부사동,경상사고,0,0,1,0,차대차 - 기타,안전거리미확보,젖음/습기,눈,단일로 - 기타,기타불명,기타불명,미분류,기타불명,승합,남,36세,상해없음
2021123000100374,2021년 12월 30일 17시,목요일,대전광역시 동구 판암동,경상사고,0,0,2,0,차대차 - 기타,중앙선침범,적설,눈,교차로 - 교차로부근,승용,남,50세,상해없음,승용,남,35세,경상
2021123000100441,2021년 12월 30일 18시,목요일,대전광역시 유성구 관평동,중상사고,0,1,0,0,차대사람 - 보도통행중,보행자보호의무위반,젖음/습기,눈,교차로 - 교차로횡단보도내,승용,여,48세,상해없음,보행자,남,45세,중상
2021123000100491,2021년 12월 30일 19시,목요일,대전광역시 서구 월평동,경상사고,0,0,1,0,차대사람 - 기타,안전운전불이행,젖음/습기,눈,단일로 - 기타,승용,남,21세,상해없음,보행자,여,45세,경상
2021123000100492,2021년 12월 30일 19시,목요일,대전광역시 유성구 용계동,경상사고,0,0,1,0,차대차 - 추돌,안전운전불이행,적설,눈,교차로 - 교차로부근,승용,남,18세,상해없음,승용,남,30세,경상
2021123000100537,2021년 12월 30일 20시,목요일,대전광역시 중구 태평동,경상사고,0,0,2,0,차대차 - 기타,안전운전불이행,건조,맑음,교차로 - 교차로안,화물,남,62세,경상,승용,여,73세,경상
2021123000100538,2021년 12월 30일 20시,목요일,대전광역시 서구 둔산동,경상사고,0,0,1,0,차대차 - 측면충돌,교차로운행방법위반,건조,맑음,교차로 - 교차로안,승용,남,27세,상해없음,승용,여,23세,경상
2021123000100590,2021년 12월 30일 21시,목요일,대전광역시 대덕구 법동,경상사고,0,0,2,0,차대차 - 추돌,안전운전불이행,건조,맑음,단일로 - 기타,승용,남,30세,상해없음,승용,여,21세,경상
2021123000100607,2021년 12월 30일 22시,목요일,대전광역시 중구 산성동,경상사고,0,0,1,0,차대차 - 추돌,안전운전불이행,건조,맑음,단일로 - 기타,승용,남,46세,상해없음,승합,남,55세,경상
2021123000100616,2021년 12월 30일 23시,목요일,대전광역시 대덕구 오정동,경상사고,0,0,1,0,차대차 - 추돌,안전운전불이행,건조,맑음,단일로 - 기타,승용,남,28세,상해없음,승용,남,32세,경상
2021123100100051,2021년 12월 31일 07시,금요일,대전광역시 서구 둔산동,사망사고,1,0,0,0,차대사람 - 횡단중,기타,건조,맑음,단일로 - 기타,승용,남,64세,상해없음,보행자,여,79세,사망
2021123100100052,2021년 12월 31일 07시,금요일,대전광역시 유성구 장대동,경상사고,0,0,1,0,차대차 - 측면충돌,신호위반,건조,맑음,교차로 - 교차로안,승용,여,34세,상해없음,승용,남,52세,경상
2021123100100075,2021년 12월 31일 08시,금요일,대전광역시 동구 삼성동,중상사고,0,1,0,0,차대사람 - 횡단중,안전운전불이행,건조,맑음,단일로 - 기타,이륜,남,61세,상해없음,보행자,여,64세,중상
2021123100100076,2021년 12월 31일 08시,금요일,대전광역시 서구 변동,경상사고,0,0,5,0,차대차 - 추돌,안전운전불이행,건조,맑음,단일로 - 기타,승용,남,75세,상해없음,승용,남,61세,경상
2021123100100077,2021년 12월 31일 08시,금요일,대전광역시 유성구 궁동,경상사고,0,0,1,0,차대차 - 추돌,안전운전불이행,건조,맑음,교차로 - 교차로부근,승용,남,57세,기타불명,승용,여,38세,경상
2021123100100181,2021년 12월 31일 12시,금요일,대전광역시 동구 용전동,경상사고,0,0,1,0,차대사람 - 차도통행중,안전운전불이행,건조,맑음,교차로 - 교차로안,승용,남,35세,상해없음,보행자,남,57세,경상
2021123100100182,2021년 12월 31일 12시,금요일,대전광역시 서구 관저동,경상사고,0,0,1,0,차대차 - 추돌,안전운전불이행,건조,맑음,교차로 - 교차로안,승용,여,29세,상해없음,승용,남,34세,경상
2021123100100219,2021년 12월 31일 13시,금요일,대전광역시 서구 가수원동,중상사고,0,1,1,0,차대사람 - 횡단중,신호위반,건조,맑음,교차로 - 교차로횡단보도내,승용,남,41세,상해없음,보행자,여,20세,중상
2021123100100220,2021년 12월 31일 13시,금요일,대전광역시 서구 괴정동,경상사고,0,0,1,0,차대차 - 후진중충돌,안전운전불이행,건조,맑음,단일로 - 기타,화물,남,64세,상해없음,승용,남,31세,경상
2021123100100269,2021년 12월 31일 14시,금요일,대전광역시 유성구 궁동,중상사고,0,1,0,0,차대사람 - 기타,보행자보호의무위반,건조,맑음,교차로 - 교차로안,승용,여,61세,상해없음,보행자,남,71세,중상
2021123100100351,2021년 12월 31일 16시,금요일,대전광역시 유성구 장대동,경상사고,0,0,1,0,차대차 - 측면충돌,안전운전불이행,건조,맑음,교차로 - 교차로횡단보도내,승용,남,56세,상해없음,자전거,남,65세,경상
2021123100100352,2021년 12월 31일 16시,금요일,대전광역시 유성구 덕명동,경상사고,0,0,1,0,차대차 - 기타,교차로운행방법위반,서리/결빙,맑음,교차로 - 교차로안,승용,여,59세,기타불명,승용,남,59세,경상
2021123100100469,2021년 12월 31일 18시,금요일,대전광역시 중구 태평동,경상사고,0,0,1,0,차대차 - 추돌,안전운전불이행,건조,맑음,단일로 - 기타,승용,남,47세,상해없음,승용,남,42세,경상
2021123100100470,2021년 12월 31일 18시,금요일,대전광역시 중구 대사동,경상사고,0,0,1,0,차대차 - 측면충돌,차로위반,건조,맑음,교차로 - 교차로부근,승용,남,47세,상해없음,승용,남,60세,경상
2021123100100471,2021년 12월 31일 18시,금요일,대전광역시 서구 둔산동,중상사고,0,1,0,0,차대사람 - 길가장자리구역통행중,안전운전불이행,건조,맑음,단일로 - 기타,승용,남,22세,상해없음,보행자,남,36세,중상
2021123100100472,2021년 12월 31일 18시,금요일,대전광역시 유성구 송강동,경상사고,0,0,1,0,차대차 - 측면충돌,안전운전불이행,건조,맑음,기타 - 기타,화물,남,55세,상해없음,승용,남,29세,경상
2021123100100527,2021년 12월 31일 19시,금요일,대전광역시 중구 대흥동,경상사고,0,0,2,0,차대차 - 추돌,안전운전불이행,건조,맑음,단일로 - 기타,승용,남,19세,상해없음,승용,남,23세,경상
2021123100100640,2021년 12월 31일 23시,금요일,대전광역시 유성구 원신흥동,경상사고,0,0,3,0,차대차 - 측면충돌,안전운전불이행,건조,맑음,교차로 - 교차로안,승용,남,49세,상해없음,승용,남,56세,경상